sample_id,compuesto_id,abundancia,unidad
ghosh2022_tomato_control_r01,ghosh2022_tomato_cmp001,0.026746892,relative_to_internal_standard
ghosh2022_tomato_control_r02,ghosh2022_tomato_cmp001,0.030281864,relative_to_internal_standard
ghosh2022_tomato_control_r03,ghosh2022_tomato_cmp001,0.020122753,relative_to_internal_standard
ghosh2022_tomato_control_r04,ghosh2022_tomato_cmp001,0.011847095,relative_to_internal_standard
ghosh2022_tomato_control_r05,ghosh2022_tomato_cmp001,0.049079181,relative_to_internal_standard
ghosh2022_tomato_healthy_whitefly_r01,ghosh2022_tomato_cmp001,0.000634862,relative_to_internal_standard
ghosh2022_tomato_healthy_whitefly_r02,ghosh2022_tomato_cmp001,0.00072,relative_to_internal_standard
ghosh2022_tomato_healthy_whitefly_r03,ghosh2022_tomato_cmp001,0.000347176,relative_to_internal_standard
ghosh2022_tomato_healthy_whitefly_r04,ghosh2022_tomato_cmp001,0.000413811,relative_to_internal_standard
ghosh2022_tomato_healthy_whitefly_r05,ghosh2022_tomato_cmp001,0.000698875,relative_to_internal_standard
ghosh2022_tomato_virus_r01,ghosh2022_tomato_cmp001,0.000322611,relative_to_internal_standard
ghosh2022_tomato_virus_r02,ghosh2022_tomato_cmp001,0.000448716,relative_to_internal_standard
ghosh2022_tomato_virus_r03,ghosh2022_tomato_cmp001,0.000334392,relative_to_internal_standard
ghosh2022_tomato_virus_r04,ghosh2022_tomato_cmp001,0.000583128,relative_to_internal_standard
ghosh2022_tomato_virus_r05,ghosh2022_tomato_cmp001,0.000416679,relative_to_internal_standard
ghosh2022_tomato_control_r01,ghosh2022_tomato_cmp002,0.003710478,relative_to_internal_standard
ghosh2022_tomato_control_r02,ghosh2022_tomato_cmp002,0.003702918,relative_to_internal_standard
ghosh2022_tomato_control_r03,ghosh2022_tomato_cmp002,0.001544765,relative_to_internal_standard
ghosh2022_tomato_control_r04,ghosh2022_tomato_cmp002,0.003226345,relative_to_internal_standard
ghosh2022_tomato_control_r05,ghosh2022_tomato_cmp002,0.003898247,relative_to_internal_standard
ghosh2022_tomato_healthy_whitefly_r01,ghosh2022_tomato_cmp002,0.020281367,relative_to_internal_standard
ghosh2022_tomato_healthy_whitefly_r02,ghosh2022_tomato_cmp002,0.022501353,relative_to_internal_standard
ghosh2022_tomato_healthy_whitefly_r03,ghosh2022_tomato_cmp002,0.009462147,relative_to_internal_standard
ghosh2022_tomato_healthy_whitefly_r04,ghosh2022_tomato_cmp002,0.012381488,relative_to_internal_standard
ghosh2022_tomato_healthy_whitefly_r05,ghosh2022_tomato_cmp002,0.015200346,relative_to_internal_standard
ghosh2022_tomato_virus_r01,ghosh2022_tomato_cmp002,0.016007302,relative_to_internal_standard
ghosh2022_tomato_virus_r02,ghosh2022_tomato_cmp002,0.013559564,relative_to_internal_standard
ghosh2022_tomato_virus_r03,ghosh2022_tomato_cmp002,0.015568416,relative_to_internal_standard
ghosh2022_tomato_virus_r04,ghosh2022_tomato_cmp002,0.01750781,relative_to_internal_standard
ghosh2022_tomato_virus_r05,ghosh2022_tomato_cmp002,0.030977451,relative_to_internal_standard
ghosh2022_tomato_control_r01,ghosh2022_tomato_cmp003,0.004919782,relative_to_internal_standard
ghosh2022_tomato_control_r02,ghosh2022_tomato_cmp003,0.005067841,relative_to_internal_standard
ghosh2022_tomato_control_r03,ghosh2022_tomato_cmp003,0.005790648,relative_to_internal_standard
ghosh2022_tomato_control_r04,ghosh2022_tomato_cmp003,0.00312337,relative_to_internal_standard
ghosh2022_tomato_control_r05,ghosh2022_tomato_cmp003,0.004910522,relative_to_internal_standard
ghosh2022_tomato_healthy_whitefly_r01,ghosh2022_tomato_cmp003,0.003932005,relative_to_internal_standard
ghosh2022_tomato_healthy_whitefly_r02,ghosh2022_tomato_cmp003,0.003455563,relative_to_internal_standard
ghosh2022_tomato_healthy_whitefly_r03,ghosh2022_tomato_cmp003,0.005055878,relative_to_internal_standard
ghosh2022_tomato_healthy_whitefly_r04,ghosh2022_tomato_cmp003,0.002250182,relative_to_internal_standard
ghosh2022_tomato_healthy_whitefly_r05,ghosh2022_tomato_cmp003,0.003809534,relative_to_internal_standard
ghosh2022_tomato_virus_r01,ghosh2022_tomato_cmp003,0.002313758,relative_to_internal_standard
ghosh2022_tomato_virus_r02,ghosh2022_tomato_cmp003,0.002023564,relative_to_internal_standard
ghosh2022_tomato_virus_r03,ghosh2022_tomato_cmp003,0.002097574,relative_to_internal_standard
ghosh2022_tomato_virus_r04,ghosh2022_tomato_cmp003,0.001474647,relative_to_internal_standard
ghosh2022_tomato_virus_r05,ghosh2022_tomato_cmp003,0.002415368,relative_to_internal_standard
ghosh2022_tomato_control_r01,ghosh2022_tomato_cmp004,0.002212922,relative_to_internal_standard
ghosh2022_tomato_control_r02,ghosh2022_tomato_cmp004,0.001754043,relative_to_internal_standard
ghosh2022_tomato_control_r03,ghosh2022_tomato_cmp004,0.003517311,relative_to_internal_standard
ghosh2022_tomato_control_r04,ghosh2022_tomato_cmp004,0.000796783,relative_to_internal_standard
ghosh2022_tomato_control_r05,ghosh2022_tomato_cmp004,0.002520016,relative_to_internal_standard
ghosh2022_tomato_healthy_whitefly_r01,ghosh2022_tomato_cmp004,0.004269332,relative_to_internal_standard
ghosh2022_tomato_healthy_whitefly_r02,ghosh2022_tomato_cmp004,0.005397323,relative_to_internal_standard
ghosh2022_tomato_healthy_whitefly_r03,ghosh2022_tomato_cmp004,0.005483289,relative_to_internal_standard
ghosh2022_tomato_healthy_whitefly_r04,ghosh2022_tomato_cmp004,0.004598489,relative_to_internal_standard
ghosh2022_tomato_healthy_whitefly_r05,ghosh2022_tomato_cmp004,0.007238361,relative_to_internal_standard
ghosh2022_tomato_virus_r01,ghosh2022_tomato_cmp004,0.005224928,relative_to_internal_standard
ghosh2022_tomato_virus_r02,ghosh2022_tomato_cmp004,0.005461038,relative_to_internal_standard
ghosh2022_tomato_virus_r03,ghosh2022_tomato_cmp004,0.004389942,relative_to_internal_standard
ghosh2022_tomato_virus_r04,ghosh2022_tomato_cmp004,0.004129589,relative_to_internal_standard
ghosh2022_tomato_virus_r05,ghosh2022_tomato_cmp004,0.008161015,relative_to_internal_standard
ghosh2022_tomato_control_r01,ghosh2022_tomato_cmp005,0.024236136,relative_to_internal_standard
ghosh2022_tomato_control_r02,ghosh2022_tomato_cmp005,0.043682455,relative_to_internal_standard
ghosh2022_tomato_control_r03,ghosh2022_tomato_cmp005,0.011971868,relative_to_internal_standard
ghosh2022_tomato_control_r04,ghosh2022_tomato_cmp005,0.030448233,relative_to_internal_standard
ghosh2022_tomato_control_r05,ghosh2022_tomato_cmp005,0.043347799,relative_to_internal_standard
ghosh2022_tomato_healthy_whitefly_r01,ghosh2022_tomato_cmp005,0.008038139,relative_to_internal_standard
ghosh2022_tomato_healthy_whitefly_r02,ghosh2022_tomato_cmp005,0.003396873,relative_to_internal_standard
ghosh2022_tomato_healthy_whitefly_r03,ghosh2022_tomato_cmp005,0.010408666,relative_to_internal_standard
ghosh2022_tomato_healthy_whitefly_r04,ghosh2022_tomato_cmp005,0.015039292,relative_to_internal_standard
ghosh2022_tomato_healthy_whitefly_r05,ghosh2022_tomato_cmp005,0.001611795,relative_to_internal_standard
ghosh2022_tomato_virus_r01,ghosh2022_tomato_cmp005,0.012087895,relative_to_internal_standard
ghosh2022_tomato_virus_r02,ghosh2022_tomato_cmp005,0.00898706,relative_to_internal_standard
ghosh2022_tomato_virus_r03,ghosh2022_tomato_cmp005,0.009730431,relative_to_internal_standard
ghosh2022_tomato_virus_r04,ghosh2022_tomato_cmp005,0.009044437,relative_to_internal_standard
ghosh2022_tomato_virus_r05,ghosh2022_tomato_cmp005,0.007988558,relative_to_internal_standard
ghosh2022_tomato_control_r01,ghosh2022_tomato_cmp006,0.018748407,relative_to_internal_standard
ghosh2022_tomato_control_r02,ghosh2022_tomato_cmp006,0.035300633,relative_to_internal_standard
ghosh2022_tomato_control_r03,ghosh2022_tomato_cmp006,0.037308052,relative_to_internal_standard
ghosh2022_tomato_control_r04,ghosh2022_tomato_cmp006,0.027310836,relative_to_internal_standard
ghosh2022_tomato_control_r05,ghosh2022_tomato_cmp006,0.028841507,relative_to_internal_standard
ghosh2022_tomato_healthy_whitefly_r01,ghosh2022_tomato_cmp006,0.038778291,relative_to_internal_standard
ghosh2022_tomato_healthy_whitefly_r02,ghosh2022_tomato_cmp006,0.04261559,relative_to_internal_standard
ghosh2022_tomato_healthy_whitefly_r03,ghosh2022_tomato_cmp006,0.048851763,relative_to_internal_standard
ghosh2022_tomato_healthy_whitefly_r04,ghosh2022_tomato_cmp006,0.050710622,relative_to_internal_standard
ghosh2022_tomato_healthy_whitefly_r05,ghosh2022_tomato_cmp006,0.038772481,relative_to_internal_standard
ghosh2022_tomato_virus_r01,ghosh2022_tomato_cmp006,0.018835601,relative_to_internal_standard
ghosh2022_tomato_virus_r02,ghosh2022_tomato_cmp006,0.033938414,relative_to_internal_standard
ghosh2022_tomato_virus_r03,ghosh2022_tomato_cmp006,0.025764172,relative_to_internal_standard
ghosh2022_tomato_virus_r04,ghosh2022_tomato_cmp006,0.028610917,relative_to_internal_standard
ghosh2022_tomato_virus_r05,ghosh2022_tomato_cmp006,0.028756613,relative_to_internal_standard
ghosh2022_tomato_control_r01,ghosh2022_tomato_cmp007,0.009995968,relative_to_internal_standard
ghosh2022_tomato_control_r02,ghosh2022_tomato_cmp007,0.005063562,relative_to_internal_standard
ghosh2022_tomato_control_r03,ghosh2022_tomato_cmp007,0.001291025,relative_to_internal_standard
ghosh2022_tomato_control_r04,ghosh2022_tomato_cmp007,0.007832256,relative_to_internal_standard
ghosh2022_tomato_control_r05,ghosh2022_tomato_cmp007,0.002723722,relative_to_internal_standard
ghosh2022_tomato_healthy_whitefly_r01,ghosh2022_tomato_cmp007,0.013782776,relative_to_internal_standard
ghosh2022_tomato_healthy_whitefly_r02,ghosh2022_tomato_cmp007,0.019954774,relative_to_internal_standard
ghosh2022_tomato_healthy_whitefly_r03,ghosh2022_tomato_cmp007,0.004151203,relative_to_internal_standard
ghosh2022_tomato_healthy_whitefly_r04,ghosh2022_tomato_cmp007,0.013828456,relative_to_internal_standard
ghosh2022_tomato_healthy_whitefly_r05,ghosh2022_tomato_cmp007,0.008722844,relative_to_internal_standard
ghosh2022_tomato_virus_r01,ghosh2022_tomato_cmp007,0.016187344,relative_to_internal_standard
ghosh2022_tomato_virus_r02,ghosh2022_tomato_cmp007,0.01188599,relative_to_internal_standard
ghosh2022_tomato_virus_r03,ghosh2022_tomato_cmp007,0.013471645,relative_to_internal_standard
ghosh2022_tomato_virus_r04,ghosh2022_tomato_cmp007,0.020126071,relative_to_internal_standard
ghosh2022_tomato_virus_r05,ghosh2022_tomato_cmp007,0.028876332,relative_to_internal_standard
ghosh2022_tomato_control_r01,ghosh2022_tomato_cmp008,0.008147017,relative_to_internal_standard
ghosh2022_tomato_control_r02,ghosh2022_tomato_cmp008,0.009218602,relative_to_internal_standard
ghosh2022_tomato_control_r03,ghosh2022_tomato_cmp008,0.01100708,relative_to_internal_standard
ghosh2022_tomato_control_r04,ghosh2022_tomato_cmp008,0.006560368,relative_to_internal_standard
ghosh2022_tomato_control_r05,ghosh2022_tomato_cmp008,0.01089433,relative_to_internal_standard
ghosh2022_tomato_healthy_whitefly_r01,ghosh2022_tomato_cmp008,0.01016662,relative_to_internal_standard
ghosh2022_tomato_healthy_whitefly_r02,ghosh2022_tomato_cmp008,0.012872237,relative_to_internal_standard
ghosh2022_tomato_healthy_whitefly_r03,ghosh2022_tomato_cmp008,0.018436811,relative_to_internal_standard
ghosh2022_tomato_healthy_whitefly_r04,ghosh2022_tomato_cmp008,0.008191113,relative_to_internal_standard
ghosh2022_tomato_healthy_whitefly_r05,ghosh2022_tomato_cmp008,0.015521857,relative_to_internal_standard
ghosh2022_tomato_virus_r01,ghosh2022_tomato_cmp008,0.012896879,relative_to_internal_standard
ghosh2022_tomato_virus_r02,ghosh2022_tomato_cmp008,0.022415511,relative_to_internal_standard
ghosh2022_tomato_virus_r03,ghosh2022_tomato_cmp008,0.0138703,relative_to_internal_standard
ghosh2022_tomato_virus_r04,ghosh2022_tomato_cmp008,0.012072188,relative_to_internal_standard
ghosh2022_tomato_virus_r05,ghosh2022_tomato_cmp008,0.02017457,relative_to_internal_standard
ghosh2022_tomato_control_r01,ghosh2022_tomato_cmp009,0.02613916,relative_to_internal_standard
ghosh2022_tomato_control_r02,ghosh2022_tomato_cmp009,0.027738384,relative_to_internal_standard
ghosh2022_tomato_control_r03,ghosh2022_tomato_cmp009,0.024107814,relative_to_internal_standard
ghosh2022_tomato_control_r04,ghosh2022_tomato_cmp009,0.018125715,relative_to_internal_standard
ghosh2022_tomato_control_r05,ghosh2022_tomato_cmp009,0.022524595,relative_to_internal_standard
ghosh2022_tomato_healthy_whitefly_r01,ghosh2022_tomato_cmp009,0.018644398,relative_to_internal_standard
ghosh2022_tomato_healthy_whitefly_r02,ghosh2022_tomato_cmp009,0.030390343,relative_to_internal_standard
ghosh2022_tomato_healthy_whitefly_r03,ghosh2022_tomato_cmp009,0.034902974,relative_to_internal_standard
ghosh2022_tomato_healthy_whitefly_r04,ghosh2022_tomato_cmp009,0.012816331,relative_to_internal_standard
ghosh2022_tomato_healthy_whitefly_r05,ghosh2022_tomato_cmp009,0.014420089,relative_to_internal_standard
ghosh2022_tomato_virus_r01,ghosh2022_tomato_cmp009,0.032399583,relative_to_internal_standard
ghosh2022_tomato_virus_r02,ghosh2022_tomato_cmp009,0.036576471,relative_to_internal_standard
ghosh2022_tomato_virus_r03,ghosh2022_tomato_cmp009,0.030560632,relative_to_internal_standard
ghosh2022_tomato_virus_r04,ghosh2022_tomato_cmp009,0.030723955,relative_to_internal_standard
ghosh2022_tomato_virus_r05,ghosh2022_tomato_cmp009,0.064726384,relative_to_internal_standard
ghosh2022_tomato_control_r01,ghosh2022_tomato_cmp010,0.296350364,relative_to_internal_standard
ghosh2022_tomato_control_r02,ghosh2022_tomato_cmp010,0.303726526,relative_to_internal_standard
ghosh2022_tomato_control_r03,ghosh2022_tomato_cmp010,0.4201506,relative_to_internal_standard
ghosh2022_tomato_control_r04,ghosh2022_tomato_cmp010,0.235433526,relative_to_internal_standard
ghosh2022_tomato_control_r05,ghosh2022_tomato_cmp010,0.435901797,relative_to_internal_standard
ghosh2022_tomato_healthy_whitefly_r01,ghosh2022_tomato_cmp010,0.416940174,relative_to_internal_standard
ghosh2022_tomato_healthy_whitefly_r02,ghosh2022_tomato_cmp010,0.449818651,relative_to_internal_standard
ghosh2022_tomato_healthy_whitefly_r03,ghosh2022_tomato_cmp010,0.632500027,relative_to_internal_standard
ghosh2022_tomato_healthy_whitefly_r04,ghosh2022_tomato_cmp010,0.368406725,relative_to_internal_standard
ghosh2022_tomato_healthy_whitefly_r05,ghosh2022_tomato_cmp010,0.634923705,relative_to_internal_standard
ghosh2022_tomato_virus_r01,ghosh2022_tomato_cmp010,0.453517499,relative_to_internal_standard
ghosh2022_tomato_virus_r02,ghosh2022_tomato_cmp010,0.412370737,relative_to_internal_standard
ghosh2022_tomato_virus_r03,ghosh2022_tomato_cmp010,0.493179296,relative_to_internal_standard
ghosh2022_tomato_virus_r04,ghosh2022_tomato_cmp010,0.359788863,relative_to_internal_standard
ghosh2022_tomato_virus_r05,ghosh2022_tomato_cmp010,0.66060137,relative_to_internal_standard
ghosh2022_tomato_control_r01,ghosh2022_tomato_cmp011,0.790744519,relative_to_internal_standard
ghosh2022_tomato_control_r02,ghosh2022_tomato_cmp011,0.902594273,relative_to_internal_standard
ghosh2022_tomato_control_r03,ghosh2022_tomato_cmp011,0.598373736,relative_to_internal_standard
ghosh2022_tomato_control_r04,ghosh2022_tomato_cmp011,0.515365668,relative_to_internal_standard
ghosh2022_tomato_control_r05,ghosh2022_tomato_cmp011,0.961894821,relative_to_internal_standard
ghosh2022_tomato_healthy_whitefly_r01,ghosh2022_tomato_cmp011,0.592809725,relative_to_internal_standard
ghosh2022_tomato_healthy_whitefly_r02,ghosh2022_tomato_cmp011,0.702629728,relative_to_internal_standard
ghosh2022_tomato_healthy_whitefly_r03,ghosh2022_tomato_cmp011,0.364088419,relative_to_internal_standard
ghosh2022_tomato_healthy_whitefly_r04,ghosh2022_tomato_cmp011,0.502962693,relative_to_internal_standard
ghosh2022_tomato_healthy_whitefly_r05,ghosh2022_tomato_cmp011,0.523041652,relative_to_internal_standard
ghosh2022_tomato_virus_r01,ghosh2022_tomato_cmp011,0.560571104,relative_to_internal_standard
ghosh2022_tomato_virus_r02,ghosh2022_tomato_cmp011,0.443107637,relative_to_internal_standard
ghosh2022_tomato_virus_r03,ghosh2022_tomato_cmp011,0.522658207,relative_to_internal_standard
ghosh2022_tomato_virus_r04,ghosh2022_tomato_cmp011,0.595034307,relative_to_internal_standard
ghosh2022_tomato_virus_r05,ghosh2022_tomato_cmp011,0.834977505,relative_to_internal_standard
ghosh2022_tomato_control_r01,ghosh2022_tomato_cmp012,0.125833086,relative_to_internal_standard
ghosh2022_tomato_control_r02,ghosh2022_tomato_cmp012,0.149369583,relative_to_internal_standard
ghosh2022_tomato_control_r03,ghosh2022_tomato_cmp012,0.16236451,relative_to_internal_standard
ghosh2022_tomato_control_r04,ghosh2022_tomato_cmp012,0.104213018,relative_to_internal_standard
ghosh2022_tomato_control_r05,ghosh2022_tomato_cmp012,0.190402531,relative_to_internal_standard
ghosh2022_tomato_healthy_whitefly_r01,ghosh2022_tomato_cmp012,0.229145929,relative_to_internal_standard
ghosh2022_tomato_healthy_whitefly_r02,ghosh2022_tomato_cmp012,0.184184802,relative_to_internal_standard
ghosh2022_tomato_healthy_whitefly_r03,ghosh2022_tomato_cmp012,0.213861124,relative_to_internal_standard
ghosh2022_tomato_healthy_whitefly_r04,ghosh2022_tomato_cmp012,0.122305171,relative_to_internal_standard
ghosh2022_tomato_healthy_whitefly_r05,ghosh2022_tomato_cmp012,0.342802915,relative_to_internal_standard
ghosh2022_tomato_virus_r01,ghosh2022_tomato_cmp012,0.137864252,relative_to_internal_standard
ghosh2022_tomato_virus_r02,ghosh2022_tomato_cmp012,0.111083747,relative_to_internal_standard
ghosh2022_tomato_virus_r03,ghosh2022_tomato_cmp012,0.151736441,relative_to_internal_standard
ghosh2022_tomato_virus_r04,ghosh2022_tomato_cmp012,0.1065436,relative_to_internal_standard
ghosh2022_tomato_virus_r05,ghosh2022_tomato_cmp012,0.200242744,relative_to_internal_standard
ghosh2022_tomato_control_r01,ghosh2022_tomato_cmp013,0.024330166,relative_to_internal_standard
ghosh2022_tomato_control_r02,ghosh2022_tomato_cmp013,0.023309121,relative_to_internal_standard
ghosh2022_tomato_control_r03,ghosh2022_tomato_cmp013,0.018098595,relative_to_internal_standard
ghosh2022_tomato_control_r04,ghosh2022_tomato_cmp013,0.015233561,relative_to_internal_standard
ghosh2022_tomato_control_r05,ghosh2022_tomato_cmp013,0.03942888,relative_to_internal_standard
ghosh2022_tomato_healthy_whitefly_r01,ghosh2022_tomato_cmp013,0.039049841,relative_to_internal_standard
ghosh2022_tomato_healthy_whitefly_r02,ghosh2022_tomato_cmp013,0.028940502,relative_to_internal_standard
ghosh2022_tomato_healthy_whitefly_r03,ghosh2022_tomato_cmp013,0.032441805,relative_to_internal_standard
ghosh2022_tomato_healthy_whitefly_r04,ghosh2022_tomato_cmp013,0.026853275,relative_to_internal_standard
ghosh2022_tomato_healthy_whitefly_r05,ghosh2022_tomato_cmp013,0.0691715,relative_to_internal_standard
ghosh2022_tomato_virus_r01,ghosh2022_tomato_cmp013,0.029321809,relative_to_internal_standard
ghosh2022_tomato_virus_r02,ghosh2022_tomato_cmp013,0.025542643,relative_to_internal_standard
ghosh2022_tomato_virus_r03,ghosh2022_tomato_cmp013,0.025603956,relative_to_internal_standard
ghosh2022_tomato_virus_r04,ghosh2022_tomato_cmp013,0.020553868,relative_to_internal_standard
ghosh2022_tomato_virus_r05,ghosh2022_tomato_cmp013,0.030426374,relative_to_internal_standard
ghosh2022_tomato_control_r01,ghosh2022_tomato_cmp014,0.019672711,relative_to_internal_standard
ghosh2022_tomato_control_r02,ghosh2022_tomato_cmp014,0.031444398,relative_to_internal_standard
ghosh2022_tomato_control_r03,ghosh2022_tomato_cmp014,0.017398109,relative_to_internal_standard
ghosh2022_tomato_control_r04,ghosh2022_tomato_cmp014,0.020902619,relative_to_internal_standard
ghosh2022_tomato_control_r05,ghosh2022_tomato_cmp014,0.033815163,relative_to_internal_standard
ghosh2022_tomato_healthy_whitefly_r01,ghosh2022_tomato_cmp014,0.030879954,relative_to_internal_standard
ghosh2022_tomato_healthy_whitefly_r02,ghosh2022_tomato_cmp014,0.025573413,relative_to_internal_standard
ghosh2022_tomato_healthy_whitefly_r03,ghosh2022_tomato_cmp014,0.035254984,relative_to_internal_standard
ghosh2022_tomato_healthy_whitefly_r04,ghosh2022_tomato_cmp014,0.018125256,relative_to_internal_standard
ghosh2022_tomato_healthy_whitefly_r05,ghosh2022_tomato_cmp014,0.020699266,relative_to_internal_standard
ghosh2022_tomato_virus_r01,ghosh2022_tomato_cmp014,0.033843022,relative_to_internal_standard
ghosh2022_tomato_virus_r02,ghosh2022_tomato_cmp014,0.042704177,relative_to_internal_standard
ghosh2022_tomato_virus_r03,ghosh2022_tomato_cmp014,0.032788817,relative_to_internal_standard
ghosh2022_tomato_virus_r04,ghosh2022_tomato_cmp014,0.024422416,relative_to_internal_standard
ghosh2022_tomato_virus_r05,ghosh2022_tomato_cmp014,0.048568873,relative_to_internal_standard
ghosh2022_tomato_control_r01,ghosh2022_tomato_cmp015,0.008606988,relative_to_internal_standard
ghosh2022_tomato_control_r02,ghosh2022_tomato_cmp015,0.007986421,relative_to_internal_standard
ghosh2022_tomato_control_r03,ghosh2022_tomato_cmp015,0.00300671,relative_to_internal_standard
ghosh2022_tomato_control_r04,ghosh2022_tomato_cmp015,0.007448091,relative_to_internal_standard
ghosh2022_tomato_control_r05,ghosh2022_tomato_cmp015,0.007578037,relative_to_internal_standard
ghosh2022_tomato_healthy_whitefly_r01,ghosh2022_tomato_cmp015,0.011455331,relative_to_internal_standard
ghosh2022_tomato_healthy_whitefly_r02,ghosh2022_tomato_cmp015,0.010949102,relative_to_internal_standard
ghosh2022_tomato_healthy_whitefly_r03,ghosh2022_tomato_cmp015,0.003841589,relative_to_internal_standard
ghosh2022_tomato_healthy_whitefly_r04,ghosh2022_tomato_cmp015,0.009909102,relative_to_internal_standard
ghosh2022_tomato_healthy_whitefly_r05,ghosh2022_tomato_cmp015,0.007478491,relative_to_internal_standard
ghosh2022_tomato_virus_r01,ghosh2022_tomato_cmp015,0.010739732,relative_to_internal_standard
ghosh2022_tomato_virus_r02,ghosh2022_tomato_cmp015,0.007927054,relative_to_internal_standard
ghosh2022_tomato_virus_r03,ghosh2022_tomato_cmp015,0.008425675,relative_to_internal_standard
ghosh2022_tomato_virus_r04,ghosh2022_tomato_cmp015,0.009855778,relative_to_internal_standard
ghosh2022_tomato_virus_r05,ghosh2022_tomato_cmp015,0.014128919,relative_to_internal_standard
ghosh2022_tomato_control_r01,ghosh2022_tomato_cmp016,0.081479071,relative_to_internal_standard
ghosh2022_tomato_control_r02,ghosh2022_tomato_cmp016,0.065649869,relative_to_internal_standard
ghosh2022_tomato_control_r03,ghosh2022_tomato_cmp016,0.049994929,relative_to_internal_standard
ghosh2022_tomato_control_r04,ghosh2022_tomato_cmp016,0.064836784,relative_to_internal_standard
ghosh2022_tomato_control_r05,ghosh2022_tomato_cmp016,0.084225755,relative_to_internal_standard
ghosh2022_tomato_healthy_whitefly_r01,ghosh2022_tomato_cmp016,0.063983893,relative_to_internal_standard
ghosh2022_tomato_healthy_whitefly_r02,ghosh2022_tomato_cmp016,0.096997541,relative_to_internal_standard
ghosh2022_tomato_healthy_whitefly_r03,ghosh2022_tomato_cmp016,0.053326528,relative_to_internal_standard
ghosh2022_tomato_healthy_whitefly_r04,ghosh2022_tomato_cmp016,0.076502605,relative_to_internal_standard
ghosh2022_tomato_healthy_whitefly_r05,ghosh2022_tomato_cmp016,0.050914006,relative_to_internal_standard
ghosh2022_tomato_virus_r01,ghosh2022_tomato_cmp016,0.087698725,relative_to_internal_standard
ghosh2022_tomato_virus_r02,ghosh2022_tomato_cmp016,0.070213297,relative_to_internal_standard
ghosh2022_tomato_virus_r03,ghosh2022_tomato_cmp016,0.067246949,relative_to_internal_standard
ghosh2022_tomato_virus_r04,ghosh2022_tomato_cmp016,0.084026313,relative_to_internal_standard
ghosh2022_tomato_virus_r05,ghosh2022_tomato_cmp016,0.127297715,relative_to_internal_standard
ghosh2022_tomato_control_r01,ghosh2022_tomato_cmp017,0.384135202,relative_to_internal_standard
ghosh2022_tomato_control_r02,ghosh2022_tomato_cmp017,0.343570681,relative_to_internal_standard
ghosh2022_tomato_control_r03,ghosh2022_tomato_cmp017,0.288893357,relative_to_internal_standard
ghosh2022_tomato_control_r04,ghosh2022_tomato_cmp017,0.293174503,relative_to_internal_standard
ghosh2022_tomato_control_r05,ghosh2022_tomato_cmp017,0.516606771,relative_to_internal_standard
ghosh2022_tomato_healthy_whitefly_r01,ghosh2022_tomato_cmp017,0.424324561,relative_to_internal_standard
ghosh2022_tomato_healthy_whitefly_r02,ghosh2022_tomato_cmp017,0.35990189,relative_to_internal_standard
ghosh2022_tomato_healthy_whitefly_r03,ghosh2022_tomato_cmp017,0.353511274,relative_to_internal_standard
ghosh2022_tomato_healthy_whitefly_r04,ghosh2022_tomato_cmp017,0.256757176,relative_to_internal_standard
ghosh2022_tomato_healthy_whitefly_r05,ghosh2022_tomato_cmp017,0.545057399,relative_to_internal_standard
ghosh2022_tomato_virus_r01,ghosh2022_tomato_cmp017,0.303039784,relative_to_internal_standard
ghosh2022_tomato_virus_r02,ghosh2022_tomato_cmp017,0.216512775,relative_to_internal_standard
ghosh2022_tomato_virus_r03,ghosh2022_tomato_cmp017,0.270844602,relative_to_internal_standard
ghosh2022_tomato_virus_r04,ghosh2022_tomato_cmp017,0.23808483,relative_to_internal_standard
ghosh2022_tomato_virus_r05,ghosh2022_tomato_cmp017,0.390751923,relative_to_internal_standard
ghosh2022_tomato_control_r01,ghosh2022_tomato_cmp018,0.010396303,relative_to_internal_standard
ghosh2022_tomato_control_r02,ghosh2022_tomato_cmp018,0.013037874,relative_to_internal_standard
ghosh2022_tomato_control_r03,ghosh2022_tomato_cmp018,0.009755784,relative_to_internal_standard
ghosh2022_tomato_control_r04,ghosh2022_tomato_cmp018,0.009565699,relative_to_internal_standard
ghosh2022_tomato_control_r05,ghosh2022_tomato_cmp018,0.017022844,relative_to_internal_standard
ghosh2022_tomato_healthy_whitefly_r01,ghosh2022_tomato_cmp018,0.012180902,relative_to_internal_standard
ghosh2022_tomato_healthy_whitefly_r02,ghosh2022_tomato_cmp018,0.009985294,relative_to_internal_standard
ghosh2022_tomato_healthy_whitefly_r03,ghosh2022_tomato_cmp018,0.006362969,relative_to_internal_standard
ghosh2022_tomato_healthy_whitefly_r04,ghosh2022_tomato_cmp018,0.00587045,relative_to_internal_standard
ghosh2022_tomato_healthy_whitefly_r05,ghosh2022_tomato_cmp018,0.011395493,relative_to_internal_standard
ghosh2022_tomato_virus_r01,ghosh2022_tomato_cmp018,0.007821757,relative_to_internal_standard
ghosh2022_tomato_virus_r02,ghosh2022_tomato_cmp018,0.005855515,relative_to_internal_standard
ghosh2022_tomato_virus_r03,ghosh2022_tomato_cmp018,0.008113747,relative_to_internal_standard
ghosh2022_tomato_virus_r04,ghosh2022_tomato_cmp018,0.005834996,relative_to_internal_standard
ghosh2022_tomato_virus_r05,ghosh2022_tomato_cmp018,0.015001857,relative_to_internal_standard
ghosh2022_tomato_control_r01,ghosh2022_tomato_cmp019,0.012611963,relative_to_internal_standard
ghosh2022_tomato_control_r02,ghosh2022_tomato_cmp019,0.01992267,relative_to_internal_standard
ghosh2022_tomato_control_r03,ghosh2022_tomato_cmp019,0.019725459,relative_to_internal_standard
ghosh2022_tomato_control_r04,ghosh2022_tomato_cmp019,0.013562525,relative_to_internal_standard
ghosh2022_tomato_control_r05,ghosh2022_tomato_cmp019,0.022557335,relative_to_internal_standard
ghosh2022_tomato_healthy_whitefly_r01,ghosh2022_tomato_cmp019,0.016345334,relative_to_internal_standard
ghosh2022_tomato_healthy_whitefly_r02,ghosh2022_tomato_cmp019,0.024249649,relative_to_internal_standard
ghosh2022_tomato_healthy_whitefly_r03,ghosh2022_tomato_cmp019,0.019303371,relative_to_internal_standard
ghosh2022_tomato_healthy_whitefly_r04,ghosh2022_tomato_cmp019,0.027097707,relative_to_internal_standard
ghosh2022_tomato_healthy_whitefly_r05,ghosh2022_tomato_cmp019,0.022591993,relative_to_internal_standard
ghosh2022_tomato_virus_r01,ghosh2022_tomato_cmp019,0.015653764,relative_to_internal_standard
ghosh2022_tomato_virus_r02,ghosh2022_tomato_cmp019,0.021575663,relative_to_internal_standard
ghosh2022_tomato_virus_r03,ghosh2022_tomato_cmp019,0.020613023,relative_to_internal_standard
ghosh2022_tomato_virus_r04,ghosh2022_tomato_cmp019,0.025545176,relative_to_internal_standard
ghosh2022_tomato_virus_r05,ghosh2022_tomato_cmp019,0.033580825,relative_to_internal_standard
ghosh2022_tomato_control_r01,ghosh2022_tomato_cmp020,0.021905312,relative_to_internal_standard
ghosh2022_tomato_control_r02,ghosh2022_tomato_cmp020,0.023793108,relative_to_internal_standard
ghosh2022_tomato_control_r03,ghosh2022_tomato_cmp020,0.019564981,relative_to_internal_standard
ghosh2022_tomato_control_r04,ghosh2022_tomato_cmp020,0.022381892,relative_to_internal_standard
ghosh2022_tomato_control_r05,ghosh2022_tomato_cmp020,0.033378697,relative_to_internal_standard
ghosh2022_tomato_healthy_whitefly_r01,ghosh2022_tomato_cmp020,0.034409237,relative_to_internal_standard
ghosh2022_tomato_healthy_whitefly_r02,ghosh2022_tomato_cmp020,0.024207389,relative_to_internal_standard
ghosh2022_tomato_healthy_whitefly_r03,ghosh2022_tomato_cmp020,0.01882514,relative_to_internal_standard
ghosh2022_tomato_healthy_whitefly_r04,ghosh2022_tomato_cmp020,0.016009705,relative_to_internal_standard
ghosh2022_tomato_healthy_whitefly_r05,ghosh2022_tomato_cmp020,0.044565265,relative_to_internal_standard
ghosh2022_tomato_virus_r01,ghosh2022_tomato_cmp020,0.02109905,relative_to_internal_standard
ghosh2022_tomato_virus_r02,ghosh2022_tomato_cmp020,0.015899236,relative_to_internal_standard
ghosh2022_tomato_virus_r03,ghosh2022_tomato_cmp020,0.018871984,relative_to_internal_standard
ghosh2022_tomato_virus_r04,ghosh2022_tomato_cmp020,0.015475224,relative_to_internal_standard
ghosh2022_tomato_virus_r05,ghosh2022_tomato_cmp020,0.028674082,relative_to_internal_standard
ghosh2022_tomato_control_r01,ghosh2022_tomato_cmp021,1.072184952,relative_to_internal_standard
ghosh2022_tomato_control_r02,ghosh2022_tomato_cmp021,1.11721359,relative_to_internal_standard
ghosh2022_tomato_control_r03,ghosh2022_tomato_cmp021,1.052656077,relative_to_internal_standard
ghosh2022_tomato_control_r04,ghosh2022_tomato_cmp021,0.85404391,relative_to_internal_standard
ghosh2022_tomato_control_r05,ghosh2022_tomato_cmp021,1.447207115,relative_to_internal_standard
ghosh2022_tomato_healthy_whitefly_r01,ghosh2022_tomato_cmp021,1.442074436,relative_to_internal_standard
ghosh2022_tomato_healthy_whitefly_r02,ghosh2022_tomato_cmp021,1.302096884,relative_to_internal_standard
ghosh2022_tomato_healthy_whitefly_r03,ghosh2022_tomato_cmp021,1.251751142,relative_to_internal_standard
ghosh2022_tomato_healthy_whitefly_r04,ghosh2022_tomato_cmp021,1.065133242,relative_to_internal_standard
ghosh2022_tomato_healthy_whitefly_r05,ghosh2022_tomato_cmp021,1.338807542,relative_to_internal_standard
ghosh2022_tomato_virus_r01,ghosh2022_tomato_cmp021,1.223292894,relative_to_internal_standard
ghosh2022_tomato_virus_r02,ghosh2022_tomato_cmp021,0.928254563,relative_to_internal_standard
ghosh2022_tomato_virus_r03,ghosh2022_tomato_cmp021,1.138706935,relative_to_internal_standard
ghosh2022_tomato_virus_r04,ghosh2022_tomato_cmp021,0.990577525,relative_to_internal_standard
ghosh2022_tomato_virus_r05,ghosh2022_tomato_cmp021,1.609107916,relative_to_internal_standard
ghosh2022_tomato_control_r01,ghosh2022_tomato_cmp022,0.005930587,relative_to_internal_standard
ghosh2022_tomato_control_r02,ghosh2022_tomato_cmp022,0.009079761,relative_to_internal_standard
ghosh2022_tomato_control_r03,ghosh2022_tomato_cmp022,0.011862882,relative_to_internal_standard
ghosh2022_tomato_control_r04,ghosh2022_tomato_cmp022,0.007197746,relative_to_internal_standard
ghosh2022_tomato_control_r05,ghosh2022_tomato_cmp022,0.013794828,relative_to_internal_standard
ghosh2022_tomato_healthy_whitefly_r01,ghosh2022_tomato_cmp022,0.00845045,relative_to_internal_standard
ghosh2022_tomato_healthy_whitefly_r02,ghosh2022_tomato_cmp022,0.012295534,relative_to_internal_standard
ghosh2022_tomato_healthy_whitefly_r03,ghosh2022_tomato_cmp022,0.013517373,relative_to_internal_standard
ghosh2022_tomato_healthy_whitefly_r04,ghosh2022_tomato_cmp022,0.011239375,relative_to_internal_standard
ghosh2022_tomato_healthy_whitefly_r05,ghosh2022_tomato_cmp022,0.015062555,relative_to_internal_standard
ghosh2022_tomato_virus_r01,ghosh2022_tomato_cmp022,0.008348875,relative_to_internal_standard
ghosh2022_tomato_virus_r02,ghosh2022_tomato_cmp022,0.010527742,relative_to_internal_standard
ghosh2022_tomato_virus_r03,ghosh2022_tomato_cmp022,0.011134991,relative_to_internal_standard
ghosh2022_tomato_virus_r04,ghosh2022_tomato_cmp022,0.010232578,relative_to_internal_standard
ghosh2022_tomato_virus_r05,ghosh2022_tomato_cmp022,0.014417506,relative_to_internal_standard
ghosh2022_tomato_control_r01,ghosh2022_tomato_cmp023,0.113936405,relative_to_internal_standard
ghosh2022_tomato_control_r02,ghosh2022_tomato_cmp023,0.30884781,relative_to_internal_standard
ghosh2022_tomato_control_r03,ghosh2022_tomato_cmp023,0.111645931,relative_to_internal_standard
ghosh2022_tomato_control_r04,ghosh2022_tomato_cmp023,0.208515941,relative_to_internal_standard
ghosh2022_tomato_control_r05,ghosh2022_tomato_cmp023,0.314870204,relative_to_internal_standard
ghosh2022_tomato_healthy_whitefly_r01,ghosh2022_tomato_cmp023,0.301759483,relative_to_internal_standard
ghosh2022_tomato_healthy_whitefly_r02,ghosh2022_tomato_cmp023,0.151111876,relative_to_internal_standard
ghosh2022_tomato_healthy_whitefly_r03,ghosh2022_tomato_cmp023,0.238741553,relative_to_internal_standard
ghosh2022_tomato_healthy_whitefly_r04,ghosh2022_tomato_cmp023,0.210947716,relative_to_internal_standard
ghosh2022_tomato_healthy_whitefly_r05,ghosh2022_tomato_cmp023,0.15383877,relative_to_internal_standard
ghosh2022_tomato_virus_r01,ghosh2022_tomato_cmp023,0.221444404,relative_to_internal_standard
ghosh2022_tomato_virus_r02,ghosh2022_tomato_cmp023,0.347949107,relative_to_internal_standard
ghosh2022_tomato_virus_r03,ghosh2022_tomato_cmp023,0.279510481,relative_to_internal_standard
ghosh2022_tomato_virus_r04,ghosh2022_tomato_cmp023,0.172471542,relative_to_internal_standard
ghosh2022_tomato_virus_r05,ghosh2022_tomato_cmp023,0.265363189,relative_to_internal_standard
ghosh2022_tomato_control_r01,ghosh2022_tomato_cmp024,0.003239385,relative_to_internal_standard
ghosh2022_tomato_control_r02,ghosh2022_tomato_cmp024,0.002981763,relative_to_internal_standard
ghosh2022_tomato_control_r03,ghosh2022_tomato_cmp024,0.00296206,relative_to_internal_standard
ghosh2022_tomato_control_r04,ghosh2022_tomato_cmp024,0.002255572,relative_to_internal_standard
ghosh2022_tomato_control_r05,ghosh2022_tomato_cmp024,0.004612616,relative_to_internal_standard
ghosh2022_tomato_healthy_whitefly_r01,ghosh2022_tomato_cmp024,0.004300687,relative_to_internal_standard
ghosh2022_tomato_healthy_whitefly_r02,ghosh2022_tomato_cmp024,0.003379916,relative_to_internal_standard
ghosh2022_tomato_healthy_whitefly_r03,ghosh2022_tomato_cmp024,0.003538466,relative_to_internal_standard
ghosh2022_tomato_healthy_whitefly_r04,ghosh2022_tomato_cmp024,0.002027767,relative_to_internal_standard
ghosh2022_tomato_healthy_whitefly_r05,ghosh2022_tomato_cmp024,0.00642923,relative_to_internal_standard
ghosh2022_tomato_virus_r01,ghosh2022_tomato_cmp024,0.003810692,relative_to_internal_standard
ghosh2022_tomato_virus_r02,ghosh2022_tomato_cmp024,0.003657063,relative_to_internal_standard
ghosh2022_tomato_virus_r03,ghosh2022_tomato_cmp024,0.003861397,relative_to_internal_standard
ghosh2022_tomato_virus_r04,ghosh2022_tomato_cmp024,0.002361279,relative_to_internal_standard
ghosh2022_tomato_virus_r05,ghosh2022_tomato_cmp024,0.005874717,relative_to_internal_standard
ghosh2022_tomato_control_r01,ghosh2022_tomato_cmp025,0.063288173,relative_to_internal_standard
ghosh2022_tomato_control_r02,ghosh2022_tomato_cmp025,0.086278034,relative_to_internal_standard
ghosh2022_tomato_control_r03,ghosh2022_tomato_cmp025,0.056021432,relative_to_internal_standard
ghosh2022_tomato_control_r04,ghosh2022_tomato_cmp025,0.063198744,relative_to_internal_standard
ghosh2022_tomato_control_r05,ghosh2022_tomato_cmp025,0.111011983,relative_to_internal_standard
ghosh2022_tomato_healthy_whitefly_r01,ghosh2022_tomato_cmp025,0.106478157,relative_to_internal_standard
ghosh2022_tomato_healthy_whitefly_r02,ghosh2022_tomato_cmp025,0.079881475,relative_to_internal_standard
ghosh2022_tomato_healthy_whitefly_r03,ghosh2022_tomato_cmp025,0.063759913,relative_to_internal_standard
ghosh2022_tomato_healthy_whitefly_r04,ghosh2022_tomato_cmp025,0.062545145,relative_to_internal_standard
ghosh2022_tomato_healthy_whitefly_r05,ghosh2022_tomato_cmp025,0.119612826,relative_to_internal_standard
ghosh2022_tomato_virus_r01,ghosh2022_tomato_cmp025,0.068323084,relative_to_internal_standard
ghosh2022_tomato_virus_r02,ghosh2022_tomato_cmp025,0.06554463,relative_to_internal_standard
ghosh2022_tomato_virus_r03,ghosh2022_tomato_cmp025,0.070328444,relative_to_internal_standard
ghosh2022_tomato_virus_r04,ghosh2022_tomato_cmp025,0.053266776,relative_to_internal_standard
ghosh2022_tomato_virus_r05,ghosh2022_tomato_cmp025,0.101596385,relative_to_internal_standard
ghosh2022_tomato_control_r01,ghosh2022_tomato_cmp026,0.057994066,relative_to_internal_standard
ghosh2022_tomato_control_r02,ghosh2022_tomato_cmp026,0.059480767,relative_to_internal_standard
ghosh2022_tomato_control_r03,ghosh2022_tomato_cmp026,0.032890289,relative_to_internal_standard
ghosh2022_tomato_control_r04,ghosh2022_tomato_cmp026,0.059746125,relative_to_internal_standard
ghosh2022_tomato_control_r05,ghosh2022_tomato_cmp026,0.106110177,relative_to_internal_standard
ghosh2022_tomato_healthy_whitefly_r01,ghosh2022_tomato_cmp026,0.097348354,relative_to_internal_standard
ghosh2022_tomato_healthy_whitefly_r02,ghosh2022_tomato_cmp026,0.064458443,relative_to_internal_standard
ghosh2022_tomato_healthy_whitefly_r03,ghosh2022_tomato_cmp026,0.032945031,relative_to_internal_standard
ghosh2022_tomato_healthy_whitefly_r04,ghosh2022_tomato_cmp026,0.045832461,relative_to_internal_standard
ghosh2022_tomato_healthy_whitefly_r05,ghosh2022_tomato_cmp026,0.099008654,relative_to_internal_standard
ghosh2022_tomato_virus_r01,ghosh2022_tomato_cmp026,0.058889992,relative_to_internal_standard
ghosh2022_tomato_virus_r02,ghosh2022_tomato_cmp026,0.038775492,relative_to_internal_standard
ghosh2022_tomato_virus_r03,ghosh2022_tomato_cmp026,0.048128663,relative_to_internal_standard
ghosh2022_tomato_virus_r04,ghosh2022_tomato_cmp026,0.053724648,relative_to_internal_standard
ghosh2022_tomato_virus_r05,ghosh2022_tomato_cmp026,0.094263183,relative_to_internal_standard
ghosh2022_tomato_control_r01,ghosh2022_tomato_cmp027,0.18992287,relative_to_internal_standard
ghosh2022_tomato_control_r02,ghosh2022_tomato_cmp027,0.212640852,relative_to_internal_standard
ghosh2022_tomato_control_r03,ghosh2022_tomato_cmp027,0.10702592,relative_to_internal_standard
ghosh2022_tomato_control_r04,ghosh2022_tomato_cmp027,0.078634749,relative_to_internal_standard
ghosh2022_tomato_control_r05,ghosh2022_tomato_cmp027,0.361639892,relative_to_internal_standard
ghosh2022_tomato_healthy_whitefly_r01,ghosh2022_tomato_cmp027,0.482301376,relative_to_internal_standard
ghosh2022_tomato_healthy_whitefly_r02,ghosh2022_tomato_cmp027,0.171901833,relative_to_internal_standard
ghosh2022_tomato_healthy_whitefly_r03,ghosh2022_tomato_cmp027,0.234838234,relative_to_internal_standard
ghosh2022_tomato_healthy_whitefly_r04,ghosh2022_tomato_cmp027,0.143349052,relative_to_internal_standard
ghosh2022_tomato_healthy_whitefly_r05,ghosh2022_tomato_cmp027,1.098061064,relative_to_internal_standard
ghosh2022_tomato_virus_r01,ghosh2022_tomato_cmp027,0.211908197,relative_to_internal_standard
ghosh2022_tomato_virus_r02,ghosh2022_tomato_cmp027,0.122207332,relative_to_internal_standard
ghosh2022_tomato_virus_r03,ghosh2022_tomato_cmp027,0.276313858,relative_to_internal_standard
ghosh2022_tomato_virus_r04,ghosh2022_tomato_cmp027,0.101036472,relative_to_internal_standard
ghosh2022_tomato_virus_r05,ghosh2022_tomato_cmp027,0.228406742,relative_to_internal_standard
ghosh2022_tomato_control_r01,ghosh2022_tomato_cmp028,0.02234432,relative_to_internal_standard
ghosh2022_tomato_control_r02,ghosh2022_tomato_cmp028,0.01828498,relative_to_internal_standard
ghosh2022_tomato_control_r03,ghosh2022_tomato_cmp028,0.018633081,relative_to_internal_standard
ghosh2022_tomato_control_r04,ghosh2022_tomato_cmp028,0.009972499,relative_to_internal_standard
ghosh2022_tomato_control_r05,ghosh2022_tomato_cmp028,0.0258629,relative_to_internal_standard
ghosh2022_tomato_healthy_whitefly_r01,ghosh2022_tomato_cmp028,0.032847539,relative_to_internal_standard
ghosh2022_tomato_healthy_whitefly_r02,ghosh2022_tomato_cmp028,0.019805678,relative_to_internal_standard
ghosh2022_tomato_healthy_whitefly_r03,ghosh2022_tomato_cmp028,0.030098985,relative_to_internal_standard
ghosh2022_tomato_healthy_whitefly_r04,ghosh2022_tomato_cmp028,0.017267457,relative_to_internal_standard
ghosh2022_tomato_healthy_whitefly_r05,ghosh2022_tomato_cmp028,0.044713647,relative_to_internal_standard
ghosh2022_tomato_virus_r01,ghosh2022_tomato_cmp028,0.02937229,relative_to_internal_standard
ghosh2022_tomato_virus_r02,ghosh2022_tomato_cmp028,0.019240333,relative_to_internal_standard
ghosh2022_tomato_virus_r03,ghosh2022_tomato_cmp028,0.033002787,relative_to_internal_standard
ghosh2022_tomato_virus_r04,ghosh2022_tomato_cmp028,0.016484153,relative_to_internal_standard
ghosh2022_tomato_virus_r05,ghosh2022_tomato_cmp028,0.041633321,relative_to_internal_standard
ghosh2022_tomato_control_r01,ghosh2022_tomato_cmp029,0.030500321,relative_to_internal_standard
ghosh2022_tomato_control_r02,ghosh2022_tomato_cmp029,0.049900722,relative_to_internal_standard
ghosh2022_tomato_control_r03,ghosh2022_tomato_cmp029,0.041806475,relative_to_internal_standard
ghosh2022_tomato_control_r04,ghosh2022_tomato_cmp029,0.025220725,relative_to_internal_standard
ghosh2022_tomato_control_r05,ghosh2022_tomato_cmp029,0.046260254,relative_to_internal_standard
ghosh2022_tomato_healthy_whitefly_r01,ghosh2022_tomato_cmp029,0.046673464,relative_to_internal_standard
ghosh2022_tomato_healthy_whitefly_r02,ghosh2022_tomato_cmp029,0.024326349,relative_to_internal_standard
ghosh2022_tomato_healthy_whitefly_r03,ghosh2022_tomato_cmp029,0.056254604,relative_to_internal_standard
ghosh2022_tomato_healthy_whitefly_r04,ghosh2022_tomato_cmp029,0.027542328,relative_to_internal_standard
ghosh2022_tomato_healthy_whitefly_r05,ghosh2022_tomato_cmp029,0.061235824,relative_to_internal_standard
ghosh2022_tomato_virus_r01,ghosh2022_tomato_cmp029,0.028154809,relative_to_internal_standard
ghosh2022_tomato_virus_r02,ghosh2022_tomato_cmp029,0.027105603,relative_to_internal_standard
ghosh2022_tomato_virus_r03,ghosh2022_tomato_cmp029,0.030882188,relative_to_internal_standard
ghosh2022_tomato_virus_r04,ghosh2022_tomato_cmp029,0.017324125,relative_to_internal_standard
ghosh2022_tomato_virus_r05,ghosh2022_tomato_cmp029,0.033805693,relative_to_internal_standard
ghosh2022_tomato_control_r01,ghosh2022_tomato_cmp030,0.029004562,relative_to_internal_standard
ghosh2022_tomato_control_r02,ghosh2022_tomato_cmp030,0.037603577,relative_to_internal_standard
ghosh2022_tomato_control_r03,ghosh2022_tomato_cmp030,0.038153652,relative_to_internal_standard
ghosh2022_tomato_control_r04,ghosh2022_tomato_cmp030,0.040642543,relative_to_internal_standard
ghosh2022_tomato_control_r05,ghosh2022_tomato_cmp030,0.044907388,relative_to_internal_standard
ghosh2022_tomato_healthy_whitefly_r01,ghosh2022_tomato_cmp030,0.078004754,relative_to_internal_standard
ghosh2022_tomato_healthy_whitefly_r02,ghosh2022_tomato_cmp030,0.058072184,relative_to_internal_standard
ghosh2022_tomato_healthy_whitefly_r03,ghosh2022_tomato_cmp030,0.054254127,relative_to_internal_standard
ghosh2022_tomato_healthy_whitefly_r04,ghosh2022_tomato_cmp030,0.024884735,relative_to_internal_standard
ghosh2022_tomato_healthy_whitefly_r05,ghosh2022_tomato_cmp030,0.064811583,relative_to_internal_standard
ghosh2022_tomato_virus_r01,ghosh2022_tomato_cmp030,0.054651076,relative_to_internal_standard
ghosh2022_tomato_virus_r02,ghosh2022_tomato_cmp030,0.031025319,relative_to_internal_standard
ghosh2022_tomato_virus_r03,ghosh2022_tomato_cmp030,0.027935957,relative_to_internal_standard
ghosh2022_tomato_virus_r04,ghosh2022_tomato_cmp030,0.018899733,relative_to_internal_standard
ghosh2022_tomato_virus_r05,ghosh2022_tomato_cmp030,0.035262547,relative_to_internal_standard
ghosh2022_tomato_control_r01,ghosh2022_tomato_cmp031,0.039376908,relative_to_internal_standard
ghosh2022_tomato_control_r02,ghosh2022_tomato_cmp031,0.038852875,relative_to_internal_standard
ghosh2022_tomato_control_r03,ghosh2022_tomato_cmp031,0.045580646,relative_to_internal_standard
ghosh2022_tomato_control_r04,ghosh2022_tomato_cmp031,0.02263949,relative_to_internal_standard
ghosh2022_tomato_control_r05,ghosh2022_tomato_cmp031,0.05160523,relative_to_internal_standard
ghosh2022_tomato_healthy_whitefly_r01,ghosh2022_tomato_cmp031,0.039875037,relative_to_internal_standard
ghosh2022_tomato_healthy_whitefly_r02,ghosh2022_tomato_cmp031,0.031988665,relative_to_internal_standard
ghosh2022_tomato_healthy_whitefly_r03,ghosh2022_tomato_cmp031,0.028693017,relative_to_internal_standard
ghosh2022_tomato_healthy_whitefly_r04,ghosh2022_tomato_cmp031,0.016758405,relative_to_internal_standard
ghosh2022_tomato_healthy_whitefly_r05,ghosh2022_tomato_cmp031,,relative_to_internal_standard
ghosh2022_tomato_virus_r01,ghosh2022_tomato_cmp031,0.016526581,relative_to_internal_standard
ghosh2022_tomato_virus_r02,ghosh2022_tomato_cmp031,0.013837734,relative_to_internal_standard
ghosh2022_tomato_virus_r03,ghosh2022_tomato_cmp031,0.017709394,relative_to_internal_standard
ghosh2022_tomato_virus_r04,ghosh2022_tomato_cmp031,0.008495789,relative_to_internal_standard
ghosh2022_tomato_virus_r05,ghosh2022_tomato_cmp031,0.03031742,relative_to_internal_standard
ghosh2022_tomato_control_r01,ghosh2022_tomato_cmp032,0.621103205,relative_to_internal_standard
ghosh2022_tomato_control_r02,ghosh2022_tomato_cmp032,0.629416005,relative_to_internal_standard
ghosh2022_tomato_control_r03,ghosh2022_tomato_cmp032,0.762811856,relative_to_internal_standard
ghosh2022_tomato_control_r04,ghosh2022_tomato_cmp032,0.492550116,relative_to_internal_standard
ghosh2022_tomato_control_r05,ghosh2022_tomato_cmp032,0.886789484,relative_to_internal_standard
ghosh2022_tomato_healthy_whitefly_r01,ghosh2022_tomato_cmp032,0.869587309,relative_to_internal_standard
ghosh2022_tomato_healthy_whitefly_r02,ghosh2022_tomato_cmp032,0.631988419,relative_to_internal_standard
ghosh2022_tomato_healthy_whitefly_r03,ghosh2022_tomato_cmp032,0.711132875,relative_to_internal_standard
ghosh2022_tomato_healthy_whitefly_r04,ghosh2022_tomato_cmp032,0.401194812,relative_to_internal_standard
ghosh2022_tomato_healthy_whitefly_r05,ghosh2022_tomato_cmp032,1.108367832,relative_to_internal_standard
ghosh2022_tomato_virus_r01,ghosh2022_tomato_cmp032,0.557082851,relative_to_internal_standard
ghosh2022_tomato_virus_r02,ghosh2022_tomato_cmp032,0.462846797,relative_to_internal_standard
ghosh2022_tomato_virus_r03,ghosh2022_tomato_cmp032,0.538831787,relative_to_internal_standard
ghosh2022_tomato_virus_r04,ghosh2022_tomato_cmp032,0.350626947,relative_to_internal_standard
ghosh2022_tomato_virus_r05,ghosh2022_tomato_cmp032,0.791264268,relative_to_internal_standard
ghosh2022_tomato_control_r01,ghosh2022_tomato_cmp033,0.088685956,relative_to_internal_standard
ghosh2022_tomato_control_r02,ghosh2022_tomato_cmp033,0.096045083,relative_to_internal_standard
ghosh2022_tomato_control_r03,ghosh2022_tomato_cmp033,0.085559929,relative_to_internal_standard
ghosh2022_tomato_control_r04,ghosh2022_tomato_cmp033,0.065588376,relative_to_internal_standard
ghosh2022_tomato_control_r05,ghosh2022_tomato_cmp033,0.132614591,relative_to_internal_standard
ghosh2022_tomato_healthy_whitefly_r01,ghosh2022_tomato_cmp033,0.145277735,relative_to_internal_standard
ghosh2022_tomato_healthy_whitefly_r02,ghosh2022_tomato_cmp033,0.093876632,relative_to_internal_standard
ghosh2022_tomato_healthy_whitefly_r03,ghosh2022_tomato_cmp033,0.074397682,relative_to_internal_standard
ghosh2022_tomato_healthy_whitefly_r04,ghosh2022_tomato_cmp033,0.060415526,relative_to_internal_standard
ghosh2022_tomato_healthy_whitefly_r05,ghosh2022_tomato_cmp033,0.175060437,relative_to_internal_standard
ghosh2022_tomato_virus_r01,ghosh2022_tomato_cmp033,0.076967952,relative_to_internal_standard
ghosh2022_tomato_virus_r02,ghosh2022_tomato_cmp033,0.062371872,relative_to_internal_standard
ghosh2022_tomato_virus_r03,ghosh2022_tomato_cmp033,0.078178881,relative_to_internal_standard
ghosh2022_tomato_virus_r04,ghosh2022_tomato_cmp033,0.050803021,relative_to_internal_standard
ghosh2022_tomato_virus_r05,ghosh2022_tomato_cmp033,0.114966213,relative_to_internal_standard
ghosh2022_tomato_control_r01,ghosh2022_tomato_cmp034,0.134762207,relative_to_internal_standard
ghosh2022_tomato_control_r02,ghosh2022_tomato_cmp034,0.146395559,relative_to_internal_standard
ghosh2022_tomato_control_r03,ghosh2022_tomato_cmp034,0.15338795,relative_to_internal_standard
ghosh2022_tomato_control_r04,ghosh2022_tomato_cmp034,0.091570018,relative_to_internal_standard
ghosh2022_tomato_control_r05,ghosh2022_tomato_cmp034,0.233800055,relative_to_internal_standard
ghosh2022_tomato_healthy_whitefly_r01,ghosh2022_tomato_cmp034,0.252664222,relative_to_internal_standard
ghosh2022_tomato_healthy_whitefly_r02,ghosh2022_tomato_cmp034,0.142157425,relative_to_internal_standard
ghosh2022_tomato_healthy_whitefly_r03,ghosh2022_tomato_cmp034,0.172376435,relative_to_internal_standard
ghosh2022_tomato_healthy_whitefly_r04,ghosh2022_tomato_cmp034,0.073565903,relative_to_internal_standard
ghosh2022_tomato_healthy_whitefly_r05,ghosh2022_tomato_cmp034,0.416050724,relative_to_internal_standard
ghosh2022_tomato_virus_r01,ghosh2022_tomato_cmp034,0.11438451,relative_to_internal_standard
ghosh2022_tomato_virus_r02,ghosh2022_tomato_cmp034,0.092864555,relative_to_internal_standard
ghosh2022_tomato_virus_r03,ghosh2022_tomato_cmp034,0.133986211,relative_to_internal_standard
ghosh2022_tomato_virus_r04,ghosh2022_tomato_cmp034,0.068445309,relative_to_internal_standard
ghosh2022_tomato_virus_r05,ghosh2022_tomato_cmp034,0.192239941,relative_to_internal_standard
ghosh2022_tomato_control_r01,ghosh2022_tomato_cmp035,0.004435513,relative_to_internal_standard
ghosh2022_tomato_control_r02,ghosh2022_tomato_cmp035,0.006953624,relative_to_internal_standard
ghosh2022_tomato_control_r03,ghosh2022_tomato_cmp035,0.009941708,relative_to_internal_standard
ghosh2022_tomato_control_r04,ghosh2022_tomato_cmp035,0.004123473,relative_to_internal_standard
ghosh2022_tomato_control_r05,ghosh2022_tomato_cmp035,0.012784118,relative_to_internal_standard
ghosh2022_tomato_healthy_whitefly_r01,ghosh2022_tomato_cmp035,0.003890582,relative_to_internal_standard
ghosh2022_tomato_healthy_whitefly_r02,ghosh2022_tomato_cmp035,0.004287934,relative_to_internal_standard
ghosh2022_tomato_healthy_whitefly_r03,ghosh2022_tomato_cmp035,0.005067478,relative_to_internal_standard
ghosh2022_tomato_healthy_whitefly_r04,ghosh2022_tomato_cmp035,0.001828352,relative_to_internal_standard
ghosh2022_tomato_healthy_whitefly_r05,ghosh2022_tomato_cmp035,0.007583729,relative_to_internal_standard
ghosh2022_tomato_virus_r01,ghosh2022_tomato_cmp035,0.00427906,relative_to_internal_standard
ghosh2022_tomato_virus_r02,ghosh2022_tomato_cmp035,0.00556311,relative_to_internal_standard
ghosh2022_tomato_virus_r03,ghosh2022_tomato_cmp035,0.005717723,relative_to_internal_standard
ghosh2022_tomato_virus_r04,ghosh2022_tomato_cmp035,0.002986389,relative_to_internal_standard
ghosh2022_tomato_virus_r05,ghosh2022_tomato_cmp035,0.011466501,relative_to_internal_standard
ghosh2022_tomato_control_r01,ghosh2022_tomato_cmp036,0.10077472,relative_to_internal_standard
ghosh2022_tomato_control_r02,ghosh2022_tomato_cmp036,0.11010583,relative_to_internal_standard
ghosh2022_tomato_control_r03,ghosh2022_tomato_cmp036,0.139805422,relative_to_internal_standard
ghosh2022_tomato_control_r04,ghosh2022_tomato_cmp036,0.110564965,relative_to_internal_standard
ghosh2022_tomato_control_r05,ghosh2022_tomato_cmp036,0.204790488,relative_to_internal_standard
ghosh2022_tomato_healthy_whitefly_r01,ghosh2022_tomato_cmp036,0.181097841,relative_to_internal_standard
ghosh2022_tomato_healthy_whitefly_r02,ghosh2022_tomato_cmp036,0.127578537,relative_to_internal_standard
ghosh2022_tomato_healthy_whitefly_r03,ghosh2022_tomato_cmp036,0.139591735,relative_to_internal_standard
ghosh2022_tomato_healthy_whitefly_r04,ghosh2022_tomato_cmp036,0.063802335,relative_to_internal_standard
ghosh2022_tomato_healthy_whitefly_r05,ghosh2022_tomato_cmp036,0.274172433,relative_to_internal_standard
ghosh2022_tomato_virus_r01,ghosh2022_tomato_cmp036,0.126958691,relative_to_internal_standard
ghosh2022_tomato_virus_r02,ghosh2022_tomato_cmp036,0.109582854,relative_to_internal_standard
ghosh2022_tomato_virus_r03,ghosh2022_tomato_cmp036,0.118496258,relative_to_internal_standard
ghosh2022_tomato_virus_r04,ghosh2022_tomato_cmp036,0.064468229,relative_to_internal_standard
ghosh2022_tomato_virus_r05,ghosh2022_tomato_cmp036,0.147510452,relative_to_internal_standard
ghosh2022_tomato_control_r01,ghosh2022_tomato_cmp037,0.009080391,relative_to_internal_standard
ghosh2022_tomato_control_r02,ghosh2022_tomato_cmp037,0.015301305,relative_to_internal_standard
ghosh2022_tomato_control_r03,ghosh2022_tomato_cmp037,0.014235482,relative_to_internal_standard
ghosh2022_tomato_control_r04,ghosh2022_tomato_cmp037,0.01621342,relative_to_internal_standard
ghosh2022_tomato_control_r05,ghosh2022_tomato_cmp037,0.015226249,relative_to_internal_standard
ghosh2022_tomato_healthy_whitefly_r01,ghosh2022_tomato_cmp037,0.010356475,relative_to_internal_standard
ghosh2022_tomato_healthy_whitefly_r02,ghosh2022_tomato_cmp037,0.009478702,relative_to_internal_standard
ghosh2022_tomato_healthy_whitefly_r03,ghosh2022_tomato_cmp037,0.012206692,relative_to_internal_standard
ghosh2022_tomato_healthy_whitefly_r04,ghosh2022_tomato_cmp037,0.006142034,relative_to_internal_standard
ghosh2022_tomato_healthy_whitefly_r05,ghosh2022_tomato_cmp037,0.01454963,relative_to_internal_standard
ghosh2022_tomato_virus_r01,ghosh2022_tomato_cmp037,0.007648175,relative_to_internal_standard
ghosh2022_tomato_virus_r02,ghosh2022_tomato_cmp037,0.008265157,relative_to_internal_standard
ghosh2022_tomato_virus_r03,ghosh2022_tomato_cmp037,0.007523907,relative_to_internal_standard
ghosh2022_tomato_virus_r04,ghosh2022_tomato_cmp037,0.00615667,relative_to_internal_standard
ghosh2022_tomato_virus_r05,ghosh2022_tomato_cmp037,0.006887926,relative_to_internal_standard
ghosh2022_tomato_control_r01,ghosh2022_tomato_cmp038,0.161790934,relative_to_internal_standard
ghosh2022_tomato_control_r02,ghosh2022_tomato_cmp038,0.148984106,relative_to_internal_standard
ghosh2022_tomato_control_r03,ghosh2022_tomato_cmp038,0.184520424,relative_to_internal_standard
ghosh2022_tomato_control_r04,ghosh2022_tomato_cmp038,0.204428254,relative_to_internal_standard
ghosh2022_tomato_control_r05,ghosh2022_tomato_cmp038,0.15767384,relative_to_internal_standard
ghosh2022_tomato_healthy_whitefly_r01,ghosh2022_tomato_cmp038,0.181475249,relative_to_internal_standard
ghosh2022_tomato_healthy_whitefly_r02,ghosh2022_tomato_cmp038,0.105138773,relative_to_internal_standard
ghosh2022_tomato_healthy_whitefly_r03,ghosh2022_tomato_cmp038,0.149271247,relative_to_internal_standard
ghosh2022_tomato_healthy_whitefly_r04,ghosh2022_tomato_cmp038,0.087429458,relative_to_internal_standard
ghosh2022_tomato_healthy_whitefly_r05,ghosh2022_tomato_cmp038,0.193583144,relative_to_internal_standard
ghosh2022_tomato_virus_r01,ghosh2022_tomato_cmp038,0.140959857,relative_to_internal_standard
ghosh2022_tomato_virus_r02,ghosh2022_tomato_cmp038,0.11439445,relative_to_internal_standard
ghosh2022_tomato_virus_r03,ghosh2022_tomato_cmp038,0.102381887,relative_to_internal_standard
ghosh2022_tomato_virus_r04,ghosh2022_tomato_cmp038,0.091343801,relative_to_internal_standard
ghosh2022_tomato_virus_r05,ghosh2022_tomato_cmp038,0.082375871,relative_to_internal_standard
ghosh2022_tomato_control_r01,ghosh2022_tomato_cmp039,0.187268544,relative_to_internal_standard
ghosh2022_tomato_control_r02,ghosh2022_tomato_cmp039,0.302245796,relative_to_internal_standard
ghosh2022_tomato_control_r03,ghosh2022_tomato_cmp039,0.208697014,relative_to_internal_standard
ghosh2022_tomato_control_r04,ghosh2022_tomato_cmp039,0.329551544,relative_to_internal_standard
ghosh2022_tomato_control_r05,ghosh2022_tomato_cmp039,0.322621665,relative_to_internal_standard
ghosh2022_tomato_healthy_whitefly_r01,ghosh2022_tomato_cmp039,0.228252941,relative_to_internal_standard
ghosh2022_tomato_healthy_whitefly_r02,ghosh2022_tomato_cmp039,0.218846386,relative_to_internal_standard
ghosh2022_tomato_healthy_whitefly_r03,ghosh2022_tomato_cmp039,0.156886758,relative_to_internal_standard
ghosh2022_tomato_healthy_whitefly_r04,ghosh2022_tomato_cmp039,0.14568118,relative_to_internal_standard
ghosh2022_tomato_healthy_whitefly_r05,ghosh2022_tomato_cmp039,0.312440908,relative_to_internal_standard
ghosh2022_tomato_virus_r01,ghosh2022_tomato_cmp039,0.172848431,relative_to_internal_standard
ghosh2022_tomato_virus_r02,ghosh2022_tomato_cmp039,0.176227564,relative_to_internal_standard
ghosh2022_tomato_virus_r03,ghosh2022_tomato_cmp039,0.165380176,relative_to_internal_standard
ghosh2022_tomato_virus_r04,ghosh2022_tomato_cmp039,0.13600316,relative_to_internal_standard
ghosh2022_tomato_virus_r05,ghosh2022_tomato_cmp039,0.145530139,relative_to_internal_standard
ghosh2022_tomato_control_r01,ghosh2022_tomato_cmp040,0.625710864,relative_to_internal_standard
ghosh2022_tomato_control_r02,ghosh2022_tomato_cmp040,0.958210064,relative_to_internal_standard
ghosh2022_tomato_control_r03,ghosh2022_tomato_cmp040,0.698294817,relative_to_internal_standard
ghosh2022_tomato_control_r04,ghosh2022_tomato_cmp040,0.821647915,relative_to_internal_standard
ghosh2022_tomato_control_r05,ghosh2022_tomato_cmp040,1.008930344,relative_to_internal_standard
ghosh2022_tomato_healthy_whitefly_r01,ghosh2022_tomato_cmp040,0.735293145,relative_to_internal_standard
ghosh2022_tomato_healthy_whitefly_r02,ghosh2022_tomato_cmp040,0.670457439,relative_to_internal_standard
ghosh2022_tomato_healthy_whitefly_r03,ghosh2022_tomato_cmp040,0.541599034,relative_to_internal_standard
ghosh2022_tomato_healthy_whitefly_r04,ghosh2022_tomato_cmp040,0.492726088,relative_to_internal_standard
ghosh2022_tomato_healthy_whitefly_r05,ghosh2022_tomato_cmp040,0.929295523,relative_to_internal_standard
ghosh2022_tomato_virus_r01,ghosh2022_tomato_cmp040,0.546164111,relative_to_internal_standard
ghosh2022_tomato_virus_r02,ghosh2022_tomato_cmp040,0.552237932,relative_to_internal_standard
ghosh2022_tomato_virus_r03,ghosh2022_tomato_cmp040,0.579985386,relative_to_internal_standard
ghosh2022_tomato_virus_r04,ghosh2022_tomato_cmp040,0.493100191,relative_to_internal_standard
ghosh2022_tomato_virus_r05,ghosh2022_tomato_cmp040,0.686762657,relative_to_internal_standard
ghosh2022_tomato_control_r01,ghosh2022_tomato_cmp041,0.046003354,relative_to_internal_standard
ghosh2022_tomato_control_r02,ghosh2022_tomato_cmp041,0.041947987,relative_to_internal_standard
ghosh2022_tomato_control_r03,ghosh2022_tomato_cmp041,0.038647449,relative_to_internal_standard
ghosh2022_tomato_control_r04,ghosh2022_tomato_cmp041,0.064028046,relative_to_internal_standard
ghosh2022_tomato_control_r05,ghosh2022_tomato_cmp041,0.064561432,relative_to_internal_standard
ghosh2022_tomato_healthy_whitefly_r01,ghosh2022_tomato_cmp041,0.067893077,relative_to_internal_standard
ghosh2022_tomato_healthy_whitefly_r02,ghosh2022_tomato_cmp041,0.040506546,relative_to_internal_standard
ghosh2022_tomato_healthy_whitefly_r03,ghosh2022_tomato_cmp041,0.034586455,relative_to_internal_standard
ghosh2022_tomato_healthy_whitefly_r04,ghosh2022_tomato_cmp041,0.026882959,relative_to_internal_standard
ghosh2022_tomato_healthy_whitefly_r05,ghosh2022_tomato_cmp041,0.092145873,relative_to_internal_standard
ghosh2022_tomato_virus_r01,ghosh2022_tomato_cmp041,0.04031317,relative_to_internal_standard
ghosh2022_tomato_virus_r02,ghosh2022_tomato_cmp041,0.037058214,relative_to_internal_standard
ghosh2022_tomato_virus_r03,ghosh2022_tomato_cmp041,0.028598725,relative_to_internal_standard
ghosh2022_tomato_virus_r04,ghosh2022_tomato_cmp041,0.024427577,relative_to_internal_standard
ghosh2022_tomato_virus_r05,ghosh2022_tomato_cmp041,0.01644338,relative_to_internal_standard
ghosh2022_tomato_control_r01,ghosh2022_tomato_cmp042,3.975801425,relative_to_internal_standard
ghosh2022_tomato_control_r02,ghosh2022_tomato_cmp042,4.080937427,relative_to_internal_standard
ghosh2022_tomato_control_r03,ghosh2022_tomato_cmp042,4.290488413,relative_to_internal_standard
ghosh2022_tomato_control_r04,ghosh2022_tomato_cmp042,4.321001092,relative_to_internal_standard
ghosh2022_tomato_control_r05,ghosh2022_tomato_cmp042,5.60648647,relative_to_internal_standard
ghosh2022_tomato_healthy_whitefly_r01,ghosh2022_tomato_cmp042,4.969280367,relative_to_internal_standard
ghosh2022_tomato_healthy_whitefly_r02,ghosh2022_tomato_cmp042,4.247739796,relative_to_internal_standard
ghosh2022_tomato_healthy_whitefly_r03,ghosh2022_tomato_cmp042,4.3212385,relative_to_internal_standard
ghosh2022_tomato_healthy_whitefly_r04,ghosh2022_tomato_cmp042,2.89470463,relative_to_internal_standard
ghosh2022_tomato_healthy_whitefly_r05,ghosh2022_tomato_cmp042,5.824794972,relative_to_internal_standard
ghosh2022_tomato_virus_r01,ghosh2022_tomato_cmp042,4.105254303,relative_to_internal_standard
ghosh2022_tomato_virus_r02,ghosh2022_tomato_cmp042,3.691920558,relative_to_internal_standard
ghosh2022_tomato_virus_r03,ghosh2022_tomato_cmp042,3.619578861,relative_to_internal_standard
ghosh2022_tomato_virus_r04,ghosh2022_tomato_cmp042,2.979406147,relative_to_internal_standard
ghosh2022_tomato_virus_r05,ghosh2022_tomato_cmp042,4.000364485,relative_to_internal_standard
ghosh2022_tomato_control_r01,ghosh2022_tomato_cmp043,0.034922658,relative_to_internal_standard
ghosh2022_tomato_control_r02,ghosh2022_tomato_cmp043,0.03652107,relative_to_internal_standard
ghosh2022_tomato_control_r03,ghosh2022_tomato_cmp043,0.032330476,relative_to_internal_standard
ghosh2022_tomato_control_r04,ghosh2022_tomato_cmp043,0.046979665,relative_to_internal_standard
ghosh2022_tomato_control_r05,ghosh2022_tomato_cmp043,0.051546901,relative_to_internal_standard
ghosh2022_tomato_healthy_whitefly_r01,ghosh2022_tomato_cmp043,0.047147525,relative_to_internal_standard
ghosh2022_tomato_healthy_whitefly_r02,ghosh2022_tomato_cmp043,0.039620669,relative_to_internal_standard
ghosh2022_tomato_healthy_whitefly_r03,ghosh2022_tomato_cmp043,0.029622274,relative_to_internal_standard
ghosh2022_tomato_healthy_whitefly_r04,ghosh2022_tomato_cmp043,0.024283468,relative_to_internal_standard
ghosh2022_tomato_healthy_whitefly_r05,ghosh2022_tomato_cmp043,0.055489416,relative_to_internal_standard
ghosh2022_tomato_virus_r01,ghosh2022_tomato_cmp043,0.03596976,relative_to_internal_standard
ghosh2022_tomato_virus_r02,ghosh2022_tomato_cmp043,0.036639251,relative_to_internal_standard
ghosh2022_tomato_virus_r03,ghosh2022_tomato_cmp043,0.030196234,relative_to_internal_standard
ghosh2022_tomato_virus_r04,ghosh2022_tomato_cmp043,0.023299655,relative_to_internal_standard
ghosh2022_tomato_virus_r05,ghosh2022_tomato_cmp043,0.022181523,relative_to_internal_standard
ghosh2022_tomato_control_r01,ghosh2022_tomato_cmp044,0.018719916,relative_to_internal_standard
ghosh2022_tomato_control_r02,ghosh2022_tomato_cmp044,0.021310262,relative_to_internal_standard
ghosh2022_tomato_control_r03,ghosh2022_tomato_cmp044,0.032786104,relative_to_internal_standard
ghosh2022_tomato_control_r04,ghosh2022_tomato_cmp044,0.022441669,relative_to_internal_standard
ghosh2022_tomato_control_r05,ghosh2022_tomato_cmp044,0.034810341,relative_to_internal_standard
ghosh2022_tomato_healthy_whitefly_r01,ghosh2022_tomato_cmp044,0.028171457,relative_to_internal_standard
ghosh2022_tomato_healthy_whitefly_r02,ghosh2022_tomato_cmp044,0.018677487,relative_to_internal_standard
ghosh2022_tomato_healthy_whitefly_r03,ghosh2022_tomato_cmp044,0.030486072,relative_to_internal_standard
ghosh2022_tomato_healthy_whitefly_r04,ghosh2022_tomato_cmp044,0.010438411,relative_to_internal_standard
ghosh2022_tomato_healthy_whitefly_r05,ghosh2022_tomato_cmp044,0.032331768,relative_to_internal_standard
ghosh2022_tomato_virus_r01,ghosh2022_tomato_cmp044,0.02081684,relative_to_internal_standard
ghosh2022_tomato_virus_r02,ghosh2022_tomato_cmp044,0.017513517,relative_to_internal_standard
ghosh2022_tomato_virus_r03,ghosh2022_tomato_cmp044,0.01765548,relative_to_internal_standard
ghosh2022_tomato_virus_r04,ghosh2022_tomato_cmp044,0.011817615,relative_to_internal_standard
ghosh2022_tomato_virus_r05,ghosh2022_tomato_cmp044,0.019771592,relative_to_internal_standard
ghosh2022_tomato_control_r01,ghosh2022_tomato_cmp045,1.078211281,relative_to_internal_standard
ghosh2022_tomato_control_r02,ghosh2022_tomato_cmp045,1.165464241,relative_to_internal_standard
ghosh2022_tomato_control_r03,ghosh2022_tomato_cmp045,1.264961144,relative_to_internal_standard
ghosh2022_tomato_control_r04,ghosh2022_tomato_cmp045,1.164272293,relative_to_internal_standard
ghosh2022_tomato_control_r05,ghosh2022_tomato_cmp045,1.820607452,relative_to_internal_standard
ghosh2022_tomato_healthy_whitefly_r01,ghosh2022_tomato_cmp045,1.723771557,relative_to_internal_standard
ghosh2022_tomato_healthy_whitefly_r02,ghosh2022_tomato_cmp045,1.330706159,relative_to_internal_standard
ghosh2022_tomato_healthy_whitefly_r03,ghosh2022_tomato_cmp045,1.300598486,relative_to_internal_standard
ghosh2022_tomato_healthy_whitefly_r04,ghosh2022_tomato_cmp045,0.945057924,relative_to_internal_standard
ghosh2022_tomato_healthy_whitefly_r05,ghosh2022_tomato_cmp045,1.985122615,relative_to_internal_standard
ghosh2022_tomato_virus_r01,ghosh2022_tomato_cmp045,1.264841808,relative_to_internal_standard
ghosh2022_tomato_virus_r02,ghosh2022_tomato_cmp045,1.123279723,relative_to_internal_standard
ghosh2022_tomato_virus_r03,ghosh2022_tomato_cmp045,1.140687536,relative_to_internal_standard
ghosh2022_tomato_virus_r04,ghosh2022_tomato_cmp045,0.856690088,relative_to_internal_standard
ghosh2022_tomato_virus_r05,ghosh2022_tomato_cmp045,1.303253032,relative_to_internal_standard
ghosh2022_tomato_control_r01,ghosh2022_tomato_cmp046,0.00874568,relative_to_internal_standard
ghosh2022_tomato_control_r02,ghosh2022_tomato_cmp046,0.009858092,relative_to_internal_standard
ghosh2022_tomato_control_r03,ghosh2022_tomato_cmp046,0.006887107,relative_to_internal_standard
ghosh2022_tomato_control_r04,ghosh2022_tomato_cmp046,0.014229553,relative_to_internal_standard
ghosh2022_tomato_control_r05,ghosh2022_tomato_cmp046,0.019557386,relative_to_internal_standard
ghosh2022_tomato_healthy_whitefly_r01,ghosh2022_tomato_cmp046,0.018452625,relative_to_internal_standard
ghosh2022_tomato_healthy_whitefly_r02,ghosh2022_tomato_cmp046,0.010886371,relative_to_internal_standard
ghosh2022_tomato_healthy_whitefly_r03,ghosh2022_tomato_cmp046,0.005866509,relative_to_internal_standard
ghosh2022_tomato_healthy_whitefly_r04,ghosh2022_tomato_cmp046,0.004899545,relative_to_internal_standard
ghosh2022_tomato_healthy_whitefly_r05,ghosh2022_tomato_cmp046,0.019321135,relative_to_internal_standard
ghosh2022_tomato_virus_r01,ghosh2022_tomato_cmp046,0.010586309,relative_to_internal_standard
ghosh2022_tomato_virus_r02,ghosh2022_tomato_cmp046,0.010399832,relative_to_internal_standard
ghosh2022_tomato_virus_r03,ghosh2022_tomato_cmp046,0.01013053,relative_to_internal_standard
ghosh2022_tomato_virus_r04,ghosh2022_tomato_cmp046,0.006775792,relative_to_internal_standard
ghosh2022_tomato_virus_r05,ghosh2022_tomato_cmp046,0.009074512,relative_to_internal_standard
ghosh2022_tomato_control_r01,ghosh2022_tomato_cmp047,0.008774856,relative_to_internal_standard
ghosh2022_tomato_control_r02,ghosh2022_tomato_cmp047,0.008238611,relative_to_internal_standard
ghosh2022_tomato_control_r03,ghosh2022_tomato_cmp047,0.006000217,relative_to_internal_standard
ghosh2022_tomato_control_r04,ghosh2022_tomato_cmp047,0.010265086,relative_to_internal_standard
ghosh2022_tomato_control_r05,ghosh2022_tomato_cmp047,0.011496733,relative_to_internal_standard
ghosh2022_tomato_healthy_whitefly_r01,ghosh2022_tomato_cmp047,0.00974616,relative_to_internal_standard
ghosh2022_tomato_healthy_whitefly_r02,ghosh2022_tomato_cmp047,0.008320376,relative_to_internal_standard
ghosh2022_tomato_healthy_whitefly_r03,ghosh2022_tomato_cmp047,0.006166733,relative_to_internal_standard
ghosh2022_tomato_healthy_whitefly_r04,ghosh2022_tomato_cmp047,0.006569702,relative_to_internal_standard
ghosh2022_tomato_healthy_whitefly_r05,ghosh2022_tomato_cmp047,0.016142473,relative_to_internal_standard
ghosh2022_tomato_virus_r01,ghosh2022_tomato_cmp047,0.009849859,relative_to_internal_standard
ghosh2022_tomato_virus_r02,ghosh2022_tomato_cmp047,0.009918089,relative_to_internal_standard
ghosh2022_tomato_virus_r03,ghosh2022_tomato_cmp047,0.009365712,relative_to_internal_standard
ghosh2022_tomato_virus_r04,ghosh2022_tomato_cmp047,0.007477775,relative_to_internal_standard
ghosh2022_tomato_virus_r05,ghosh2022_tomato_cmp047,0.008719595,relative_to_internal_standard
ghosh2022_tomato_control_r01,ghosh2022_tomato_cmp048,0.344680435,relative_to_internal_standard
ghosh2022_tomato_control_r02,ghosh2022_tomato_cmp048,0.336733229,relative_to_internal_standard
ghosh2022_tomato_control_r03,ghosh2022_tomato_cmp048,0.259468767,relative_to_internal_standard
ghosh2022_tomato_control_r04,ghosh2022_tomato_cmp048,0.366475899,relative_to_internal_standard
ghosh2022_tomato_control_r05,ghosh2022_tomato_cmp048,0.528808599,relative_to_internal_standard
ghosh2022_tomato_healthy_whitefly_r01,ghosh2022_tomato_cmp048,0.44267478,relative_to_internal_standard
ghosh2022_tomato_healthy_whitefly_r02,ghosh2022_tomato_cmp048,0.3588106,relative_to_internal_standard
ghosh2022_tomato_healthy_whitefly_r03,ghosh2022_tomato_cmp048,0.260253928,relative_to_internal_standard
ghosh2022_tomato_healthy_whitefly_r04,ghosh2022_tomato_cmp048,0.235834351,relative_to_internal_standard
ghosh2022_tomato_healthy_whitefly_r05,ghosh2022_tomato_cmp048,0.584257187,relative_to_internal_standard
ghosh2022_tomato_virus_r01,ghosh2022_tomato_cmp048,0.376536712,relative_to_internal_standard
ghosh2022_tomato_virus_r02,ghosh2022_tomato_cmp048,0.377797045,relative_to_internal_standard
ghosh2022_tomato_virus_r03,ghosh2022_tomato_cmp048,0.35467943,relative_to_internal_standard
ghosh2022_tomato_virus_r04,ghosh2022_tomato_cmp048,0.2885169,relative_to_internal_standard
ghosh2022_tomato_virus_r05,ghosh2022_tomato_cmp048,0.35191009,relative_to_internal_standard
ghosh2022_tomato_control_r01,ghosh2022_tomato_cmp049,0.92283469,relative_to_internal_standard
ghosh2022_tomato_control_r02,ghosh2022_tomato_cmp049,0.812346017,relative_to_internal_standard
ghosh2022_tomato_control_r03,ghosh2022_tomato_cmp049,0.908728402,relative_to_internal_standard
ghosh2022_tomato_control_r04,ghosh2022_tomato_cmp049,1.120167885,relative_to_internal_standard
ghosh2022_tomato_control_r05,ghosh2022_tomato_cmp049,1.328857229,relative_to_internal_standard
ghosh2022_tomato_healthy_whitefly_r01,ghosh2022_tomato_cmp049,1.269130469,relative_to_internal_standard
ghosh2022_tomato_healthy_whitefly_r02,ghosh2022_tomato_cmp049,1.025484412,relative_to_internal_standard
ghosh2022_tomato_healthy_whitefly_r03,ghosh2022_tomato_cmp049,0.795307014,relative_to_internal_standard
ghosh2022_tomato_healthy_whitefly_r04,ghosh2022_tomato_cmp049,0.548477286,relative_to_internal_standard
ghosh2022_tomato_healthy_whitefly_r05,ghosh2022_tomato_cmp049,1.522200192,relative_to_internal_standard
ghosh2022_tomato_virus_r01,ghosh2022_tomato_cmp049,1.14512202,relative_to_internal_standard
ghosh2022_tomato_virus_r02,ghosh2022_tomato_cmp049,1.178156531,relative_to_internal_standard
ghosh2022_tomato_virus_r03,ghosh2022_tomato_cmp049,0.910043017,relative_to_internal_standard
ghosh2022_tomato_virus_r04,ghosh2022_tomato_cmp049,0.705630691,relative_to_internal_standard
ghosh2022_tomato_virus_r05,ghosh2022_tomato_cmp049,1.036213884,relative_to_internal_standard
ghosh2022_tomato_control_r01,ghosh2022_tomato_cmp050,0.402568236,relative_to_internal_standard
ghosh2022_tomato_control_r02,ghosh2022_tomato_cmp050,0.278632043,relative_to_internal_standard
ghosh2022_tomato_control_r03,ghosh2022_tomato_cmp050,0.287450376,relative_to_internal_standard
ghosh2022_tomato_control_r04,ghosh2022_tomato_cmp050,0.242751623,relative_to_internal_standard
ghosh2022_tomato_control_r05,ghosh2022_tomato_cmp050,0.182074255,relative_to_internal_standard
ghosh2022_tomato_healthy_whitefly_r01,ghosh2022_tomato_cmp050,0.216497391,relative_to_internal_standard
ghosh2022_tomato_healthy_whitefly_r02,ghosh2022_tomato_cmp050,0.391402413,relative_to_internal_standard
ghosh2022_tomato_healthy_whitefly_r03,ghosh2022_tomato_cmp050,0.861786061,relative_to_internal_standard
ghosh2022_tomato_healthy_whitefly_r04,ghosh2022_tomato_cmp050,0.677982267,relative_to_internal_standard
ghosh2022_tomato_healthy_whitefly_r05,ghosh2022_tomato_cmp050,0.196108527,relative_to_internal_standard
ghosh2022_tomato_virus_r01,ghosh2022_tomato_cmp050,0.504388636,relative_to_internal_standard
ghosh2022_tomato_virus_r02,ghosh2022_tomato_cmp050,0.274729897,relative_to_internal_standard
ghosh2022_tomato_virus_r03,ghosh2022_tomato_cmp050,0.788247603,relative_to_internal_standard
ghosh2022_tomato_virus_r04,ghosh2022_tomato_cmp050,0.759590298,relative_to_internal_standard
ghosh2022_tomato_virus_r05,ghosh2022_tomato_cmp050,1.485043595,relative_to_internal_standard
ghosh2022_tomato_control_r01,ghosh2022_tomato_cmp051,0.011067007,relative_to_internal_standard
ghosh2022_tomato_control_r02,ghosh2022_tomato_cmp051,0.013279595,relative_to_internal_standard
ghosh2022_tomato_control_r03,ghosh2022_tomato_cmp051,0.009311919,relative_to_internal_standard
ghosh2022_tomato_control_r04,ghosh2022_tomato_cmp051,0.011809555,relative_to_internal_standard
ghosh2022_tomato_control_r05,ghosh2022_tomato_cmp051,0.009247693,relative_to_internal_standard
ghosh2022_tomato_healthy_whitefly_r01,ghosh2022_tomato_cmp051,0.050036192,relative_to_internal_standard
ghosh2022_tomato_healthy_whitefly_r02,ghosh2022_tomato_cmp051,0.062160152,relative_to_internal_standard
ghosh2022_tomato_healthy_whitefly_r03,ghosh2022_tomato_cmp051,0.040741864,relative_to_internal_standard
ghosh2022_tomato_healthy_whitefly_r04,ghosh2022_tomato_cmp051,0.05943822,relative_to_internal_standard
ghosh2022_tomato_healthy_whitefly_r05,ghosh2022_tomato_cmp051,0.023430443,relative_to_internal_standard
ghosh2022_tomato_virus_r01,ghosh2022_tomato_cmp051,0.053277931,relative_to_internal_standard
ghosh2022_tomato_virus_r02,ghosh2022_tomato_cmp051,0.041562813,relative_to_internal_standard
ghosh2022_tomato_virus_r03,ghosh2022_tomato_cmp051,0.052318836,relative_to_internal_standard
ghosh2022_tomato_virus_r04,ghosh2022_tomato_cmp051,0.048244291,relative_to_internal_standard
ghosh2022_tomato_virus_r05,ghosh2022_tomato_cmp051,0.070219218,relative_to_internal_standard
ghosh2022_tomato_control_r01,ghosh2022_tomato_cmp052,0.040701034,relative_to_internal_standard
ghosh2022_tomato_control_r02,ghosh2022_tomato_cmp052,0.018609641,relative_to_internal_standard
ghosh2022_tomato_control_r03,ghosh2022_tomato_cmp052,0.043383047,relative_to_internal_standard
ghosh2022_tomato_control_r04,ghosh2022_tomato_cmp052,0.014554897,relative_to_internal_standard
ghosh2022_tomato_control_r05,ghosh2022_tomato_cmp052,0.051372024,relative_to_internal_standard
ghosh2022_tomato_healthy_whitefly_r01,ghosh2022_tomato_cmp052,0.023821101,relative_to_internal_standard
ghosh2022_tomato_healthy_whitefly_r02,ghosh2022_tomato_cmp052,0.065873755,relative_to_internal_standard
ghosh2022_tomato_healthy_whitefly_r03,ghosh2022_tomato_cmp052,0.082666531,relative_to_internal_standard
ghosh2022_tomato_healthy_whitefly_r04,ghosh2022_tomato_cmp052,0.076181502,relative_to_internal_standard
ghosh2022_tomato_healthy_whitefly_r05,ghosh2022_tomato_cmp052,0.021214643,relative_to_internal_standard
ghosh2022_tomato_virus_r01,ghosh2022_tomato_cmp052,0.446603965,relative_to_internal_standard
ghosh2022_tomato_virus_r02,ghosh2022_tomato_cmp052,0.249986814,relative_to_internal_standard
ghosh2022_tomato_virus_r03,ghosh2022_tomato_cmp052,0.346754221,relative_to_internal_standard
ghosh2022_tomato_virus_r04,ghosh2022_tomato_cmp052,0.285594791,relative_to_internal_standard
ghosh2022_tomato_virus_r05,ghosh2022_tomato_cmp052,0.421505486,relative_to_internal_standard
ghosh2022_tomato_control_r01,ghosh2022_tomato_cmp053,0.002474051,relative_to_internal_standard
ghosh2022_tomato_control_r02,ghosh2022_tomato_cmp053,0.002242491,relative_to_internal_standard
ghosh2022_tomato_control_r03,ghosh2022_tomato_cmp053,0.001428337,relative_to_internal_standard
ghosh2022_tomato_control_r04,ghosh2022_tomato_cmp053,0.001970557,relative_to_internal_standard
ghosh2022_tomato_control_r05,ghosh2022_tomato_cmp053,0.001622836,relative_to_internal_standard
ghosh2022_tomato_healthy_whitefly_r01,ghosh2022_tomato_cmp053,0.002011405,relative_to_internal_standard
ghosh2022_tomato_healthy_whitefly_r02,ghosh2022_tomato_cmp053,0.002338003,relative_to_internal_standard
ghosh2022_tomato_healthy_whitefly_r03,ghosh2022_tomato_cmp053,0.001712544,relative_to_internal_standard
ghosh2022_tomato_healthy_whitefly_r04,ghosh2022_tomato_cmp053,0.001786851,relative_to_internal_standard
ghosh2022_tomato_healthy_whitefly_r05,ghosh2022_tomato_cmp053,0.002528058,relative_to_internal_standard
ghosh2022_tomato_virus_r01,ghosh2022_tomato_cmp053,0.003496695,relative_to_internal_standard
ghosh2022_tomato_virus_r02,ghosh2022_tomato_cmp053,0.002640975,relative_to_internal_standard
ghosh2022_tomato_virus_r03,ghosh2022_tomato_cmp053,0.003865007,relative_to_internal_standard
ghosh2022_tomato_virus_r04,ghosh2022_tomato_cmp053,0.003301387,relative_to_internal_standard
ghosh2022_tomato_virus_r05,ghosh2022_tomato_cmp053,0.003595596,relative_to_internal_standard
ghosh2022_tomato_control_r01,ghosh2022_tomato_cmp054,0.006367199,relative_to_internal_standard
ghosh2022_tomato_control_r02,ghosh2022_tomato_cmp054,0.004864633,relative_to_internal_standard
ghosh2022_tomato_control_r03,ghosh2022_tomato_cmp054,0.011011881,relative_to_internal_standard
ghosh2022_tomato_control_r04,ghosh2022_tomato_cmp054,0.003826662,relative_to_internal_standard
ghosh2022_tomato_control_r05,ghosh2022_tomato_cmp054,0.010724034,relative_to_internal_standard
ghosh2022_tomato_healthy_whitefly_r01,ghosh2022_tomato_cmp054,0.02075399,relative_to_internal_standard
ghosh2022_tomato_healthy_whitefly_r02,ghosh2022_tomato_cmp054,0.010943918,relative_to_internal_standard
ghosh2022_tomato_healthy_whitefly_r03,ghosh2022_tomato_cmp054,0.01630307,relative_to_internal_standard
ghosh2022_tomato_healthy_whitefly_r04,ghosh2022_tomato_cmp054,0.006552257,relative_to_internal_standard
ghosh2022_tomato_healthy_whitefly_r05,ghosh2022_tomato_cmp054,0.018881008,relative_to_internal_standard
ghosh2022_tomato_virus_r01,ghosh2022_tomato_cmp054,0.032738132,relative_to_internal_standard
ghosh2022_tomato_virus_r02,ghosh2022_tomato_cmp054,0.024538726,relative_to_internal_standard
ghosh2022_tomato_virus_r03,ghosh2022_tomato_cmp054,0.015508245,relative_to_internal_standard
ghosh2022_tomato_virus_r04,ghosh2022_tomato_cmp054,0.020093518,relative_to_internal_standard
ghosh2022_tomato_virus_r05,ghosh2022_tomato_cmp054,0.04814132,relative_to_internal_standard
ghosh2022_tomato_control_r01,ghosh2022_tomato_cmp055,0.079751274,relative_to_internal_standard
ghosh2022_tomato_control_r02,ghosh2022_tomato_cmp055,0.059788858,relative_to_internal_standard
ghosh2022_tomato_control_r03,ghosh2022_tomato_cmp055,0.071680811,relative_to_internal_standard
ghosh2022_tomato_control_r04,ghosh2022_tomato_cmp055,0.060883794,relative_to_internal_standard
ghosh2022_tomato_control_r05,ghosh2022_tomato_cmp055,0.096965176,relative_to_internal_standard
ghosh2022_tomato_healthy_whitefly_r01,ghosh2022_tomato_cmp055,0.082236212,relative_to_internal_standard
ghosh2022_tomato_healthy_whitefly_r02,ghosh2022_tomato_cmp055,0.112783517,relative_to_internal_standard
ghosh2022_tomato_healthy_whitefly_r03,ghosh2022_tomato_cmp055,0.079546223,relative_to_internal_standard
ghosh2022_tomato_healthy_whitefly_r04,ghosh2022_tomato_cmp055,0.075417819,relative_to_internal_standard
ghosh2022_tomato_healthy_whitefly_r05,ghosh2022_tomato_cmp055,0.091338638,relative_to_internal_standard
ghosh2022_tomato_virus_r01,ghosh2022_tomato_cmp055,0.112977941,relative_to_internal_standard
ghosh2022_tomato_virus_r02,ghosh2022_tomato_cmp055,0.090360102,relative_to_internal_standard
ghosh2022_tomato_virus_r03,ghosh2022_tomato_cmp055,0.087646965,relative_to_internal_standard
ghosh2022_tomato_virus_r04,ghosh2022_tomato_cmp055,0.104221962,relative_to_internal_standard
ghosh2022_tomato_virus_r05,ghosh2022_tomato_cmp055,0.155959836,relative_to_internal_standard
ghosh2022_tomato_control_r01,ghosh2022_tomato_cmp056,0.058507768,relative_to_internal_standard
ghosh2022_tomato_control_r02,ghosh2022_tomato_cmp056,0.036094623,relative_to_internal_standard
ghosh2022_tomato_control_r03,ghosh2022_tomato_cmp056,0.04339589,relative_to_internal_standard
ghosh2022_tomato_control_r04,ghosh2022_tomato_cmp056,0.043533581,relative_to_internal_standard
ghosh2022_tomato_control_r05,ghosh2022_tomato_cmp056,0.054449746,relative_to_internal_standard
ghosh2022_tomato_healthy_whitefly_r01,ghosh2022_tomato_cmp056,0.035034415,relative_to_internal_standard
ghosh2022_tomato_healthy_whitefly_r02,ghosh2022_tomato_cmp056,0.048453963,relative_to_internal_standard
ghosh2022_tomato_healthy_whitefly_r03,ghosh2022_tomato_cmp056,0.066219839,relative_to_internal_standard
ghosh2022_tomato_healthy_whitefly_r04,ghosh2022_tomato_cmp056,0.046801397,relative_to_internal_standard
ghosh2022_tomato_healthy_whitefly_r05,ghosh2022_tomato_cmp056,0.03281214,relative_to_internal_standard
ghosh2022_tomato_virus_r01,ghosh2022_tomato_cmp056,0.075209999,relative_to_internal_standard
ghosh2022_tomato_virus_r02,ghosh2022_tomato_cmp056,0.056263954,relative_to_internal_standard
ghosh2022_tomato_virus_r03,ghosh2022_tomato_cmp056,0.060787192,relative_to_internal_standard
ghosh2022_tomato_virus_r04,ghosh2022_tomato_cmp056,0.041940343,relative_to_internal_standard
ghosh2022_tomato_virus_r05,ghosh2022_tomato_cmp056,0.076188101,relative_to_internal_standard
ghosh2022_tomato_control_r01,ghosh2022_tomato_cmp057,0.944384928,relative_to_internal_standard
ghosh2022_tomato_control_r02,ghosh2022_tomato_cmp057,0.824851925,relative_to_internal_standard
ghosh2022_tomato_control_r03,ghosh2022_tomato_cmp057,1.173338463,relative_to_internal_standard
ghosh2022_tomato_control_r04,ghosh2022_tomato_cmp057,0.612869435,relative_to_internal_standard
ghosh2022_tomato_control_r05,ghosh2022_tomato_cmp057,1.427914447,relative_to_internal_standard
ghosh2022_tomato_healthy_whitefly_r01,ghosh2022_tomato_cmp057,1.023721188,relative_to_internal_standard
ghosh2022_tomato_healthy_whitefly_r02,ghosh2022_tomato_cmp057,1.115777471,relative_to_internal_standard
ghosh2022_tomato_healthy_whitefly_r03,ghosh2022_tomato_cmp057,1.645447472,relative_to_internal_standard
ghosh2022_tomato_healthy_whitefly_r04,ghosh2022_tomato_cmp057,0.921289698,relative_to_internal_standard
ghosh2022_tomato_healthy_whitefly_r05,ghosh2022_tomato_cmp057,1.471883279,relative_to_internal_standard
ghosh2022_tomato_virus_r01,ghosh2022_tomato_cmp057,1.295359908,relative_to_internal_standard
ghosh2022_tomato_virus_r02,ghosh2022_tomato_cmp057,1.167097932,relative_to_internal_standard
ghosh2022_tomato_virus_r03,ghosh2022_tomato_cmp057,1.783591062,relative_to_internal_standard
ghosh2022_tomato_virus_r04,ghosh2022_tomato_cmp057,1.088573995,relative_to_internal_standard
ghosh2022_tomato_virus_r05,ghosh2022_tomato_cmp057,2.119357762,relative_to_internal_standard
ghosh2022_tomato_control_r01,ghosh2022_tomato_cmp058,0.027045411,relative_to_internal_standard
ghosh2022_tomato_control_r02,ghosh2022_tomato_cmp058,0.027834617,relative_to_internal_standard
ghosh2022_tomato_control_r03,ghosh2022_tomato_cmp058,0.039878099,relative_to_internal_standard
ghosh2022_tomato_control_r04,ghosh2022_tomato_cmp058,0.038917309,relative_to_internal_standard
ghosh2022_tomato_control_r05,ghosh2022_tomato_cmp058,0.046208964,relative_to_internal_standard
ghosh2022_tomato_healthy_whitefly_r01,ghosh2022_tomato_cmp058,0.046599823,relative_to_internal_standard
ghosh2022_tomato_healthy_whitefly_r02,ghosh2022_tomato_cmp058,0.036276072,relative_to_internal_standard
ghosh2022_tomato_healthy_whitefly_r03,ghosh2022_tomato_cmp058,0.044293311,relative_to_internal_standard
ghosh2022_tomato_healthy_whitefly_r04,ghosh2022_tomato_cmp058,0.018117518,relative_to_internal_standard
ghosh2022_tomato_healthy_whitefly_r05,ghosh2022_tomato_cmp058,0.057185714,relative_to_internal_standard
ghosh2022_tomato_virus_r01,ghosh2022_tomato_cmp058,0.033764544,relative_to_internal_standard
ghosh2022_tomato_virus_r02,ghosh2022_tomato_cmp058,0.033514184,relative_to_internal_standard
ghosh2022_tomato_virus_r03,ghosh2022_tomato_cmp058,0.025308555,relative_to_internal_standard
ghosh2022_tomato_virus_r04,ghosh2022_tomato_cmp058,0.01880414,relative_to_internal_standard
ghosh2022_tomato_virus_r05,ghosh2022_tomato_cmp058,0.029087173,relative_to_internal_standard
ghosh2022_tomato_control_r01,ghosh2022_tomato_cmp059,0.111608661,relative_to_internal_standard
ghosh2022_tomato_control_r02,ghosh2022_tomato_cmp059,0.013644224,relative_to_internal_standard
ghosh2022_tomato_control_r03,ghosh2022_tomato_cmp059,0.084156198,relative_to_internal_standard
ghosh2022_tomato_control_r04,ghosh2022_tomato_cmp059,0.054312507,relative_to_internal_standard
ghosh2022_tomato_control_r05,ghosh2022_tomato_cmp059,0.09117837,relative_to_internal_standard
ghosh2022_tomato_healthy_whitefly_r01,ghosh2022_tomato_cmp059,0.014507963,relative_to_internal_standard
ghosh2022_tomato_healthy_whitefly_r02,ghosh2022_tomato_cmp059,0.065982085,relative_to_internal_standard
ghosh2022_tomato_healthy_whitefly_r03,ghosh2022_tomato_cmp059,0.05239161,relative_to_internal_standard
ghosh2022_tomato_healthy_whitefly_r04,ghosh2022_tomato_cmp059,0.016747503,relative_to_internal_standard
ghosh2022_tomato_healthy_whitefly_r05,ghosh2022_tomato_cmp059,0.020760134,relative_to_internal_standard
ghosh2022_tomato_virus_r01,ghosh2022_tomato_cmp059,0.050515446,relative_to_internal_standard
ghosh2022_tomato_virus_r02,ghosh2022_tomato_cmp059,0.154928434,relative_to_internal_standard
ghosh2022_tomato_virus_r03,ghosh2022_tomato_cmp059,0.019004602,relative_to_internal_standard
ghosh2022_tomato_virus_r04,ghosh2022_tomato_cmp059,0.056779515,relative_to_internal_standard
ghosh2022_tomato_virus_r05,ghosh2022_tomato_cmp059,0.040823776,relative_to_internal_standard
ghosh2022_tomato_control_r01,ghosh2022_tomato_cmp060,0.119568816,relative_to_internal_standard
ghosh2022_tomato_control_r02,ghosh2022_tomato_cmp060,0.109493472,relative_to_internal_standard
ghosh2022_tomato_control_r03,ghosh2022_tomato_cmp060,0.111773281,relative_to_internal_standard
ghosh2022_tomato_control_r04,ghosh2022_tomato_cmp060,0.095362567,relative_to_internal_standard
ghosh2022_tomato_control_r05,ghosh2022_tomato_cmp060,0.135575207,relative_to_internal_standard
ghosh2022_tomato_healthy_whitefly_r01,ghosh2022_tomato_cmp060,0.144530686,relative_to_internal_standard
ghosh2022_tomato_healthy_whitefly_r02,ghosh2022_tomato_cmp060,0.111174916,relative_to_internal_standard
ghosh2022_tomato_healthy_whitefly_r03,ghosh2022_tomato_cmp060,0.147107816,relative_to_internal_standard
ghosh2022_tomato_healthy_whitefly_r04,ghosh2022_tomato_cmp060,0.103035551,relative_to_internal_standard
ghosh2022_tomato_healthy_whitefly_r05,ghosh2022_tomato_cmp060,0.232357409,relative_to_internal_standard
ghosh2022_tomato_virus_r01,ghosh2022_tomato_cmp060,0.133277828,relative_to_internal_standard
ghosh2022_tomato_virus_r02,ghosh2022_tomato_cmp060,0.09835072,relative_to_internal_standard
ghosh2022_tomato_virus_r03,ghosh2022_tomato_cmp060,0.163343978,relative_to_internal_standard
ghosh2022_tomato_virus_r04,ghosh2022_tomato_cmp060,0.120292014,relative_to_internal_standard
ghosh2022_tomato_virus_r05,ghosh2022_tomato_cmp060,0.242075705,relative_to_internal_standard
ghosh2022_tomato_control_r01,ghosh2022_tomato_cmp061,0.042864844,relative_to_internal_standard
ghosh2022_tomato_control_r02,ghosh2022_tomato_cmp061,0.036974376,relative_to_internal_standard
ghosh2022_tomato_control_r03,ghosh2022_tomato_cmp061,0.046216916,relative_to_internal_standard
ghosh2022_tomato_control_r04,ghosh2022_tomato_cmp061,0.022787337,relative_to_internal_standard
ghosh2022_tomato_control_r05,ghosh2022_tomato_cmp061,0.064723458,relative_to_internal_standard
ghosh2022_tomato_healthy_whitefly_r01,ghosh2022_tomato_cmp061,0.068464175,relative_to_internal_standard
ghosh2022_tomato_healthy_whitefly_r02,ghosh2022_tomato_cmp061,0.050855926,relative_to_internal_standard
ghosh2022_tomato_healthy_whitefly_r03,ghosh2022_tomato_cmp061,0.07879387,relative_to_internal_standard
ghosh2022_tomato_healthy_whitefly_r04,ghosh2022_tomato_cmp061,0.029913987,relative_to_internal_standard
ghosh2022_tomato_healthy_whitefly_r05,ghosh2022_tomato_cmp061,0.109917978,relative_to_internal_standard
ghosh2022_tomato_virus_r01,ghosh2022_tomato_cmp061,0.049761509,relative_to_internal_standard
ghosh2022_tomato_virus_r02,ghosh2022_tomato_cmp061,0.032096857,relative_to_internal_standard
ghosh2022_tomato_virus_r03,ghosh2022_tomato_cmp061,0.045503186,relative_to_internal_standard
ghosh2022_tomato_virus_r04,ghosh2022_tomato_cmp061,0.035303227,relative_to_internal_standard
ghosh2022_tomato_virus_r05,ghosh2022_tomato_cmp061,0.077594283,relative_to_internal_standard
ghosh2022_tomato_control_r01,ghosh2022_tomato_cmp062,0.006174091,relative_to_internal_standard
ghosh2022_tomato_control_r02,ghosh2022_tomato_cmp062,0.006133414,relative_to_internal_standard
ghosh2022_tomato_control_r03,ghosh2022_tomato_cmp062,0.008760749,relative_to_internal_standard
ghosh2022_tomato_control_r04,ghosh2022_tomato_cmp062,0.006424077,relative_to_internal_standard
ghosh2022_tomato_control_r05,ghosh2022_tomato_cmp062,0.010542788,relative_to_internal_standard
ghosh2022_tomato_healthy_whitefly_r01,ghosh2022_tomato_cmp062,0.009800623,relative_to_internal_standard
ghosh2022_tomato_healthy_whitefly_r02,ghosh2022_tomato_cmp062,0.007157041,relative_to_internal_standard
ghosh2022_tomato_healthy_whitefly_r03,ghosh2022_tomato_cmp062,0.009970897,relative_to_internal_standard
ghosh2022_tomato_healthy_whitefly_r04,ghosh2022_tomato_cmp062,0.003750186,relative_to_internal_standard
ghosh2022_tomato_healthy_whitefly_r05,ghosh2022_tomato_cmp062,0.011645992,relative_to_internal_standard
ghosh2022_tomato_virus_r01,ghosh2022_tomato_cmp062,0.007647228,relative_to_internal_standard
ghosh2022_tomato_virus_r02,ghosh2022_tomato_cmp062,0.006514567,relative_to_internal_standard
ghosh2022_tomato_virus_r03,ghosh2022_tomato_cmp062,0.006278921,relative_to_internal_standard
ghosh2022_tomato_virus_r04,ghosh2022_tomato_cmp062,0.003943977,relative_to_internal_standard
ghosh2022_tomato_virus_r05,ghosh2022_tomato_cmp062,0.008449493,relative_to_internal_standard
ghosh2022_tomato_control_r01,ghosh2022_tomato_cmp063,0.067162669,relative_to_internal_standard
ghosh2022_tomato_control_r02,ghosh2022_tomato_cmp063,0.137803972,relative_to_internal_standard
ghosh2022_tomato_control_r03,ghosh2022_tomato_cmp063,0.030761586,relative_to_internal_standard
ghosh2022_tomato_control_r04,ghosh2022_tomato_cmp063,0.375226245,relative_to_internal_standard
ghosh2022_tomato_control_r05,ghosh2022_tomato_cmp063,0.044225089,relative_to_internal_standard
ghosh2022_tomato_healthy_whitefly_r01,ghosh2022_tomato_cmp063,0.085267174,relative_to_internal_standard
ghosh2022_tomato_healthy_whitefly_r02,ghosh2022_tomato_cmp063,0.051912425,relative_to_internal_standard
ghosh2022_tomato_healthy_whitefly_r03,ghosh2022_tomato_cmp063,0.128120687,relative_to_internal_standard
ghosh2022_tomato_healthy_whitefly_r04,ghosh2022_tomato_cmp063,0.485707123,relative_to_internal_standard
ghosh2022_tomato_healthy_whitefly_r05,ghosh2022_tomato_cmp063,0.056711807,relative_to_internal_standard
ghosh2022_tomato_virus_r01,ghosh2022_tomato_cmp063,0.075346538,relative_to_internal_standard
ghosh2022_tomato_virus_r02,ghosh2022_tomato_cmp063,0.068442492,relative_to_internal_standard
ghosh2022_tomato_virus_r03,ghosh2022_tomato_cmp063,0.237461934,relative_to_internal_standard
ghosh2022_tomato_virus_r04,ghosh2022_tomato_cmp063,0.1472404,relative_to_internal_standard
ghosh2022_tomato_virus_r05,ghosh2022_tomato_cmp063,0.239900428,relative_to_internal_standard
ghosh2022_tomato_control_r01,ghosh2022_tomato_cmp064,0.001487203,relative_to_internal_standard
ghosh2022_tomato_control_r02,ghosh2022_tomato_cmp064,0.008696013,relative_to_internal_standard
ghosh2022_tomato_control_r03,ghosh2022_tomato_cmp064,0.00728032,relative_to_internal_standard
ghosh2022_tomato_control_r04,ghosh2022_tomato_cmp064,0.013568184,relative_to_internal_standard
ghosh2022_tomato_control_r05,ghosh2022_tomato_cmp064,0.007874155,relative_to_internal_standard
ghosh2022_tomato_healthy_whitefly_r01,ghosh2022_tomato_cmp064,0.003357263,relative_to_internal_standard
ghosh2022_tomato_healthy_whitefly_r02,ghosh2022_tomato_cmp064,0.003973928,relative_to_internal_standard
ghosh2022_tomato_healthy_whitefly_r03,ghosh2022_tomato_cmp064,0.005459122,relative_to_internal_standard
ghosh2022_tomato_healthy_whitefly_r04,ghosh2022_tomato_cmp064,0.001629852,relative_to_internal_standard
ghosh2022_tomato_healthy_whitefly_r05,ghosh2022_tomato_cmp064,0.00343964,relative_to_internal_standard
ghosh2022_tomato_virus_r01,ghosh2022_tomato_cmp064,0.004728304,relative_to_internal_standard
ghosh2022_tomato_virus_r02,ghosh2022_tomato_cmp064,0.00317048,relative_to_internal_standard
ghosh2022_tomato_virus_r03,ghosh2022_tomato_cmp064,0.002350775,relative_to_internal_standard
ghosh2022_tomato_virus_r04,ghosh2022_tomato_cmp064,0.001408027,relative_to_internal_standard
ghosh2022_tomato_virus_r05,ghosh2022_tomato_cmp064,0.003034624,relative_to_internal_standard
ghosh2022_tomato_control_r01,ghosh2022_tomato_cmp065,0.001408573,relative_to_internal_standard
ghosh2022_tomato_control_r02,ghosh2022_tomato_cmp065,0.001810581,relative_to_internal_standard
ghosh2022_tomato_control_r03,ghosh2022_tomato_cmp065,0.002368279,relative_to_internal_standard
ghosh2022_tomato_control_r04,ghosh2022_tomato_cmp065,0.002733865,relative_to_internal_standard
ghosh2022_tomato_control_r05,ghosh2022_tomato_cmp065,0.003296626,relative_to_internal_standard
ghosh2022_tomato_healthy_whitefly_r01,ghosh2022_tomato_cmp065,0.0017085,relative_to_internal_standard
ghosh2022_tomato_healthy_whitefly_r02,ghosh2022_tomato_cmp065,0.001590766,relative_to_internal_standard
ghosh2022_tomato_healthy_whitefly_r03,ghosh2022_tomato_cmp065,0.002219913,relative_to_internal_standard
ghosh2022_tomato_healthy_whitefly_r04,ghosh2022_tomato_cmp065,0.000631022,relative_to_internal_standard
ghosh2022_tomato_healthy_whitefly_r05,ghosh2022_tomato_cmp065,0.002499965,relative_to_internal_standard
ghosh2022_tomato_virus_r01,ghosh2022_tomato_cmp065,0.001425521,relative_to_internal_standard
ghosh2022_tomato_virus_r02,ghosh2022_tomato_cmp065,0.001939145,relative_to_internal_standard
ghosh2022_tomato_virus_r03,ghosh2022_tomato_cmp065,0.000970043,relative_to_internal_standard
ghosh2022_tomato_virus_r04,ghosh2022_tomato_cmp065,0.000888215,relative_to_internal_standard
ghosh2022_tomato_virus_r05,ghosh2022_tomato_cmp065,0.000768442,relative_to_internal_standard
ghosh2022_tomato_control_r01,ghosh2022_tomato_cmp066,0.610261991,relative_to_internal_standard
ghosh2022_tomato_control_r02,ghosh2022_tomato_cmp066,0.807089989,relative_to_internal_standard
ghosh2022_tomato_control_r03,ghosh2022_tomato_cmp066,1.027102402,relative_to_internal_standard
ghosh2022_tomato_control_r04,ghosh2022_tomato_cmp066,0.653116974,relative_to_internal_standard
ghosh2022_tomato_control_r05,ghosh2022_tomato_cmp066,1.151574155,relative_to_internal_standard
ghosh2022_tomato_healthy_whitefly_r01,ghosh2022_tomato_cmp066,0.569613994,relative_to_internal_standard
ghosh2022_tomato_healthy_whitefly_r02,ghosh2022_tomato_cmp066,0.622518854,relative_to_internal_standard
ghosh2022_tomato_healthy_whitefly_r03,ghosh2022_tomato_cmp066,0.934140733,relative_to_internal_standard
ghosh2022_tomato_healthy_whitefly_r04,ghosh2022_tomato_cmp066,0.379045184,relative_to_internal_standard
ghosh2022_tomato_healthy_whitefly_r05,ghosh2022_tomato_cmp066,0.855842923,relative_to_internal_standard
ghosh2022_tomato_virus_r01,ghosh2022_tomato_cmp066,0.561244324,relative_to_internal_standard
ghosh2022_tomato_virus_r02,ghosh2022_tomato_cmp066,0.68852031,relative_to_internal_standard
ghosh2022_tomato_virus_r03,ghosh2022_tomato_cmp066,0.61638288,relative_to_internal_standard
ghosh2022_tomato_virus_r04,ghosh2022_tomato_cmp066,0.485060967,relative_to_internal_standard
ghosh2022_tomato_virus_r05,ghosh2022_tomato_cmp066,0.784895343,relative_to_internal_standard
ghosh2022_tomato_control_r01,ghosh2022_tomato_cmp067,0.6041276,relative_to_internal_standard
ghosh2022_tomato_control_r02,ghosh2022_tomato_cmp067,0.807835361,relative_to_internal_standard
ghosh2022_tomato_control_r03,ghosh2022_tomato_cmp067,1.058235955,relative_to_internal_standard
ghosh2022_tomato_control_r04,ghosh2022_tomato_cmp067,0.649263372,relative_to_internal_standard
ghosh2022_tomato_control_r05,ghosh2022_tomato_cmp067,1.152319142,relative_to_internal_standard
ghosh2022_tomato_healthy_whitefly_r01,ghosh2022_tomato_cmp067,0.555024048,relative_to_internal_standard
ghosh2022_tomato_healthy_whitefly_r02,ghosh2022_tomato_cmp067,0.61188367,relative_to_internal_standard
ghosh2022_tomato_healthy_whitefly_r03,ghosh2022_tomato_cmp067,0.925288699,relative_to_internal_standard
ghosh2022_tomato_healthy_whitefly_r04,ghosh2022_tomato_cmp067,0.36967116,relative_to_internal_standard
ghosh2022_tomato_healthy_whitefly_r05,ghosh2022_tomato_cmp067,0.835937961,relative_to_internal_standard
ghosh2022_tomato_virus_r01,ghosh2022_tomato_cmp067,0.56376457,relative_to_internal_standard
ghosh2022_tomato_virus_r02,ghosh2022_tomato_cmp067,0.680232874,relative_to_internal_standard
ghosh2022_tomato_virus_r03,ghosh2022_tomato_cmp067,0.610149849,relative_to_internal_standard
ghosh2022_tomato_virus_r04,ghosh2022_tomato_cmp067,0.472246398,relative_to_internal_standard
ghosh2022_tomato_virus_r05,ghosh2022_tomato_cmp067,0.806543839,relative_to_internal_standard
ghosh2022_tomato_control_r01,ghosh2022_tomato_cmp068,0.007384422,relative_to_internal_standard
ghosh2022_tomato_control_r02,ghosh2022_tomato_cmp068,0.010653993,relative_to_internal_standard
ghosh2022_tomato_control_r03,ghosh2022_tomato_cmp068,0.014272571,relative_to_internal_standard
ghosh2022_tomato_control_r04,ghosh2022_tomato_cmp068,0.012644435,relative_to_internal_standard
ghosh2022_tomato_control_r05,ghosh2022_tomato_cmp068,0.015504934,relative_to_internal_standard
ghosh2022_tomato_healthy_whitefly_r01,ghosh2022_tomato_cmp068,0.007443165,relative_to_internal_standard
ghosh2022_tomato_healthy_whitefly_r02,ghosh2022_tomato_cmp068,0.008105737,relative_to_internal_standard
ghosh2022_tomato_healthy_whitefly_r03,ghosh2022_tomato_cmp068,0.014441105,relative_to_internal_standard
ghosh2022_tomato_healthy_whitefly_r04,ghosh2022_tomato_cmp068,0.004041817,relative_to_internal_standard
ghosh2022_tomato_healthy_whitefly_r05,ghosh2022_tomato_cmp068,0.011505191,relative_to_internal_standard
ghosh2022_tomato_virus_r01,ghosh2022_tomato_cmp068,0.008115768,relative_to_internal_standard
ghosh2022_tomato_virus_r02,ghosh2022_tomato_cmp068,0.01249486,relative_to_internal_standard
ghosh2022_tomato_virus_r03,ghosh2022_tomato_cmp068,0.007082329,relative_to_internal_standard
ghosh2022_tomato_virus_r04,ghosh2022_tomato_cmp068,0.00654978,relative_to_internal_standard
ghosh2022_tomato_virus_r05,ghosh2022_tomato_cmp068,0.007866991,relative_to_internal_standard
ghosh2022_tomato_control_r01,ghosh2022_tomato_cmp069,0.004194576,relative_to_internal_standard
ghosh2022_tomato_control_r02,ghosh2022_tomato_cmp069,0.007213189,relative_to_internal_standard
ghosh2022_tomato_control_r03,ghosh2022_tomato_cmp069,0.009900418,relative_to_internal_standard
ghosh2022_tomato_control_r04,ghosh2022_tomato_cmp069,0.005255404,relative_to_internal_standard
ghosh2022_tomato_control_r05,ghosh2022_tomato_cmp069,0.008262571,relative_to_internal_standard
ghosh2022_tomato_healthy_whitefly_r01,ghosh2022_tomato_cmp069,0.003150245,relative_to_internal_standard
ghosh2022_tomato_healthy_whitefly_r02,ghosh2022_tomato_cmp069,0.004020844,relative_to_internal_standard
ghosh2022_tomato_healthy_whitefly_r03,ghosh2022_tomato_cmp069,0.008501957,relative_to_internal_standard
ghosh2022_tomato_healthy_whitefly_r04,ghosh2022_tomato_cmp069,0.002561578,relative_to_internal_standard
ghosh2022_tomato_healthy_whitefly_r05,ghosh2022_tomato_cmp069,0.006051309,relative_to_internal_standard
ghosh2022_tomato_virus_r01,ghosh2022_tomato_cmp069,0.004097295,relative_to_internal_standard
ghosh2022_tomato_virus_r02,ghosh2022_tomato_cmp069,0.005431641,relative_to_internal_standard
ghosh2022_tomato_virus_r03,ghosh2022_tomato_cmp069,0.004907576,relative_to_internal_standard
ghosh2022_tomato_virus_r04,ghosh2022_tomato_cmp069,0.003225751,relative_to_internal_standard
ghosh2022_tomato_virus_r05,ghosh2022_tomato_cmp069,0.006297159,relative_to_internal_standard
ghosh2022_tomato_control_r01,ghosh2022_tomato_cmp070,0.052131157,relative_to_internal_standard
ghosh2022_tomato_control_r02,ghosh2022_tomato_cmp070,0.062588079,relative_to_internal_standard
ghosh2022_tomato_control_r03,ghosh2022_tomato_cmp070,0.0791695,relative_to_internal_standard
ghosh2022_tomato_control_r04,ghosh2022_tomato_cmp070,0.112657546,relative_to_internal_standard
ghosh2022_tomato_control_r05,ghosh2022_tomato_cmp070,0.107768323,relative_to_internal_standard
ghosh2022_tomato_healthy_whitefly_r01,ghosh2022_tomato_cmp070,0.056475429,relative_to_internal_standard
ghosh2022_tomato_healthy_whitefly_r02,ghosh2022_tomato_cmp070,0.079071684,relative_to_internal_standard
ghosh2022_tomato_healthy_whitefly_r03,ghosh2022_tomato_cmp070,0.108768153,relative_to_internal_standard
ghosh2022_tomato_healthy_whitefly_r04,ghosh2022_tomato_cmp070,0.046217714,relative_to_internal_standard
ghosh2022_tomato_healthy_whitefly_r05,ghosh2022_tomato_cmp070,0.091382116,relative_to_internal_standard
ghosh2022_tomato_virus_r01,ghosh2022_tomato_cmp070,0.049920704,relative_to_internal_standard
ghosh2022_tomato_virus_r02,ghosh2022_tomato_cmp070,0.100092911,relative_to_internal_standard
ghosh2022_tomato_virus_r03,ghosh2022_tomato_cmp070,0.048455594,relative_to_internal_standard
ghosh2022_tomato_virus_r04,ghosh2022_tomato_cmp070,0.063196676,relative_to_internal_standard
ghosh2022_tomato_virus_r05,ghosh2022_tomato_cmp070,0.043827192,relative_to_internal_standard
ghosh2022_tomato_control_r01,ghosh2022_tomato_cmp071,0.032576861,relative_to_internal_standard
ghosh2022_tomato_control_r02,ghosh2022_tomato_cmp071,0.045088985,relative_to_internal_standard
ghosh2022_tomato_control_r03,ghosh2022_tomato_cmp071,0.058811371,relative_to_internal_standard
ghosh2022_tomato_control_r04,ghosh2022_tomato_cmp071,0.05020083,relative_to_internal_standard
ghosh2022_tomato_control_r05,ghosh2022_tomato_cmp071,0.071386884,relative_to_internal_standard
ghosh2022_tomato_healthy_whitefly_r01,ghosh2022_tomato_cmp071,0.036763722,relative_to_internal_standard
ghosh2022_tomato_healthy_whitefly_r02,ghosh2022_tomato_cmp071,0.039697545,relative_to_internal_standard
ghosh2022_tomato_healthy_whitefly_r03,ghosh2022_tomato_cmp071,0.054479226,relative_to_internal_standard
ghosh2022_tomato_healthy_whitefly_r04,ghosh2022_tomato_cmp071,0.017899886,relative_to_internal_standard
ghosh2022_tomato_healthy_whitefly_r05,ghosh2022_tomato_cmp071,0.056864871,relative_to_internal_standard
ghosh2022_tomato_virus_r01,ghosh2022_tomato_cmp071,0.038249749,relative_to_internal_standard
ghosh2022_tomato_virus_r02,ghosh2022_tomato_cmp071,0.051763983,relative_to_internal_standard
ghosh2022_tomato_virus_r03,ghosh2022_tomato_cmp071,0.036344864,relative_to_internal_standard
ghosh2022_tomato_virus_r04,ghosh2022_tomato_cmp071,0.029585641,relative_to_internal_standard
ghosh2022_tomato_virus_r05,ghosh2022_tomato_cmp071,0.046380765,relative_to_internal_standard
ghosh2022_tomato_control_r01,ghosh2022_tomato_cmp072,0.007908647,relative_to_internal_standard
ghosh2022_tomato_control_r02,ghosh2022_tomato_cmp072,0.011712009,relative_to_internal_standard
ghosh2022_tomato_control_r03,ghosh2022_tomato_cmp072,0.016193145,relative_to_internal_standard
ghosh2022_tomato_control_r04,ghosh2022_tomato_cmp072,0.011104748,relative_to_internal_standard
ghosh2022_tomato_control_r05,ghosh2022_tomato_cmp072,0.018668698,relative_to_internal_standard
ghosh2022_tomato_healthy_whitefly_r01,ghosh2022_tomato_cmp072,0.008639154,relative_to_internal_standard
ghosh2022_tomato_healthy_whitefly_r02,ghosh2022_tomato_cmp072,0.008903053,relative_to_internal_standard
ghosh2022_tomato_healthy_whitefly_r03,ghosh2022_tomato_cmp072,0.016418934,relative_to_internal_standard
ghosh2022_tomato_healthy_whitefly_r04,ghosh2022_tomato_cmp072,0.00408381,relative_to_internal_standard
ghosh2022_tomato_healthy_whitefly_r05,ghosh2022_tomato_cmp072,0.014248408,relative_to_internal_standard
ghosh2022_tomato_virus_r01,ghosh2022_tomato_cmp072,0.008544596,relative_to_internal_standard
ghosh2022_tomato_virus_r02,ghosh2022_tomato_cmp072,0.011320255,relative_to_internal_standard
ghosh2022_tomato_virus_r03,ghosh2022_tomato_cmp072,0.009002598,relative_to_internal_standard
ghosh2022_tomato_virus_r04,ghosh2022_tomato_cmp072,0.006735737,relative_to_internal_standard
ghosh2022_tomato_virus_r05,ghosh2022_tomato_cmp072,0.01087617,relative_to_internal_standard
ghosh2022_tomato_control_r01,ghosh2022_tomato_cmp073,0.048060215,relative_to_internal_standard
ghosh2022_tomato_control_r02,ghosh2022_tomato_cmp073,0.069633657,relative_to_internal_standard
ghosh2022_tomato_control_r03,ghosh2022_tomato_cmp073,0.084920898,relative_to_internal_standard
ghosh2022_tomato_control_r04,ghosh2022_tomato_cmp073,0.073369781,relative_to_internal_standard
ghosh2022_tomato_control_r05,ghosh2022_tomato_cmp073,0.114795582,relative_to_internal_standard
ghosh2022_tomato_healthy_whitefly_r01,ghosh2022_tomato_cmp073,0.064601783,relative_to_internal_standard
ghosh2022_tomato_healthy_whitefly_r02,ghosh2022_tomato_cmp073,0.060693091,relative_to_internal_standard
ghosh2022_tomato_healthy_whitefly_r03,ghosh2022_tomato_cmp073,0.092005771,relative_to_internal_standard
ghosh2022_tomato_healthy_whitefly_r04,ghosh2022_tomato_cmp073,0.025626261,relative_to_internal_standard
ghosh2022_tomato_healthy_whitefly_r05,ghosh2022_tomato_cmp073,0.106636418,relative_to_internal_standard
ghosh2022_tomato_virus_r01,ghosh2022_tomato_cmp073,0.059564246,relative_to_internal_standard
ghosh2022_tomato_virus_r02,ghosh2022_tomato_cmp073,0.075193731,relative_to_internal_standard
ghosh2022_tomato_virus_r03,ghosh2022_tomato_cmp073,0.058518732,relative_to_internal_standard
ghosh2022_tomato_virus_r04,ghosh2022_tomato_cmp073,0.042692979,relative_to_internal_standard
ghosh2022_tomato_virus_r05,ghosh2022_tomato_cmp073,0.068081889,relative_to_internal_standard
ghosh2022_tomato_control_r01,ghosh2022_tomato_cmp074,0.008720526,relative_to_internal_standard
ghosh2022_tomato_control_r02,ghosh2022_tomato_cmp074,0.013642403,relative_to_internal_standard
ghosh2022_tomato_control_r03,ghosh2022_tomato_cmp074,0.012671753,relative_to_internal_standard
ghosh2022_tomato_control_r04,ghosh2022_tomato_cmp074,0.019052173,relative_to_internal_standard
ghosh2022_tomato_control_r05,ghosh2022_tomato_cmp074,0.021687867,relative_to_internal_standard
ghosh2022_tomato_healthy_whitefly_r01,ghosh2022_tomato_cmp074,0.009940137,relative_to_internal_standard
ghosh2022_tomato_healthy_whitefly_r02,ghosh2022_tomato_cmp074,0.012978809,relative_to_internal_standard
ghosh2022_tomato_healthy_whitefly_r03,ghosh2022_tomato_cmp074,0.012738642,relative_to_internal_standard
ghosh2022_tomato_healthy_whitefly_r04,ghosh2022_tomato_cmp074,0.006180158,relative_to_internal_standard
ghosh2022_tomato_healthy_whitefly_r05,ghosh2022_tomato_cmp074,0.019745433,relative_to_internal_standard
ghosh2022_tomato_virus_r01,ghosh2022_tomato_cmp074,0.011861593,relative_to_internal_standard
ghosh2022_tomato_virus_r02,ghosh2022_tomato_cmp074,0.019267026,relative_to_internal_standard
ghosh2022_tomato_virus_r03,ghosh2022_tomato_cmp074,0.009741823,relative_to_internal_standard
ghosh2022_tomato_virus_r04,ghosh2022_tomato_cmp074,0.008775412,relative_to_internal_standard
ghosh2022_tomato_virus_r05,ghosh2022_tomato_cmp074,0.010560072,relative_to_internal_standard
ghosh2022_tomato_control_r01,ghosh2022_tomato_cmp075,0.002654069,relative_to_internal_standard
ghosh2022_tomato_control_r02,ghosh2022_tomato_cmp075,0.004011556,relative_to_internal_standard
ghosh2022_tomato_control_r03,ghosh2022_tomato_cmp075,0.003848829,relative_to_internal_standard
ghosh2022_tomato_control_r04,ghosh2022_tomato_cmp075,0.003092525,relative_to_internal_standard
ghosh2022_tomato_control_r05,ghosh2022_tomato_cmp075,0.004785482,relative_to_internal_standard
ghosh2022_tomato_healthy_whitefly_r01,ghosh2022_tomato_cmp075,0.003860857,relative_to_internal_standard
ghosh2022_tomato_healthy_whitefly_r02,ghosh2022_tomato_cmp075,0.003090335,relative_to_internal_standard
ghosh2022_tomato_healthy_whitefly_r03,ghosh2022_tomato_cmp075,0.005133351,relative_to_internal_standard
ghosh2022_tomato_healthy_whitefly_r04,ghosh2022_tomato_cmp075,0.001393157,relative_to_internal_standard
ghosh2022_tomato_healthy_whitefly_r05,ghosh2022_tomato_cmp075,0.005075626,relative_to_internal_standard
ghosh2022_tomato_virus_r01,ghosh2022_tomato_cmp075,0.003639264,relative_to_internal_standard
ghosh2022_tomato_virus_r02,ghosh2022_tomato_cmp075,0.003632151,relative_to_internal_standard
ghosh2022_tomato_virus_r03,ghosh2022_tomato_cmp075,0.002820272,relative_to_internal_standard
ghosh2022_tomato_virus_r04,ghosh2022_tomato_cmp075,0.002240015,relative_to_internal_standard
ghosh2022_tomato_virus_r05,ghosh2022_tomato_cmp075,0.003940509,relative_to_internal_standard
ghosh2022_tomato_control_r01,ghosh2022_tomato_cmp076,0.037377116,relative_to_internal_standard
ghosh2022_tomato_control_r02,ghosh2022_tomato_cmp076,0.05918788,relative_to_internal_standard
ghosh2022_tomato_control_r03,ghosh2022_tomato_cmp076,0.069131889,relative_to_internal_standard
ghosh2022_tomato_control_r04,ghosh2022_tomato_cmp076,0.044422898,relative_to_internal_standard
ghosh2022_tomato_control_r05,ghosh2022_tomato_cmp076,0.097284983,relative_to_internal_standard
ghosh2022_tomato_healthy_whitefly_r01,ghosh2022_tomato_cmp076,0.056959271,relative_to_internal_standard
ghosh2022_tomato_healthy_whitefly_r02,ghosh2022_tomato_cmp076,0.054683394,relative_to_internal_standard
ghosh2022_tomato_healthy_whitefly_r03,ghosh2022_tomato_cmp076,0.087231888,relative_to_internal_standard
ghosh2022_tomato_healthy_whitefly_r04,ghosh2022_tomato_cmp076,0.022772209,relative_to_internal_standard
ghosh2022_tomato_healthy_whitefly_r05,ghosh2022_tomato_cmp076,0.104321623,relative_to_internal_standard
ghosh2022_tomato_virus_r01,ghosh2022_tomato_cmp076,0.053800829,relative_to_internal_standard
ghosh2022_tomato_virus_r02,ghosh2022_tomato_cmp076,0.065748346,relative_to_internal_standard
ghosh2022_tomato_virus_r03,ghosh2022_tomato_cmp076,0.05719079,relative_to_internal_standard
ghosh2022_tomato_virus_r04,ghosh2022_tomato_cmp076,0.03909965,relative_to_internal_standard
ghosh2022_tomato_virus_r05,ghosh2022_tomato_cmp076,0.075385841,relative_to_internal_standard
ghosh2022_pepper_control_r01,ghosh2022_pepper_cmp001,0.002589434,relative_to_internal_standard
ghosh2022_pepper_control_r02,ghosh2022_pepper_cmp001,0.001782886,relative_to_internal_standard
ghosh2022_pepper_control_r03,ghosh2022_pepper_cmp001,0.006291881,relative_to_internal_standard
ghosh2022_pepper_control_r04,ghosh2022_pepper_cmp001,0.010294096,relative_to_internal_standard
ghosh2022_pepper_control_r05,ghosh2022_pepper_cmp001,0.004501333,relative_to_internal_standard
ghosh2022_pepper_healthy_whitefly_r01,ghosh2022_pepper_cmp001,0.060698678,relative_to_internal_standard
ghosh2022_pepper_healthy_whitefly_r02,ghosh2022_pepper_cmp001,0.046720686,relative_to_internal_standard
ghosh2022_pepper_healthy_whitefly_r03,ghosh2022_pepper_cmp001,0.046541818,relative_to_internal_standard
ghosh2022_pepper_healthy_whitefly_r04,ghosh2022_pepper_cmp001,0.04587995,relative_to_internal_standard
ghosh2022_pepper_healthy_whitefly_r05,ghosh2022_pepper_cmp001,0.031762412,relative_to_internal_standard
ghosh2022_pepper_virus_r01,ghosh2022_pepper_cmp001,0.037948462,relative_to_internal_standard
ghosh2022_pepper_virus_r02,ghosh2022_pepper_cmp001,0.01352428,relative_to_internal_standard
ghosh2022_pepper_virus_r03,ghosh2022_pepper_cmp001,0.046824048,relative_to_internal_standard
ghosh2022_pepper_virus_r04,ghosh2022_pepper_cmp001,0.007690586,relative_to_internal_standard
ghosh2022_pepper_control_r01,ghosh2022_pepper_cmp002,0.002131222,relative_to_internal_standard
ghosh2022_pepper_control_r02,ghosh2022_pepper_cmp002,0.002208149,relative_to_internal_standard
ghosh2022_pepper_control_r03,ghosh2022_pepper_cmp002,0.004917663,relative_to_internal_standard
ghosh2022_pepper_control_r04,ghosh2022_pepper_cmp002,0.00538917,relative_to_internal_standard
ghosh2022_pepper_control_r05,ghosh2022_pepper_cmp002,0.003368994,relative_to_internal_standard
ghosh2022_pepper_healthy_whitefly_r01,ghosh2022_pepper_cmp002,0.015365252,relative_to_internal_standard
ghosh2022_pepper_healthy_whitefly_r02,ghosh2022_pepper_cmp002,0.010279742,relative_to_internal_standard
ghosh2022_pepper_healthy_whitefly_r03,ghosh2022_pepper_cmp002,0.015766975,relative_to_internal_standard
ghosh2022_pepper_healthy_whitefly_r04,ghosh2022_pepper_cmp002,0.010312751,relative_to_internal_standard
ghosh2022_pepper_healthy_whitefly_r05,ghosh2022_pepper_cmp002,0.006106182,relative_to_internal_standard
ghosh2022_pepper_virus_r01,ghosh2022_pepper_cmp002,0.009359024,relative_to_internal_standard
ghosh2022_pepper_virus_r02,ghosh2022_pepper_cmp002,0.00625014,relative_to_internal_standard
ghosh2022_pepper_virus_r03,ghosh2022_pepper_cmp002,0.010826105,relative_to_internal_standard
ghosh2022_pepper_virus_r04,ghosh2022_pepper_cmp002,0.004434123,relative_to_internal_standard
ghosh2022_pepper_control_r01,ghosh2022_pepper_cmp003,0.001448177,relative_to_internal_standard
ghosh2022_pepper_control_r02,ghosh2022_pepper_cmp003,0.001664482,relative_to_internal_standard
ghosh2022_pepper_control_r03,ghosh2022_pepper_cmp003,0.001579049,relative_to_internal_standard
ghosh2022_pepper_control_r04,ghosh2022_pepper_cmp003,0.002114681,relative_to_internal_standard
ghosh2022_pepper_control_r05,ghosh2022_pepper_cmp003,0.001518451,relative_to_internal_standard
ghosh2022_pepper_healthy_whitefly_r01,ghosh2022_pepper_cmp003,0.007192891,relative_to_internal_standard
ghosh2022_pepper_healthy_whitefly_r02,ghosh2022_pepper_cmp003,0.005219293,relative_to_internal_standard
ghosh2022_pepper_healthy_whitefly_r03,ghosh2022_pepper_cmp003,0.005158944,relative_to_internal_standard
ghosh2022_pepper_healthy_whitefly_r04,ghosh2022_pepper_cmp003,0.003134628,relative_to_internal_standard
ghosh2022_pepper_healthy_whitefly_r05,ghosh2022_pepper_cmp003,0.0029408,relative_to_internal_standard
ghosh2022_pepper_virus_r01,ghosh2022_pepper_cmp003,0.005639968,relative_to_internal_standard
ghosh2022_pepper_virus_r02,ghosh2022_pepper_cmp003,0.00291606,relative_to_internal_standard
ghosh2022_pepper_virus_r03,ghosh2022_pepper_cmp003,0.003875503,relative_to_internal_standard
ghosh2022_pepper_virus_r04,ghosh2022_pepper_cmp003,0.00175852,relative_to_internal_standard
ghosh2022_pepper_control_r01,ghosh2022_pepper_cmp004,0.000806304,relative_to_internal_standard
ghosh2022_pepper_control_r02,ghosh2022_pepper_cmp004,0.000880158,relative_to_internal_standard
ghosh2022_pepper_control_r03,ghosh2022_pepper_cmp004,0.002130418,relative_to_internal_standard
ghosh2022_pepper_control_r04,ghosh2022_pepper_cmp004,0.002358807,relative_to_internal_standard
ghosh2022_pepper_control_r05,ghosh2022_pepper_cmp004,0.001425077,relative_to_internal_standard
ghosh2022_pepper_healthy_whitefly_r01,ghosh2022_pepper_cmp004,0.006551071,relative_to_internal_standard
ghosh2022_pepper_healthy_whitefly_r02,ghosh2022_pepper_cmp004,0.004567967,relative_to_internal_standard
ghosh2022_pepper_healthy_whitefly_r03,ghosh2022_pepper_cmp004,0.006088415,relative_to_internal_standard
ghosh2022_pepper_healthy_whitefly_r04,ghosh2022_pepper_cmp004,0.004061151,relative_to_internal_standard
ghosh2022_pepper_healthy_whitefly_r05,ghosh2022_pepper_cmp004,0.002679053,relative_to_internal_standard
ghosh2022_pepper_virus_r01,ghosh2022_pepper_cmp004,0.003720386,relative_to_internal_standard
ghosh2022_pepper_virus_r02,ghosh2022_pepper_cmp004,0.002451424,relative_to_internal_standard
ghosh2022_pepper_virus_r03,ghosh2022_pepper_cmp004,0.004916763,relative_to_internal_standard
ghosh2022_pepper_virus_r04,ghosh2022_pepper_cmp004,0.001696933,relative_to_internal_standard
ghosh2022_pepper_control_r01,ghosh2022_pepper_cmp005,0.000534251,relative_to_internal_standard
ghosh2022_pepper_control_r02,ghosh2022_pepper_cmp005,0.000879571,relative_to_internal_standard
ghosh2022_pepper_control_r03,ghosh2022_pepper_cmp005,0.001686987,relative_to_internal_standard
ghosh2022_pepper_control_r04,ghosh2022_pepper_cmp005,0.001564383,relative_to_internal_standard
ghosh2022_pepper_control_r05,ghosh2022_pepper_cmp005,0.000814017,relative_to_internal_standard
ghosh2022_pepper_healthy_whitefly_r01,ghosh2022_pepper_cmp005,0.004818753,relative_to_internal_standard
ghosh2022_pepper_healthy_whitefly_r02,ghosh2022_pepper_cmp005,0.004259517,relative_to_internal_standard
ghosh2022_pepper_healthy_whitefly_r03,ghosh2022_pepper_cmp005,0.004952918,relative_to_internal_standard
ghosh2022_pepper_healthy_whitefly_r04,ghosh2022_pepper_cmp005,0.002368188,relative_to_internal_standard
ghosh2022_pepper_healthy_whitefly_r05,ghosh2022_pepper_cmp005,0.001576366,relative_to_internal_standard
ghosh2022_pepper_virus_r01,ghosh2022_pepper_cmp005,0.002051849,relative_to_internal_standard
ghosh2022_pepper_virus_r02,ghosh2022_pepper_cmp005,0.001286734,relative_to_internal_standard
ghosh2022_pepper_virus_r03,ghosh2022_pepper_cmp005,0.002999804,relative_to_internal_standard
ghosh2022_pepper_virus_r04,ghosh2022_pepper_cmp005,0.001218454,relative_to_internal_standard
ghosh2022_pepper_control_r01,ghosh2022_pepper_cmp006,0.0008101,relative_to_internal_standard
ghosh2022_pepper_control_r02,ghosh2022_pepper_cmp006,0.001142218,relative_to_internal_standard
ghosh2022_pepper_control_r03,ghosh2022_pepper_cmp006,0.001864736,relative_to_internal_standard
ghosh2022_pepper_control_r04,ghosh2022_pepper_cmp006,0.002184861,relative_to_internal_standard
ghosh2022_pepper_control_r05,ghosh2022_pepper_cmp006,0.001354914,relative_to_internal_standard
ghosh2022_pepper_healthy_whitefly_r01,ghosh2022_pepper_cmp006,0.005929921,relative_to_internal_standard
ghosh2022_pepper_healthy_whitefly_r02,ghosh2022_pepper_cmp006,0.004790127,relative_to_internal_standard
ghosh2022_pepper_healthy_whitefly_r03,ghosh2022_pepper_cmp006,0.004912266,relative_to_internal_standard
ghosh2022_pepper_healthy_whitefly_r04,ghosh2022_pepper_cmp006,0.002928193,relative_to_internal_standard
ghosh2022_pepper_healthy_whitefly_r05,ghosh2022_pepper_cmp006,0.002083765,relative_to_internal_standard
ghosh2022_pepper_virus_r01,ghosh2022_pepper_cmp006,0.003527264,relative_to_internal_standard
ghosh2022_pepper_virus_r02,ghosh2022_pepper_cmp006,0.002237982,relative_to_internal_standard
ghosh2022_pepper_virus_r03,ghosh2022_pepper_cmp006,0.003950439,relative_to_internal_standard
ghosh2022_pepper_virus_r04,ghosh2022_pepper_cmp006,0.001689482,relative_to_internal_standard
ghosh2022_pepper_control_r01,ghosh2022_pepper_cmp007,0.0,relative_to_internal_standard
ghosh2022_pepper_control_r02,ghosh2022_pepper_cmp007,0.0,relative_to_internal_standard
ghosh2022_pepper_control_r03,ghosh2022_pepper_cmp007,0.000591375,relative_to_internal_standard
ghosh2022_pepper_control_r04,ghosh2022_pepper_cmp007,0.001066472,relative_to_internal_standard
ghosh2022_pepper_control_r05,ghosh2022_pepper_cmp007,0.000260774,relative_to_internal_standard
ghosh2022_pepper_healthy_whitefly_r01,ghosh2022_pepper_cmp007,0.004224316,relative_to_internal_standard
ghosh2022_pepper_healthy_whitefly_r02,ghosh2022_pepper_cmp007,0.004332871,relative_to_internal_standard
ghosh2022_pepper_healthy_whitefly_r03,ghosh2022_pepper_cmp007,0.003004385,relative_to_internal_standard
ghosh2022_pepper_healthy_whitefly_r04,ghosh2022_pepper_cmp007,0.001103526,relative_to_internal_standard
ghosh2022_pepper_healthy_whitefly_r05,ghosh2022_pepper_cmp007,0.000795935,relative_to_internal_standard
ghosh2022_pepper_virus_r01,ghosh2022_pepper_cmp007,0.001865981,relative_to_internal_standard
ghosh2022_pepper_virus_r02,ghosh2022_pepper_cmp007,0.002609094,relative_to_internal_standard
ghosh2022_pepper_virus_r03,ghosh2022_pepper_cmp007,0.001845043,relative_to_internal_standard
ghosh2022_pepper_virus_r04,ghosh2022_pepper_cmp007,0.000559263,relative_to_internal_standard
ghosh2022_pepper_control_r01,ghosh2022_pepper_cmp008,0.000851652,relative_to_internal_standard
ghosh2022_pepper_control_r02,ghosh2022_pepper_cmp008,0.001234505,relative_to_internal_standard
ghosh2022_pepper_control_r03,ghosh2022_pepper_cmp008,0.001969239,relative_to_internal_standard
ghosh2022_pepper_control_r04,ghosh2022_pepper_cmp008,0.001737801,relative_to_internal_standard
ghosh2022_pepper_control_r05,ghosh2022_pepper_cmp008,0.001181017,relative_to_internal_standard
ghosh2022_pepper_healthy_whitefly_r01,ghosh2022_pepper_cmp008,0.003391484,relative_to_internal_standard
ghosh2022_pepper_healthy_whitefly_r02,ghosh2022_pepper_cmp008,0.003514871,relative_to_internal_standard
ghosh2022_pepper_healthy_whitefly_r03,ghosh2022_pepper_cmp008,0.003197069,relative_to_internal_standard
ghosh2022_pepper_healthy_whitefly_r04,ghosh2022_pepper_cmp008,0.001963106,relative_to_internal_standard
ghosh2022_pepper_healthy_whitefly_r05,ghosh2022_pepper_cmp008,0.002983477,relative_to_internal_standard
ghosh2022_pepper_virus_r01,ghosh2022_pepper_cmp008,0.002199334,relative_to_internal_standard
ghosh2022_pepper_virus_r02,ghosh2022_pepper_cmp008,0.001485153,relative_to_internal_standard
ghosh2022_pepper_virus_r03,ghosh2022_pepper_cmp008,0.003902269,relative_to_internal_standard
ghosh2022_pepper_virus_r04,ghosh2022_pepper_cmp008,0.001549394,relative_to_internal_standard
ghosh2022_pepper_control_r01,ghosh2022_pepper_cmp009,0.007405007,relative_to_internal_standard
ghosh2022_pepper_control_r02,ghosh2022_pepper_cmp009,0.010084176,relative_to_internal_standard
ghosh2022_pepper_control_r03,ghosh2022_pepper_cmp009,0.01216932,relative_to_internal_standard
ghosh2022_pepper_control_r04,ghosh2022_pepper_cmp009,0.003716598,relative_to_internal_standard
ghosh2022_pepper_control_r05,ghosh2022_pepper_cmp009,0.001989001,relative_to_internal_standard
ghosh2022_pepper_healthy_whitefly_r01,ghosh2022_pepper_cmp009,0.004951191,relative_to_internal_standard
ghosh2022_pepper_healthy_whitefly_r02,ghosh2022_pepper_cmp009,0.006451923,relative_to_internal_standard
ghosh2022_pepper_healthy_whitefly_r03,ghosh2022_pepper_cmp009,0.00724034,relative_to_internal_standard
ghosh2022_pepper_healthy_whitefly_r04,ghosh2022_pepper_cmp009,0.002433748,relative_to_internal_standard
ghosh2022_pepper_healthy_whitefly_r05,ghosh2022_pepper_cmp009,0.003174007,relative_to_internal_standard
ghosh2022_pepper_virus_r01,ghosh2022_pepper_cmp009,0.001570704,relative_to_internal_standard
ghosh2022_pepper_virus_r02,ghosh2022_pepper_cmp009,0.00087953,relative_to_internal_standard
ghosh2022_pepper_virus_r03,ghosh2022_pepper_cmp009,0.003708414,relative_to_internal_standard
ghosh2022_pepper_virus_r04,ghosh2022_pepper_cmp009,0.000939322,relative_to_internal_standard
ghosh2022_pepper_control_r01,ghosh2022_pepper_cmp010,0.059508087,relative_to_internal_standard
ghosh2022_pepper_control_r02,ghosh2022_pepper_cmp010,0.079362868,relative_to_internal_standard
ghosh2022_pepper_control_r03,ghosh2022_pepper_cmp010,0.073537718,relative_to_internal_standard
ghosh2022_pepper_control_r04,ghosh2022_pepper_cmp010,0.039525005,relative_to_internal_standard
ghosh2022_pepper_control_r05,ghosh2022_pepper_cmp010,0.077161167,relative_to_internal_standard
ghosh2022_pepper_healthy_whitefly_r01,ghosh2022_pepper_cmp010,0.042925161,relative_to_internal_standard
ghosh2022_pepper_healthy_whitefly_r02,ghosh2022_pepper_cmp010,0.03806763,relative_to_internal_standard
ghosh2022_pepper_healthy_whitefly_r03,ghosh2022_pepper_cmp010,0.028767253,relative_to_internal_standard
ghosh2022_pepper_healthy_whitefly_r04,ghosh2022_pepper_cmp010,0.022989439,relative_to_internal_standard
ghosh2022_pepper_healthy_whitefly_r05,ghosh2022_pepper_cmp010,0.049802459,relative_to_internal_standard
ghosh2022_pepper_virus_r01,ghosh2022_pepper_cmp010,0.038855728,relative_to_internal_standard
ghosh2022_pepper_virus_r02,ghosh2022_pepper_cmp010,0.026088306,relative_to_internal_standard
ghosh2022_pepper_virus_r03,ghosh2022_pepper_cmp010,0.051758404,relative_to_internal_standard
ghosh2022_pepper_virus_r04,ghosh2022_pepper_cmp010,0.043980136,relative_to_internal_standard
ghosh2022_pepper_control_r01,ghosh2022_pepper_cmp011,0.002574306,relative_to_internal_standard
ghosh2022_pepper_control_r02,ghosh2022_pepper_cmp011,0.003287391,relative_to_internal_standard
ghosh2022_pepper_control_r03,ghosh2022_pepper_cmp011,0.008136617,relative_to_internal_standard
ghosh2022_pepper_control_r04,ghosh2022_pepper_cmp011,0.008674416,relative_to_internal_standard
ghosh2022_pepper_control_r05,ghosh2022_pepper_cmp011,0.005277103,relative_to_internal_standard
ghosh2022_pepper_healthy_whitefly_r01,ghosh2022_pepper_cmp011,0.015376949,relative_to_internal_standard
ghosh2022_pepper_healthy_whitefly_r02,ghosh2022_pepper_cmp011,0.013422209,relative_to_internal_standard
ghosh2022_pepper_healthy_whitefly_r03,ghosh2022_pepper_cmp011,0.016005867,relative_to_internal_standard
ghosh2022_pepper_healthy_whitefly_r04,ghosh2022_pepper_cmp011,0.01041757,relative_to_internal_standard
ghosh2022_pepper_healthy_whitefly_r05,ghosh2022_pepper_cmp011,0.008485597,relative_to_internal_standard
ghosh2022_pepper_virus_r01,ghosh2022_pepper_cmp011,0.010139629,relative_to_internal_standard
ghosh2022_pepper_virus_r02,ghosh2022_pepper_cmp011,0.008136163,relative_to_internal_standard
ghosh2022_pepper_virus_r03,ghosh2022_pepper_cmp011,0.016599573,relative_to_internal_standard
ghosh2022_pepper_virus_r04,ghosh2022_pepper_cmp011,0.005940863,relative_to_internal_standard
ghosh2022_pepper_control_r01,ghosh2022_pepper_cmp012,0.006599327,relative_to_internal_standard
ghosh2022_pepper_control_r02,ghosh2022_pepper_cmp012,0.007089731,relative_to_internal_standard
ghosh2022_pepper_control_r03,ghosh2022_pepper_cmp012,0.01887866,relative_to_internal_standard
ghosh2022_pepper_control_r04,ghosh2022_pepper_cmp012,0.011304885,relative_to_internal_standard
ghosh2022_pepper_control_r05,ghosh2022_pepper_cmp012,0.011037101,relative_to_internal_standard
ghosh2022_pepper_healthy_whitefly_r01,ghosh2022_pepper_cmp012,0.015502399,relative_to_internal_standard
ghosh2022_pepper_healthy_whitefly_r02,ghosh2022_pepper_cmp012,0.016977131,relative_to_internal_standard
ghosh2022_pepper_healthy_whitefly_r03,ghosh2022_pepper_cmp012,0.01436647,relative_to_internal_standard
ghosh2022_pepper_healthy_whitefly_r04,ghosh2022_pepper_cmp012,0.010522258,relative_to_internal_standard
ghosh2022_pepper_healthy_whitefly_r05,ghosh2022_pepper_cmp012,0.006631101,relative_to_internal_standard
ghosh2022_pepper_virus_r01,ghosh2022_pepper_cmp012,0.005910969,relative_to_internal_standard
ghosh2022_pepper_virus_r02,ghosh2022_pepper_cmp012,0.006345893,relative_to_internal_standard
ghosh2022_pepper_virus_r03,ghosh2022_pepper_cmp012,0.006159873,relative_to_internal_standard
ghosh2022_pepper_virus_r04,ghosh2022_pepper_cmp012,0.005770949,relative_to_internal_standard
ghosh2022_pepper_control_r01,ghosh2022_pepper_cmp013,0.000414588,relative_to_internal_standard
ghosh2022_pepper_control_r02,ghosh2022_pepper_cmp013,0.000482301,relative_to_internal_standard
ghosh2022_pepper_control_r03,ghosh2022_pepper_cmp013,0.002715077,relative_to_internal_standard
ghosh2022_pepper_control_r04,ghosh2022_pepper_cmp013,0.003148542,relative_to_internal_standard
ghosh2022_pepper_control_r05,ghosh2022_pepper_cmp013,0.001695921,relative_to_internal_standard
ghosh2022_pepper_healthy_whitefly_r01,ghosh2022_pepper_cmp013,0.004771906,relative_to_internal_standard
ghosh2022_pepper_healthy_whitefly_r02,ghosh2022_pepper_cmp013,0.002734553,relative_to_internal_standard
ghosh2022_pepper_healthy_whitefly_r03,ghosh2022_pepper_cmp013,0.004736111,relative_to_internal_standard
ghosh2022_pepper_healthy_whitefly_r04,ghosh2022_pepper_cmp013,0.005265184,relative_to_internal_standard
ghosh2022_pepper_healthy_whitefly_r05,ghosh2022_pepper_cmp013,0.003940902,relative_to_internal_standard
ghosh2022_pepper_virus_r01,ghosh2022_pepper_cmp013,0.01165624,relative_to_internal_standard
ghosh2022_pepper_virus_r02,ghosh2022_pepper_cmp013,0.002995796,relative_to_internal_standard
ghosh2022_pepper_virus_r03,ghosh2022_pepper_cmp013,0.006203547,relative_to_internal_standard
ghosh2022_pepper_virus_r04,ghosh2022_pepper_cmp013,0.001855942,relative_to_internal_standard
ghosh2022_pepper_control_r01,ghosh2022_pepper_cmp014,0.012738657,relative_to_internal_standard
ghosh2022_pepper_control_r02,ghosh2022_pepper_cmp014,0.014249798,relative_to_internal_standard
ghosh2022_pepper_control_r03,ghosh2022_pepper_cmp014,0.017107454,relative_to_internal_standard
ghosh2022_pepper_control_r04,ghosh2022_pepper_cmp014,0.010319076,relative_to_internal_standard
ghosh2022_pepper_control_r05,ghosh2022_pepper_cmp014,0.015783553,relative_to_internal_standard
ghosh2022_pepper_healthy_whitefly_r01,ghosh2022_pepper_cmp014,0.02617255,relative_to_internal_standard
ghosh2022_pepper_healthy_whitefly_r02,ghosh2022_pepper_cmp014,0.026214764,relative_to_internal_standard
ghosh2022_pepper_healthy_whitefly_r03,ghosh2022_pepper_cmp014,0.022513684,relative_to_internal_standard
ghosh2022_pepper_healthy_whitefly_r04,ghosh2022_pepper_cmp014,0.014356579,relative_to_internal_standard
ghosh2022_pepper_healthy_whitefly_r05,ghosh2022_pepper_cmp014,0.016852701,relative_to_internal_standard
ghosh2022_pepper_virus_r01,ghosh2022_pepper_cmp014,0.013902893,relative_to_internal_standard
ghosh2022_pepper_virus_r02,ghosh2022_pepper_cmp014,0.013175995,relative_to_internal_standard
ghosh2022_pepper_virus_r03,ghosh2022_pepper_cmp014,0.016732867,relative_to_internal_standard
ghosh2022_pepper_virus_r04,ghosh2022_pepper_cmp014,0.016977852,relative_to_internal_standard
ghosh2022_pepper_control_r01,ghosh2022_pepper_cmp015,0.005357569,relative_to_internal_standard
ghosh2022_pepper_control_r02,ghosh2022_pepper_cmp015,0.007989377,relative_to_internal_standard
ghosh2022_pepper_control_r03,ghosh2022_pepper_cmp015,0.015785618,relative_to_internal_standard
ghosh2022_pepper_control_r04,ghosh2022_pepper_cmp015,0.014115631,relative_to_internal_standard
ghosh2022_pepper_control_r05,ghosh2022_pepper_cmp015,0.012543854,relative_to_internal_standard
ghosh2022_pepper_healthy_whitefly_r01,ghosh2022_pepper_cmp015,0.027560208,relative_to_internal_standard
ghosh2022_pepper_healthy_whitefly_r02,ghosh2022_pepper_cmp015,0.022603017,relative_to_internal_standard
ghosh2022_pepper_healthy_whitefly_r03,ghosh2022_pepper_cmp015,0.030253154,relative_to_internal_standard
ghosh2022_pepper_healthy_whitefly_r04,ghosh2022_pepper_cmp015,0.018218693,relative_to_internal_standard
ghosh2022_pepper_healthy_whitefly_r05,ghosh2022_pepper_cmp015,0.01715423,relative_to_internal_standard
ghosh2022_pepper_virus_r01,ghosh2022_pepper_cmp015,0.014118591,relative_to_internal_standard
ghosh2022_pepper_virus_r02,ghosh2022_pepper_cmp015,0.014044236,relative_to_internal_standard
ghosh2022_pepper_virus_r03,ghosh2022_pepper_cmp015,0.046259709,relative_to_internal_standard
ghosh2022_pepper_virus_r04,ghosh2022_pepper_cmp015,0.017021165,relative_to_internal_standard
ghosh2022_pepper_control_r01,ghosh2022_pepper_cmp016,0.003004025,relative_to_internal_standard
ghosh2022_pepper_control_r02,ghosh2022_pepper_cmp016,0.005451001,relative_to_internal_standard
ghosh2022_pepper_control_r03,ghosh2022_pepper_cmp016,0.009740565,relative_to_internal_standard
ghosh2022_pepper_control_r04,ghosh2022_pepper_cmp016,0.010292421,relative_to_internal_standard
ghosh2022_pepper_control_r05,ghosh2022_pepper_cmp016,0.006554757,relative_to_internal_standard
ghosh2022_pepper_healthy_whitefly_r01,ghosh2022_pepper_cmp016,0.013469049,relative_to_internal_standard
ghosh2022_pepper_healthy_whitefly_r02,ghosh2022_pepper_cmp016,0.012074289,relative_to_internal_standard
ghosh2022_pepper_healthy_whitefly_r03,ghosh2022_pepper_cmp016,0.014493532,relative_to_internal_standard
ghosh2022_pepper_healthy_whitefly_r04,ghosh2022_pepper_cmp016,0.011261306,relative_to_internal_standard
ghosh2022_pepper_healthy_whitefly_r05,ghosh2022_pepper_cmp016,0.01351567,relative_to_internal_standard
ghosh2022_pepper_virus_r01,ghosh2022_pepper_cmp016,0.007916726,relative_to_internal_standard
ghosh2022_pepper_virus_r02,ghosh2022_pepper_cmp016,0.007950847,relative_to_internal_standard
ghosh2022_pepper_virus_r03,ghosh2022_pepper_cmp016,0.013513323,relative_to_internal_standard
ghosh2022_pepper_virus_r04,ghosh2022_pepper_cmp016,0.005817434,relative_to_internal_standard
ghosh2022_pepper_control_r01,ghosh2022_pepper_cmp017,0.047365374,relative_to_internal_standard
ghosh2022_pepper_control_r02,ghosh2022_pepper_cmp017,0.066957429,relative_to_internal_standard
ghosh2022_pepper_control_r03,ghosh2022_pepper_cmp017,0.064363322,relative_to_internal_standard
ghosh2022_pepper_control_r04,ghosh2022_pepper_cmp017,0.037875338,relative_to_internal_standard
ghosh2022_pepper_control_r05,ghosh2022_pepper_cmp017,0.063832983,relative_to_internal_standard
ghosh2022_pepper_healthy_whitefly_r01,ghosh2022_pepper_cmp017,0.040830213,relative_to_internal_standard
ghosh2022_pepper_healthy_whitefly_r02,ghosh2022_pepper_cmp017,0.037110282,relative_to_internal_standard
ghosh2022_pepper_healthy_whitefly_r03,ghosh2022_pepper_cmp017,0.030781231,relative_to_internal_standard
ghosh2022_pepper_healthy_whitefly_r04,ghosh2022_pepper_cmp017,0.03292576,relative_to_internal_standard
ghosh2022_pepper_healthy_whitefly_r05,ghosh2022_pepper_cmp017,0.039070589,relative_to_internal_standard
ghosh2022_pepper_virus_r01,ghosh2022_pepper_cmp017,0.028756186,relative_to_internal_standard
ghosh2022_pepper_virus_r02,ghosh2022_pepper_cmp017,0.024808878,relative_to_internal_standard
ghosh2022_pepper_virus_r03,ghosh2022_pepper_cmp017,0.058763774,relative_to_internal_standard
ghosh2022_pepper_virus_r04,ghosh2022_pepper_cmp017,0.042263101,relative_to_internal_standard
ghosh2022_pepper_control_r01,ghosh2022_pepper_cmp018,0.003329978,relative_to_internal_standard
ghosh2022_pepper_control_r02,ghosh2022_pepper_cmp018,0.00394971,relative_to_internal_standard
ghosh2022_pepper_control_r03,ghosh2022_pepper_cmp018,0.020863948,relative_to_internal_standard
ghosh2022_pepper_control_r04,ghosh2022_pepper_cmp018,0.015301645,relative_to_internal_standard
ghosh2022_pepper_control_r05,ghosh2022_pepper_cmp018,0.011961775,relative_to_internal_standard
ghosh2022_pepper_healthy_whitefly_r01,ghosh2022_pepper_cmp018,0.028026549,relative_to_internal_standard
ghosh2022_pepper_healthy_whitefly_r02,ghosh2022_pepper_cmp018,0.014312093,relative_to_internal_standard
ghosh2022_pepper_healthy_whitefly_r03,ghosh2022_pepper_cmp018,0.023231516,relative_to_internal_standard
ghosh2022_pepper_healthy_whitefly_r04,ghosh2022_pepper_cmp018,0.021461492,relative_to_internal_standard
ghosh2022_pepper_healthy_whitefly_r05,ghosh2022_pepper_cmp018,0.019503299,relative_to_internal_standard
ghosh2022_pepper_virus_r01,ghosh2022_pepper_cmp018,0.02611085,relative_to_internal_standard
ghosh2022_pepper_virus_r02,ghosh2022_pepper_cmp018,0.017967883,relative_to_internal_standard
ghosh2022_pepper_virus_r03,ghosh2022_pepper_cmp018,0.04269612,relative_to_internal_standard
ghosh2022_pepper_virus_r04,ghosh2022_pepper_cmp018,0.01249941,relative_to_internal_standard
ghosh2022_pepper_control_r01,ghosh2022_pepper_cmp019,0.0,relative_to_internal_standard
ghosh2022_pepper_control_r02,ghosh2022_pepper_cmp019,0.0,relative_to_internal_standard
ghosh2022_pepper_control_r03,ghosh2022_pepper_cmp019,0.001245677,relative_to_internal_standard
ghosh2022_pepper_control_r04,ghosh2022_pepper_cmp019,0.002501205,relative_to_internal_standard
ghosh2022_pepper_control_r05,ghosh2022_pepper_cmp019,0.001841653,relative_to_internal_standard
ghosh2022_pepper_healthy_whitefly_r01,ghosh2022_pepper_cmp019,0.011348577,relative_to_internal_standard
ghosh2022_pepper_healthy_whitefly_r02,ghosh2022_pepper_cmp019,0.001801657,relative_to_internal_standard
ghosh2022_pepper_healthy_whitefly_r03,ghosh2022_pepper_cmp019,0.004817949,relative_to_internal_standard
ghosh2022_pepper_healthy_whitefly_r04,ghosh2022_pepper_cmp019,0.002049533,relative_to_internal_standard
ghosh2022_pepper_healthy_whitefly_r05,ghosh2022_pepper_cmp019,0.000983537,relative_to_internal_standard
ghosh2022_pepper_virus_r01,ghosh2022_pepper_cmp019,0.0,relative_to_internal_standard
ghosh2022_pepper_virus_r02,ghosh2022_pepper_cmp019,0.000959923,relative_to_internal_standard
ghosh2022_pepper_virus_r03,ghosh2022_pepper_cmp019,0.0,relative_to_internal_standard
ghosh2022_pepper_virus_r04,ghosh2022_pepper_cmp019,0.001054335,relative_to_internal_standard
ghosh2022_pepper_control_r01,ghosh2022_pepper_cmp020,0.003540089,relative_to_internal_standard
ghosh2022_pepper_control_r02,ghosh2022_pepper_cmp020,0.003804517,relative_to_internal_standard
ghosh2022_pepper_control_r03,ghosh2022_pepper_cmp020,0.007743657,relative_to_internal_standard
ghosh2022_pepper_control_r04,ghosh2022_pepper_cmp020,0.006093349,relative_to_internal_standard
ghosh2022_pepper_control_r05,ghosh2022_pepper_cmp020,0.005356893,relative_to_internal_standard
ghosh2022_pepper_healthy_whitefly_r01,ghosh2022_pepper_cmp020,0.012057626,relative_to_internal_standard
ghosh2022_pepper_healthy_whitefly_r02,ghosh2022_pepper_cmp020,0.00921283,relative_to_internal_standard
ghosh2022_pepper_healthy_whitefly_r03,ghosh2022_pepper_cmp020,0.01115827,relative_to_internal_standard
ghosh2022_pepper_healthy_whitefly_r04,ghosh2022_pepper_cmp020,0.006461064,relative_to_internal_standard
ghosh2022_pepper_healthy_whitefly_r05,ghosh2022_pepper_cmp020,0.005717158,relative_to_internal_standard
ghosh2022_pepper_virus_r01,ghosh2022_pepper_cmp020,0.010842896,relative_to_internal_standard
ghosh2022_pepper_virus_r02,ghosh2022_pepper_cmp020,0.006737377,relative_to_internal_standard
ghosh2022_pepper_virus_r03,ghosh2022_pepper_cmp020,0.010344198,relative_to_internal_standard
ghosh2022_pepper_virus_r04,ghosh2022_pepper_cmp020,0.005621216,relative_to_internal_standard
ghosh2022_pepper_control_r01,ghosh2022_pepper_cmp021,0.001505064,relative_to_internal_standard
ghosh2022_pepper_control_r02,ghosh2022_pepper_cmp021,0.003976781,relative_to_internal_standard
ghosh2022_pepper_control_r03,ghosh2022_pepper_cmp021,0.00332085,relative_to_internal_standard
ghosh2022_pepper_control_r04,ghosh2022_pepper_cmp021,0.001388481,relative_to_internal_standard
ghosh2022_pepper_control_r05,ghosh2022_pepper_cmp021,0.002623789,relative_to_internal_standard
ghosh2022_pepper_healthy_whitefly_r01,ghosh2022_pepper_cmp021,0.007081786,relative_to_internal_standard
ghosh2022_pepper_healthy_whitefly_r02,ghosh2022_pepper_cmp021,0.00277202,relative_to_internal_standard
ghosh2022_pepper_healthy_whitefly_r03,ghosh2022_pepper_cmp021,0.006739404,relative_to_internal_standard
ghosh2022_pepper_healthy_whitefly_r04,ghosh2022_pepper_cmp021,0.002631092,relative_to_internal_standard
ghosh2022_pepper_healthy_whitefly_r05,ghosh2022_pepper_cmp021,0.001271746,relative_to_internal_standard
ghosh2022_pepper_virus_r01,ghosh2022_pepper_cmp021,0.002049927,relative_to_internal_standard
ghosh2022_pepper_virus_r02,ghosh2022_pepper_cmp021,0.000591549,relative_to_internal_standard
ghosh2022_pepper_virus_r03,ghosh2022_pepper_cmp021,0.002415867,relative_to_internal_standard
ghosh2022_pepper_virus_r04,ghosh2022_pepper_cmp021,0.0,relative_to_internal_standard
ghosh2022_pepper_control_r01,ghosh2022_pepper_cmp022,0.00322323,relative_to_internal_standard
ghosh2022_pepper_control_r02,ghosh2022_pepper_cmp022,0.003884499,relative_to_internal_standard
ghosh2022_pepper_control_r03,ghosh2022_pepper_cmp022,0.010022838,relative_to_internal_standard
ghosh2022_pepper_control_r04,ghosh2022_pepper_cmp022,0.007512285,relative_to_internal_standard
ghosh2022_pepper_control_r05,ghosh2022_pepper_cmp022,0.006090458,relative_to_internal_standard
ghosh2022_pepper_healthy_whitefly_r01,ghosh2022_pepper_cmp022,0.014745836,relative_to_internal_standard
ghosh2022_pepper_healthy_whitefly_r02,ghosh2022_pepper_cmp022,0.015930293,relative_to_internal_standard
ghosh2022_pepper_healthy_whitefly_r03,ghosh2022_pepper_cmp022,0.01235639,relative_to_internal_standard
ghosh2022_pepper_healthy_whitefly_r04,ghosh2022_pepper_cmp022,0.009029734,relative_to_internal_standard
ghosh2022_pepper_healthy_whitefly_r05,ghosh2022_pepper_cmp022,0.005436761,relative_to_internal_standard
ghosh2022_pepper_virus_r01,ghosh2022_pepper_cmp022,0.007665585,relative_to_internal_standard
ghosh2022_pepper_virus_r02,ghosh2022_pepper_cmp022,0.006304959,relative_to_internal_standard
ghosh2022_pepper_virus_r03,ghosh2022_pepper_cmp022,0.008806044,relative_to_internal_standard
ghosh2022_pepper_virus_r04,ghosh2022_pepper_cmp022,0.004057109,relative_to_internal_standard
ghosh2022_pepper_control_r01,ghosh2022_pepper_cmp023,0.003912197,relative_to_internal_standard
ghosh2022_pepper_control_r02,ghosh2022_pepper_cmp023,0.006245575,relative_to_internal_standard
ghosh2022_pepper_control_r03,ghosh2022_pepper_cmp023,0.010196745,relative_to_internal_standard
ghosh2022_pepper_control_r04,ghosh2022_pepper_cmp023,0.016301634,relative_to_internal_standard
ghosh2022_pepper_control_r05,ghosh2022_pepper_cmp023,0.012063797,relative_to_internal_standard
ghosh2022_pepper_healthy_whitefly_r01,ghosh2022_pepper_cmp023,0.017850172,relative_to_internal_standard
ghosh2022_pepper_healthy_whitefly_r02,ghosh2022_pepper_cmp023,0.014631622,relative_to_internal_standard
ghosh2022_pepper_healthy_whitefly_r03,ghosh2022_pepper_cmp023,0.013559159,relative_to_internal_standard
ghosh2022_pepper_healthy_whitefly_r04,ghosh2022_pepper_cmp023,0.018041968,relative_to_internal_standard
ghosh2022_pepper_healthy_whitefly_r05,ghosh2022_pepper_cmp023,0.01471003,relative_to_internal_standard
ghosh2022_pepper_virus_r01,ghosh2022_pepper_cmp023,0.01214186,relative_to_internal_standard
ghosh2022_pepper_virus_r02,ghosh2022_pepper_cmp023,0.015572818,relative_to_internal_standard
ghosh2022_pepper_virus_r03,ghosh2022_pepper_cmp023,0.020675012,relative_to_internal_standard
ghosh2022_pepper_virus_r04,ghosh2022_pepper_cmp023,0.008900715,relative_to_internal_standard
ghosh2022_pepper_control_r01,ghosh2022_pepper_cmp024,0.001415082,relative_to_internal_standard
ghosh2022_pepper_control_r02,ghosh2022_pepper_cmp024,0.00158387,relative_to_internal_standard
ghosh2022_pepper_control_r03,ghosh2022_pepper_cmp024,0.005791313,relative_to_internal_standard
ghosh2022_pepper_control_r04,ghosh2022_pepper_cmp024,0.005420636,relative_to_internal_standard
ghosh2022_pepper_control_r05,ghosh2022_pepper_cmp024,0.00112933,relative_to_internal_standard
ghosh2022_pepper_healthy_whitefly_r01,ghosh2022_pepper_cmp024,0.00718079,relative_to_internal_standard
ghosh2022_pepper_healthy_whitefly_r02,ghosh2022_pepper_cmp024,0.005089668,relative_to_internal_standard
ghosh2022_pepper_healthy_whitefly_r03,ghosh2022_pepper_cmp024,0.005898155,relative_to_internal_standard
ghosh2022_pepper_healthy_whitefly_r04,ghosh2022_pepper_cmp024,0.005107121,relative_to_internal_standard
ghosh2022_pepper_healthy_whitefly_r05,ghosh2022_pepper_cmp024,0.004400993,relative_to_internal_standard
ghosh2022_pepper_virus_r01,ghosh2022_pepper_cmp024,0.002488921,relative_to_internal_standard
ghosh2022_pepper_virus_r02,ghosh2022_pepper_cmp024,0.004571071,relative_to_internal_standard
ghosh2022_pepper_virus_r03,ghosh2022_pepper_cmp024,0.01099355,relative_to_internal_standard
ghosh2022_pepper_virus_r04,ghosh2022_pepper_cmp024,0.00395433,relative_to_internal_standard
ghosh2022_pepper_control_r01,ghosh2022_pepper_cmp025,0.00207463,relative_to_internal_standard
ghosh2022_pepper_control_r02,ghosh2022_pepper_cmp025,0.008481219,relative_to_internal_standard
ghosh2022_pepper_control_r03,ghosh2022_pepper_cmp025,0.004078782,relative_to_internal_standard
ghosh2022_pepper_control_r04,ghosh2022_pepper_cmp025,0.002127163,relative_to_internal_standard
ghosh2022_pepper_control_r05,ghosh2022_pepper_cmp025,0.002582502,relative_to_internal_standard
ghosh2022_pepper_healthy_whitefly_r01,ghosh2022_pepper_cmp025,0.006371879,relative_to_internal_standard
ghosh2022_pepper_healthy_whitefly_r02,ghosh2022_pepper_cmp025,0.003878371,relative_to_internal_standard
ghosh2022_pepper_healthy_whitefly_r03,ghosh2022_pepper_cmp025,0.008143181,relative_to_internal_standard
ghosh2022_pepper_healthy_whitefly_r04,ghosh2022_pepper_cmp025,0.002382975,relative_to_internal_standard
ghosh2022_pepper_healthy_whitefly_r05,ghosh2022_pepper_cmp025,0.001187045,relative_to_internal_standard
ghosh2022_pepper_virus_r01,ghosh2022_pepper_cmp025,0.002518277,relative_to_internal_standard
ghosh2022_pepper_virus_r02,ghosh2022_pepper_cmp025,0.00071211,relative_to_internal_standard
ghosh2022_pepper_virus_r03,ghosh2022_pepper_cmp025,0.002853157,relative_to_internal_standard
ghosh2022_pepper_virus_r04,ghosh2022_pepper_cmp025,0.000143601,relative_to_internal_standard
ghosh2022_pepper_control_r01,ghosh2022_pepper_cmp026,0.002587574,relative_to_internal_standard
ghosh2022_pepper_control_r02,ghosh2022_pepper_cmp026,0.006848141,relative_to_internal_standard
ghosh2022_pepper_control_r03,ghosh2022_pepper_cmp026,0.004746508,relative_to_internal_standard
ghosh2022_pepper_control_r04,ghosh2022_pepper_cmp026,0.001838055,relative_to_internal_standard
ghosh2022_pepper_control_r05,ghosh2022_pepper_cmp026,0.002355707,relative_to_internal_standard
ghosh2022_pepper_healthy_whitefly_r01,ghosh2022_pepper_cmp026,0.006427466,relative_to_internal_standard
ghosh2022_pepper_healthy_whitefly_r02,ghosh2022_pepper_cmp026,0.003745354,relative_to_internal_standard
ghosh2022_pepper_healthy_whitefly_r03,ghosh2022_pepper_cmp026,0.007618799,relative_to_internal_standard
ghosh2022_pepper_healthy_whitefly_r04,ghosh2022_pepper_cmp026,0.002502956,relative_to_internal_standard
ghosh2022_pepper_healthy_whitefly_r05,ghosh2022_pepper_cmp026,0.001217164,relative_to_internal_standard
ghosh2022_pepper_virus_r01,ghosh2022_pepper_cmp026,0.002050151,relative_to_internal_standard
ghosh2022_pepper_virus_r02,ghosh2022_pepper_cmp026,0.000772067,relative_to_internal_standard
ghosh2022_pepper_virus_r03,ghosh2022_pepper_cmp026,0.003153211,relative_to_internal_standard
ghosh2022_pepper_virus_r04,ghosh2022_pepper_cmp026,0.000599802,relative_to_internal_standard
ghosh2022_pepper_control_r01,ghosh2022_pepper_cmp027,0.001981267,relative_to_internal_standard
ghosh2022_pepper_control_r02,ghosh2022_pepper_cmp027,0.006141027,relative_to_internal_standard
ghosh2022_pepper_control_r03,ghosh2022_pepper_cmp027,0.004240565,relative_to_internal_standard
ghosh2022_pepper_control_r04,ghosh2022_pepper_cmp027,0.001470054,relative_to_internal_standard
ghosh2022_pepper_control_r05,ghosh2022_pepper_cmp027,0.00306451,relative_to_internal_standard
ghosh2022_pepper_healthy_whitefly_r01,ghosh2022_pepper_cmp027,0.008083156,relative_to_internal_standard
ghosh2022_pepper_healthy_whitefly_r02,ghosh2022_pepper_cmp027,0.003271922,relative_to_internal_standard
ghosh2022_pepper_healthy_whitefly_r03,ghosh2022_pepper_cmp027,0.008461708,relative_to_internal_standard
ghosh2022_pepper_healthy_whitefly_r04,ghosh2022_pepper_cmp027,0.002872429,relative_to_internal_standard
ghosh2022_pepper_healthy_whitefly_r05,ghosh2022_pepper_cmp027,0.001380621,relative_to_internal_standard
ghosh2022_pepper_virus_r01,ghosh2022_pepper_cmp027,0.002373276,relative_to_internal_standard
ghosh2022_pepper_virus_r02,ghosh2022_pepper_cmp027,0.000685352,relative_to_internal_standard
ghosh2022_pepper_virus_r03,ghosh2022_pepper_cmp027,0.003603383,relative_to_internal_standard
ghosh2022_pepper_virus_r04,ghosh2022_pepper_cmp027,0.00026838,relative_to_internal_standard
ghosh2022_pepper_control_r01,ghosh2022_pepper_cmp028,0.059507437,relative_to_internal_standard
ghosh2022_pepper_control_r02,ghosh2022_pepper_cmp028,0.075237881,relative_to_internal_standard
ghosh2022_pepper_control_r03,ghosh2022_pepper_cmp028,0.357954634,relative_to_internal_standard
ghosh2022_pepper_control_r04,ghosh2022_pepper_cmp028,0.307685953,relative_to_internal_standard
ghosh2022_pepper_control_r05,ghosh2022_pepper_cmp028,0.241438643,relative_to_internal_standard
ghosh2022_pepper_healthy_whitefly_r01,ghosh2022_pepper_cmp028,0.391047952,relative_to_internal_standard
ghosh2022_pepper_healthy_whitefly_r02,ghosh2022_pepper_cmp028,0.435818916,relative_to_internal_standard
ghosh2022_pepper_healthy_whitefly_r03,ghosh2022_pepper_cmp028,0.351004974,relative_to_internal_standard
ghosh2022_pepper_healthy_whitefly_r04,ghosh2022_pepper_cmp028,0.3599716,relative_to_internal_standard
ghosh2022_pepper_healthy_whitefly_r05,ghosh2022_pepper_cmp028,0.242561867,relative_to_internal_standard
ghosh2022_pepper_virus_r01,ghosh2022_pepper_cmp028,0.232142404,relative_to_internal_standard
ghosh2022_pepper_virus_r02,ghosh2022_pepper_cmp028,0.269903121,relative_to_internal_standard
ghosh2022_pepper_virus_r03,ghosh2022_pepper_cmp028,0.399271703,relative_to_internal_standard
ghosh2022_pepper_virus_r04,ghosh2022_pepper_cmp028,0.190426789,relative_to_internal_standard
ghosh2022_pepper_control_r01,ghosh2022_pepper_cmp029,0.000312946,relative_to_internal_standard
ghosh2022_pepper_control_r02,ghosh2022_pepper_cmp029,0.000628012,relative_to_internal_standard
ghosh2022_pepper_control_r03,ghosh2022_pepper_cmp029,0.002877038,relative_to_internal_standard
ghosh2022_pepper_control_r04,ghosh2022_pepper_cmp029,0.006644753,relative_to_internal_standard
ghosh2022_pepper_control_r05,ghosh2022_pepper_cmp029,0.005577134,relative_to_internal_standard
ghosh2022_pepper_healthy_whitefly_r01,ghosh2022_pepper_cmp029,0.01331475,relative_to_internal_standard
ghosh2022_pepper_healthy_whitefly_r02,ghosh2022_pepper_cmp029,0.006249451,relative_to_internal_standard
ghosh2022_pepper_healthy_whitefly_r03,ghosh2022_pepper_cmp029,0.01063036,relative_to_internal_standard
ghosh2022_pepper_healthy_whitefly_r04,ghosh2022_pepper_cmp029,0.005255369,relative_to_internal_standard
ghosh2022_pepper_healthy_whitefly_r05,ghosh2022_pepper_cmp029,0.005912774,relative_to_internal_standard
ghosh2022_pepper_virus_r01,ghosh2022_pepper_cmp029,0.002546465,relative_to_internal_standard
ghosh2022_pepper_virus_r02,ghosh2022_pepper_cmp029,0.003524696,relative_to_internal_standard
ghosh2022_pepper_virus_r03,ghosh2022_pepper_cmp029,0.052488807,relative_to_internal_standard
ghosh2022_pepper_virus_r04,ghosh2022_pepper_cmp029,0.004180215,relative_to_internal_standard
ghosh2022_pepper_control_r01,ghosh2022_pepper_cmp030,0.045017921,relative_to_internal_standard
ghosh2022_pepper_control_r02,ghosh2022_pepper_cmp030,0.06136259,relative_to_internal_standard
ghosh2022_pepper_control_r03,ghosh2022_pepper_cmp030,0.082700998,relative_to_internal_standard
ghosh2022_pepper_control_r04,ghosh2022_pepper_cmp030,0.068901245,relative_to_internal_standard
ghosh2022_pepper_control_r05,ghosh2022_pepper_cmp030,0.066110067,relative_to_internal_standard
ghosh2022_pepper_healthy_whitefly_r01,ghosh2022_pepper_cmp030,0.101996629,relative_to_internal_standard
ghosh2022_pepper_healthy_whitefly_r02,ghosh2022_pepper_cmp030,0.082816335,relative_to_internal_standard
ghosh2022_pepper_healthy_whitefly_r03,ghosh2022_pepper_cmp030,0.096046874,relative_to_internal_standard
ghosh2022_pepper_healthy_whitefly_r04,ghosh2022_pepper_cmp030,0.075193568,relative_to_internal_standard
ghosh2022_pepper_healthy_whitefly_r05,ghosh2022_pepper_cmp030,0.067852443,relative_to_internal_standard
ghosh2022_pepper_virus_r01,ghosh2022_pepper_cmp030,0.060269925,relative_to_internal_standard
ghosh2022_pepper_virus_r02,ghosh2022_pepper_cmp030,0.074992858,relative_to_internal_standard
ghosh2022_pepper_virus_r03,ghosh2022_pepper_cmp030,0.117784484,relative_to_internal_standard
ghosh2022_pepper_virus_r04,ghosh2022_pepper_cmp030,0.073813624,relative_to_internal_standard
ghosh2022_pepper_control_r01,ghosh2022_pepper_cmp031,0.013776974,relative_to_internal_standard
ghosh2022_pepper_control_r02,ghosh2022_pepper_cmp031,0.018902128,relative_to_internal_standard
ghosh2022_pepper_control_r03,ghosh2022_pepper_cmp031,0.030328302,relative_to_internal_standard
ghosh2022_pepper_control_r04,ghosh2022_pepper_cmp031,0.022917544,relative_to_internal_standard
ghosh2022_pepper_control_r05,ghosh2022_pepper_cmp031,0.020837596,relative_to_internal_standard
ghosh2022_pepper_healthy_whitefly_r01,ghosh2022_pepper_cmp031,0.044262061,relative_to_internal_standard
ghosh2022_pepper_healthy_whitefly_r02,ghosh2022_pepper_cmp031,0.031277339,relative_to_internal_standard
ghosh2022_pepper_healthy_whitefly_r03,ghosh2022_pepper_cmp031,0.038228678,relative_to_internal_standard
ghosh2022_pepper_healthy_whitefly_r04,ghosh2022_pepper_cmp031,0.022725603,relative_to_internal_standard
ghosh2022_pepper_healthy_whitefly_r05,ghosh2022_pepper_cmp031,0.029355314,relative_to_internal_standard
ghosh2022_pepper_virus_r01,ghosh2022_pepper_cmp031,0.017379827,relative_to_internal_standard
ghosh2022_pepper_virus_r02,ghosh2022_pepper_cmp031,0.020161757,relative_to_internal_standard
ghosh2022_pepper_virus_r03,ghosh2022_pepper_cmp031,0.051777498,relative_to_internal_standard
ghosh2022_pepper_virus_r04,ghosh2022_pepper_cmp031,0.01819276,relative_to_internal_standard
ghosh2022_pepper_control_r01,ghosh2022_pepper_cmp032,0.000905842,relative_to_internal_standard
ghosh2022_pepper_control_r02,ghosh2022_pepper_cmp032,0.001286119,relative_to_internal_standard
ghosh2022_pepper_control_r03,ghosh2022_pepper_cmp032,0.002099217,relative_to_internal_standard
ghosh2022_pepper_control_r04,ghosh2022_pepper_cmp032,0.001740626,relative_to_internal_standard
ghosh2022_pepper_control_r05,ghosh2022_pepper_cmp032,0.001714733,relative_to_internal_standard
ghosh2022_pepper_healthy_whitefly_r01,ghosh2022_pepper_cmp032,0.002581821,relative_to_internal_standard
ghosh2022_pepper_healthy_whitefly_r02,ghosh2022_pepper_cmp032,0.002239487,relative_to_internal_standard
ghosh2022_pepper_healthy_whitefly_r03,ghosh2022_pepper_cmp032,0.002508123,relative_to_internal_standard
ghosh2022_pepper_healthy_whitefly_r04,ghosh2022_pepper_cmp032,0.001978427,relative_to_internal_standard
ghosh2022_pepper_healthy_whitefly_r05,ghosh2022_pepper_cmp032,0.002275849,relative_to_internal_standard
ghosh2022_pepper_virus_r01,ghosh2022_pepper_cmp032,0.001653025,relative_to_internal_standard
ghosh2022_pepper_virus_r02,ghosh2022_pepper_cmp032,0.001434673,relative_to_internal_standard
ghosh2022_pepper_virus_r03,ghosh2022_pepper_cmp032,0.005954556,relative_to_internal_standard
ghosh2022_pepper_virus_r04,ghosh2022_pepper_cmp032,0.001984128,relative_to_internal_standard
ghosh2022_pepper_control_r01,ghosh2022_pepper_cmp033,0.053379345,relative_to_internal_standard
ghosh2022_pepper_control_r02,ghosh2022_pepper_cmp033,0.067420228,relative_to_internal_standard
ghosh2022_pepper_control_r03,ghosh2022_pepper_cmp033,0.104485909,relative_to_internal_standard
ghosh2022_pepper_control_r04,ghosh2022_pepper_cmp033,0.074383261,relative_to_internal_standard
ghosh2022_pepper_control_r05,ghosh2022_pepper_cmp033,0.069346362,relative_to_internal_standard
ghosh2022_pepper_healthy_whitefly_r01,ghosh2022_pepper_cmp033,0.090673084,relative_to_internal_standard
ghosh2022_pepper_healthy_whitefly_r02,ghosh2022_pepper_cmp033,0.074518585,relative_to_internal_standard
ghosh2022_pepper_healthy_whitefly_r03,ghosh2022_pepper_cmp033,0.067719136,relative_to_internal_standard
ghosh2022_pepper_healthy_whitefly_r04,ghosh2022_pepper_cmp033,0.061493417,relative_to_internal_standard
ghosh2022_pepper_healthy_whitefly_r05,ghosh2022_pepper_cmp033,0.084746504,relative_to_internal_standard
ghosh2022_pepper_virus_r01,ghosh2022_pepper_cmp033,0.138860326,relative_to_internal_standard
ghosh2022_pepper_virus_r02,ghosh2022_pepper_cmp033,0.059772269,relative_to_internal_standard
ghosh2022_pepper_virus_r03,ghosh2022_pepper_cmp033,0.145943124,relative_to_internal_standard
ghosh2022_pepper_virus_r04,ghosh2022_pepper_cmp033,0.085446846,relative_to_internal_standard
ghosh2022_pepper_control_r01,ghosh2022_pepper_cmp034,0.000858353,relative_to_internal_standard
ghosh2022_pepper_control_r02,ghosh2022_pepper_cmp034,0.001225364,relative_to_internal_standard
ghosh2022_pepper_control_r03,ghosh2022_pepper_cmp034,0.002041355,relative_to_internal_standard
ghosh2022_pepper_control_r04,ghosh2022_pepper_cmp034,0.001802299,relative_to_internal_standard
ghosh2022_pepper_control_r05,ghosh2022_pepper_cmp034,0.001399822,relative_to_internal_standard
ghosh2022_pepper_healthy_whitefly_r01,ghosh2022_pepper_cmp034,0.002834134,relative_to_internal_standard
ghosh2022_pepper_healthy_whitefly_r02,ghosh2022_pepper_cmp034,0.001713009,relative_to_internal_standard
ghosh2022_pepper_healthy_whitefly_r03,ghosh2022_pepper_cmp034,0.002393076,relative_to_internal_standard
ghosh2022_pepper_healthy_whitefly_r04,ghosh2022_pepper_cmp034,0.001942104,relative_to_internal_standard
ghosh2022_pepper_healthy_whitefly_r05,ghosh2022_pepper_cmp034,0.002095889,relative_to_internal_standard
ghosh2022_pepper_virus_r01,ghosh2022_pepper_cmp034,0.001337788,relative_to_internal_standard
ghosh2022_pepper_virus_r02,ghosh2022_pepper_cmp034,0.001388333,relative_to_internal_standard
ghosh2022_pepper_virus_r03,ghosh2022_pepper_cmp034,0.006681521,relative_to_internal_standard
ghosh2022_pepper_virus_r04,ghosh2022_pepper_cmp034,0.002676277,relative_to_internal_standard
ghosh2022_pepper_control_r01,ghosh2022_pepper_cmp035,0.093392635,relative_to_internal_standard
ghosh2022_pepper_control_r02,ghosh2022_pepper_cmp035,0.136904871,relative_to_internal_standard
ghosh2022_pepper_control_r03,ghosh2022_pepper_cmp035,0.127628557,relative_to_internal_standard
ghosh2022_pepper_control_r04,ghosh2022_pepper_cmp035,0.143919679,relative_to_internal_standard
ghosh2022_pepper_control_r05,ghosh2022_pepper_cmp035,0.14396331,relative_to_internal_standard
ghosh2022_pepper_healthy_whitefly_r01,ghosh2022_pepper_cmp035,0.144954678,relative_to_internal_standard
ghosh2022_pepper_healthy_whitefly_r02,ghosh2022_pepper_cmp035,0.131084317,relative_to_internal_standard
ghosh2022_pepper_healthy_whitefly_r03,ghosh2022_pepper_cmp035,0.087541026,relative_to_internal_standard
ghosh2022_pepper_healthy_whitefly_r04,ghosh2022_pepper_cmp035,0.155131302,relative_to_internal_standard
ghosh2022_pepper_healthy_whitefly_r05,ghosh2022_pepper_cmp035,0.127264912,relative_to_internal_standard
ghosh2022_pepper_virus_r01,ghosh2022_pepper_cmp035,0.128364992,relative_to_internal_standard
ghosh2022_pepper_virus_r02,ghosh2022_pepper_cmp035,0.199253157,relative_to_internal_standard
ghosh2022_pepper_virus_r03,ghosh2022_pepper_cmp035,0.210089455,relative_to_internal_standard
ghosh2022_pepper_virus_r04,ghosh2022_pepper_cmp035,0.123947439,relative_to_internal_standard
ghosh2022_pepper_control_r01,ghosh2022_pepper_cmp036,0.025120553,relative_to_internal_standard
ghosh2022_pepper_control_r02,ghosh2022_pepper_cmp036,0.031881739,relative_to_internal_standard
ghosh2022_pepper_control_r03,ghosh2022_pepper_cmp036,0.045280394,relative_to_internal_standard
ghosh2022_pepper_control_r04,ghosh2022_pepper_cmp036,0.025263864,relative_to_internal_standard
ghosh2022_pepper_control_r05,ghosh2022_pepper_cmp036,0.030586129,relative_to_internal_standard
ghosh2022_pepper_healthy_whitefly_r01,ghosh2022_pepper_cmp036,0.031182827,relative_to_internal_standard
ghosh2022_pepper_healthy_whitefly_r02,ghosh2022_pepper_cmp036,0.027033303,relative_to_internal_standard
ghosh2022_pepper_healthy_whitefly_r03,ghosh2022_pepper_cmp036,0.021056364,relative_to_internal_standard
ghosh2022_pepper_healthy_whitefly_r04,ghosh2022_pepper_cmp036,0.019075732,relative_to_internal_standard
ghosh2022_pepper_healthy_whitefly_r05,ghosh2022_pepper_cmp036,0.025429826,relative_to_internal_standard
ghosh2022_pepper_virus_r01,ghosh2022_pepper_cmp036,0.023177077,relative_to_internal_standard
ghosh2022_pepper_virus_r02,ghosh2022_pepper_cmp036,0.017905486,relative_to_internal_standard
ghosh2022_pepper_virus_r03,ghosh2022_pepper_cmp036,0.037418354,relative_to_internal_standard
ghosh2022_pepper_virus_r04,ghosh2022_pepper_cmp036,0.025441997,relative_to_internal_standard
ghosh2022_pepper_control_r01,ghosh2022_pepper_cmp037,0.017910765,relative_to_internal_standard
ghosh2022_pepper_control_r02,ghosh2022_pepper_cmp037,0.024525599,relative_to_internal_standard
ghosh2022_pepper_control_r03,ghosh2022_pepper_cmp037,0.080890319,relative_to_internal_standard
ghosh2022_pepper_control_r04,ghosh2022_pepper_cmp037,0.058255415,relative_to_internal_standard
ghosh2022_pepper_control_r05,ghosh2022_pepper_cmp037,0.046134336,relative_to_internal_standard
ghosh2022_pepper_healthy_whitefly_r01,ghosh2022_pepper_cmp037,0.072903311,relative_to_internal_standard
ghosh2022_pepper_healthy_whitefly_r02,ghosh2022_pepper_cmp037,0.059019557,relative_to_internal_standard
ghosh2022_pepper_healthy_whitefly_r03,ghosh2022_pepper_cmp037,0.06582826,relative_to_internal_standard
ghosh2022_pepper_healthy_whitefly_r04,ghosh2022_pepper_cmp037,0.057113413,relative_to_internal_standard
ghosh2022_pepper_healthy_whitefly_r05,ghosh2022_pepper_cmp037,0.0518806,relative_to_internal_standard
ghosh2022_pepper_virus_r01,ghosh2022_pepper_cmp037,0.036081452,relative_to_internal_standard
ghosh2022_pepper_virus_r02,ghosh2022_pepper_cmp037,0.054263975,relative_to_internal_standard
ghosh2022_pepper_virus_r03,ghosh2022_pepper_cmp037,0.091860536,relative_to_internal_standard
ghosh2022_pepper_virus_r04,ghosh2022_pepper_cmp037,0.049670755,relative_to_internal_standard
ghosh2022_pepper_control_r01,ghosh2022_pepper_cmp038,0.005480132,relative_to_internal_standard
ghosh2022_pepper_control_r02,ghosh2022_pepper_cmp038,0.005270941,relative_to_internal_standard
ghosh2022_pepper_control_r03,ghosh2022_pepper_cmp038,0.012466635,relative_to_internal_standard
ghosh2022_pepper_control_r04,ghosh2022_pepper_cmp038,0.007969517,relative_to_internal_standard
ghosh2022_pepper_control_r05,ghosh2022_pepper_cmp038,0.010571455,relative_to_internal_standard
ghosh2022_pepper_healthy_whitefly_r01,ghosh2022_pepper_cmp038,0.008827058,relative_to_internal_standard
ghosh2022_pepper_healthy_whitefly_r02,ghosh2022_pepper_cmp038,0.016168435,relative_to_internal_standard
ghosh2022_pepper_healthy_whitefly_r03,ghosh2022_pepper_cmp038,0.00852247,relative_to_internal_standard
ghosh2022_pepper_healthy_whitefly_r04,ghosh2022_pepper_cmp038,0.010389665,relative_to_internal_standard
ghosh2022_pepper_healthy_whitefly_r05,ghosh2022_pepper_cmp038,0.010520498,relative_to_internal_standard
ghosh2022_pepper_virus_r01,ghosh2022_pepper_cmp038,0.009552997,relative_to_internal_standard
ghosh2022_pepper_virus_r02,ghosh2022_pepper_cmp038,0.007878515,relative_to_internal_standard
ghosh2022_pepper_virus_r03,ghosh2022_pepper_cmp038,0.012276556,relative_to_internal_standard
ghosh2022_pepper_virus_r04,ghosh2022_pepper_cmp038,0.009892612,relative_to_internal_standard
ghosh2022_pepper_control_r01,ghosh2022_pepper_cmp039,0.061761342,relative_to_internal_standard
ghosh2022_pepper_control_r02,ghosh2022_pepper_cmp039,0.041504498,relative_to_internal_standard
ghosh2022_pepper_control_r03,ghosh2022_pepper_cmp039,0.292794352,relative_to_internal_standard
ghosh2022_pepper_control_r04,ghosh2022_pepper_cmp039,0.151327047,relative_to_internal_standard
ghosh2022_pepper_control_r05,ghosh2022_pepper_cmp039,0.128276491,relative_to_internal_standard
ghosh2022_pepper_healthy_whitefly_r01,ghosh2022_pepper_cmp039,0.284618418,relative_to_internal_standard
ghosh2022_pepper_healthy_whitefly_r02,ghosh2022_pepper_cmp039,0.0,relative_to_internal_standard
ghosh2022_pepper_healthy_whitefly_r03,ghosh2022_pepper_cmp039,0.168175303,relative_to_internal_standard
ghosh2022_pepper_healthy_whitefly_r04,ghosh2022_pepper_cmp039,0.0,relative_to_internal_standard
ghosh2022_pepper_healthy_whitefly_r05,ghosh2022_pepper_cmp039,0.128226502,relative_to_internal_standard
ghosh2022_pepper_virus_r01,ghosh2022_pepper_cmp039,0.154972509,relative_to_internal_standard
ghosh2022_pepper_virus_r02,ghosh2022_pepper_cmp039,0.172261892,relative_to_internal_standard
ghosh2022_pepper_virus_r03,ghosh2022_pepper_cmp039,0.322301148,relative_to_internal_standard
ghosh2022_pepper_virus_r04,ghosh2022_pepper_cmp039,0.144651662,relative_to_internal_standard
ghosh2022_pepper_control_r01,ghosh2022_pepper_cmp040,0.0,relative_to_internal_standard
ghosh2022_pepper_control_r02,ghosh2022_pepper_cmp040,0.0,relative_to_internal_standard
ghosh2022_pepper_control_r03,ghosh2022_pepper_cmp040,0.043150554,relative_to_internal_standard
ghosh2022_pepper_control_r04,ghosh2022_pepper_cmp040,0.033293279,relative_to_internal_standard
ghosh2022_pepper_control_r05,ghosh2022_pepper_cmp040,0.030786922,relative_to_internal_standard
ghosh2022_pepper_healthy_whitefly_r01,ghosh2022_pepper_cmp040,0.048534838,relative_to_internal_standard
ghosh2022_pepper_healthy_whitefly_r02,ghosh2022_pepper_cmp040,0.025914756,relative_to_internal_standard
ghosh2022_pepper_healthy_whitefly_r03,ghosh2022_pepper_cmp040,0.026915108,relative_to_internal_standard
ghosh2022_pepper_healthy_whitefly_r04,ghosh2022_pepper_cmp040,0.026823561,relative_to_internal_standard
ghosh2022_pepper_healthy_whitefly_r05,ghosh2022_pepper_cmp040,0.024151024,relative_to_internal_standard
ghosh2022_pepper_virus_r01,ghosh2022_pepper_cmp040,0.02200091,relative_to_internal_standard
ghosh2022_pepper_virus_r02,ghosh2022_pepper_cmp040,0.031270917,relative_to_internal_standard
ghosh2022_pepper_virus_r03,ghosh2022_pepper_cmp040,0.041195664,relative_to_internal_standard
ghosh2022_pepper_virus_r04,ghosh2022_pepper_cmp040,0.025178233,relative_to_internal_standard
ghosh2022_pepper_control_r01,ghosh2022_pepper_cmp041,0.000570983,relative_to_internal_standard
ghosh2022_pepper_control_r02,ghosh2022_pepper_cmp041,0.001024258,relative_to_internal_standard
ghosh2022_pepper_control_r03,ghosh2022_pepper_cmp041,0.003852824,relative_to_internal_standard
ghosh2022_pepper_control_r04,ghosh2022_pepper_cmp041,0.003157361,relative_to_internal_standard
ghosh2022_pepper_control_r05,ghosh2022_pepper_cmp041,0.00266781,relative_to_internal_standard
ghosh2022_pepper_healthy_whitefly_r01,ghosh2022_pepper_cmp041,0.004669932,relative_to_internal_standard
ghosh2022_pepper_healthy_whitefly_r02,ghosh2022_pepper_cmp041,0.0,relative_to_internal_standard
ghosh2022_pepper_healthy_whitefly_r03,ghosh2022_pepper_cmp041,0.002710531,relative_to_internal_standard
ghosh2022_pepper_healthy_whitefly_r04,ghosh2022_pepper_cmp041,0.0,relative_to_internal_standard
ghosh2022_pepper_healthy_whitefly_r05,ghosh2022_pepper_cmp041,0.001725075,relative_to_internal_standard
ghosh2022_pepper_virus_r01,ghosh2022_pepper_cmp041,0.001349303,relative_to_internal_standard
ghosh2022_pepper_virus_r02,ghosh2022_pepper_cmp041,0.002546723,relative_to_internal_standard
ghosh2022_pepper_virus_r03,ghosh2022_pepper_cmp041,0.006673394,relative_to_internal_standard
ghosh2022_pepper_virus_r04,ghosh2022_pepper_cmp041,0.002187721,relative_to_internal_standard
ghosh2022_pepper_control_r01,ghosh2022_pepper_cmp042,0.003198689,relative_to_internal_standard
ghosh2022_pepper_control_r02,ghosh2022_pepper_cmp042,0.004923865,relative_to_internal_standard
ghosh2022_pepper_control_r03,ghosh2022_pepper_cmp042,0.026617004,relative_to_internal_standard
ghosh2022_pepper_control_r04,ghosh2022_pepper_cmp042,0.036542066,relative_to_internal_standard
ghosh2022_pepper_control_r05,ghosh2022_pepper_cmp042,0.01878458,relative_to_internal_standard
ghosh2022_pepper_healthy_whitefly_r01,ghosh2022_pepper_cmp042,0.03819448,relative_to_internal_standard
ghosh2022_pepper_healthy_whitefly_r02,ghosh2022_pepper_cmp042,0.022448165,relative_to_internal_standard
ghosh2022_pepper_healthy_whitefly_r03,ghosh2022_pepper_cmp042,0.025151303,relative_to_internal_standard
ghosh2022_pepper_healthy_whitefly_r04,ghosh2022_pepper_cmp042,0.028642428,relative_to_internal_standard
ghosh2022_pepper_healthy_whitefly_r05,ghosh2022_pepper_cmp042,0.015460652,relative_to_internal_standard
ghosh2022_pepper_virus_r01,ghosh2022_pepper_cmp042,0.024908164,relative_to_internal_standard
ghosh2022_pepper_virus_r02,ghosh2022_pepper_cmp042,0.022101901,relative_to_internal_standard
ghosh2022_pepper_virus_r03,ghosh2022_pepper_cmp042,0.022322955,relative_to_internal_standard
ghosh2022_pepper_virus_r04,ghosh2022_pepper_cmp042,0.009730597,relative_to_internal_standard
ghosh2022_pepper_control_r01,ghosh2022_pepper_cmp043,0.000742418,relative_to_internal_standard
ghosh2022_pepper_control_r02,ghosh2022_pepper_cmp043,0.001070547,relative_to_internal_standard
ghosh2022_pepper_control_r03,ghosh2022_pepper_cmp043,0.001616777,relative_to_internal_standard
ghosh2022_pepper_control_r04,ghosh2022_pepper_cmp043,0.001616633,relative_to_internal_standard
ghosh2022_pepper_control_r05,ghosh2022_pepper_cmp043,0.001219628,relative_to_internal_standard
ghosh2022_pepper_healthy_whitefly_r01,ghosh2022_pepper_cmp043,0.00200635,relative_to_internal_standard
ghosh2022_pepper_healthy_whitefly_r02,ghosh2022_pepper_cmp043,0.001620517,relative_to_internal_standard
ghosh2022_pepper_healthy_whitefly_r03,ghosh2022_pepper_cmp043,0.001771043,relative_to_internal_standard
ghosh2022_pepper_healthy_whitefly_r04,ghosh2022_pepper_cmp043,0.001326233,relative_to_internal_standard
ghosh2022_pepper_healthy_whitefly_r05,ghosh2022_pepper_cmp043,0.001840586,relative_to_internal_standard
ghosh2022_pepper_virus_r01,ghosh2022_pepper_cmp043,0.001427468,relative_to_internal_standard
ghosh2022_pepper_virus_r02,ghosh2022_pepper_cmp043,0.000910839,relative_to_internal_standard
ghosh2022_pepper_virus_r03,ghosh2022_pepper_cmp043,0.004825604,relative_to_internal_standard
ghosh2022_pepper_virus_r04,ghosh2022_pepper_cmp043,0.001645296,relative_to_internal_standard
ghosh2022_pepper_control_r01,ghosh2022_pepper_cmp044,0.001823409,relative_to_internal_standard
ghosh2022_pepper_control_r02,ghosh2022_pepper_cmp044,0.001947079,relative_to_internal_standard
ghosh2022_pepper_control_r03,ghosh2022_pepper_cmp044,0.004182151,relative_to_internal_standard
ghosh2022_pepper_control_r04,ghosh2022_pepper_cmp044,0.007467863,relative_to_internal_standard
ghosh2022_pepper_control_r05,ghosh2022_pepper_cmp044,0.004824666,relative_to_internal_standard
ghosh2022_pepper_healthy_whitefly_r01,ghosh2022_pepper_cmp044,0.009231146,relative_to_internal_standard
ghosh2022_pepper_healthy_whitefly_r02,ghosh2022_pepper_cmp044,0.004227112,relative_to_internal_standard
ghosh2022_pepper_healthy_whitefly_r03,ghosh2022_pepper_cmp044,0.008702448,relative_to_internal_standard
ghosh2022_pepper_healthy_whitefly_r04,ghosh2022_pepper_cmp044,0.005700628,relative_to_internal_standard
ghosh2022_pepper_healthy_whitefly_r05,ghosh2022_pepper_cmp044,0.003955097,relative_to_internal_standard
ghosh2022_pepper_virus_r01,ghosh2022_pepper_cmp044,0.003897709,relative_to_internal_standard
ghosh2022_pepper_virus_r02,ghosh2022_pepper_cmp044,0.003473778,relative_to_internal_standard
ghosh2022_pepper_virus_r03,ghosh2022_pepper_cmp044,0.01922711,relative_to_internal_standard
ghosh2022_pepper_virus_r04,ghosh2022_pepper_cmp044,0.004362853,relative_to_internal_standard
ghosh2022_pepper_control_r01,ghosh2022_pepper_cmp045,0.030944437,relative_to_internal_standard
ghosh2022_pepper_control_r02,ghosh2022_pepper_cmp045,0.03715628,relative_to_internal_standard
ghosh2022_pepper_control_r03,ghosh2022_pepper_cmp045,0.119740737,relative_to_internal_standard
ghosh2022_pepper_control_r04,ghosh2022_pepper_cmp045,0.082647423,relative_to_internal_standard
ghosh2022_pepper_control_r05,ghosh2022_pepper_cmp045,0.069038649,relative_to_internal_standard
ghosh2022_pepper_healthy_whitefly_r01,ghosh2022_pepper_cmp045,0.116576142,relative_to_internal_standard
ghosh2022_pepper_healthy_whitefly_r02,ghosh2022_pepper_cmp045,0.082266764,relative_to_internal_standard
ghosh2022_pepper_healthy_whitefly_r03,ghosh2022_pepper_cmp045,0.100561606,relative_to_internal_standard
ghosh2022_pepper_healthy_whitefly_r04,ghosh2022_pepper_cmp045,0.080962896,relative_to_internal_standard
ghosh2022_pepper_healthy_whitefly_r05,ghosh2022_pepper_cmp045,0.076476721,relative_to_internal_standard
ghosh2022_pepper_virus_r01,ghosh2022_pepper_cmp045,0.039575328,relative_to_internal_standard
ghosh2022_pepper_virus_r02,ghosh2022_pepper_cmp045,0.074294022,relative_to_internal_standard
ghosh2022_pepper_virus_r03,ghosh2022_pepper_cmp045,0.135641872,relative_to_internal_standard
ghosh2022_pepper_virus_r04,ghosh2022_pepper_cmp045,0.071453931,relative_to_internal_standard
ghosh2022_pepper_control_r01,ghosh2022_pepper_cmp046,0.027079743,relative_to_internal_standard
ghosh2022_pepper_control_r02,ghosh2022_pepper_cmp046,0.033970627,relative_to_internal_standard
ghosh2022_pepper_control_r03,ghosh2022_pepper_cmp046,0.05241997,relative_to_internal_standard
ghosh2022_pepper_control_r04,ghosh2022_pepper_cmp046,0.045970491,relative_to_internal_standard
ghosh2022_pepper_control_r05,ghosh2022_pepper_cmp046,0.045306237,relative_to_internal_standard
ghosh2022_pepper_healthy_whitefly_r01,ghosh2022_pepper_cmp046,0.087433012,relative_to_internal_standard
ghosh2022_pepper_healthy_whitefly_r02,ghosh2022_pepper_cmp046,0.054363557,relative_to_internal_standard
ghosh2022_pepper_healthy_whitefly_r03,ghosh2022_pepper_cmp046,0.064018612,relative_to_internal_standard
ghosh2022_pepper_healthy_whitefly_r04,ghosh2022_pepper_cmp046,0.041211433,relative_to_internal_standard
ghosh2022_pepper_healthy_whitefly_r05,ghosh2022_pepper_cmp046,0.050455838,relative_to_internal_standard
ghosh2022_pepper_virus_r01,ghosh2022_pepper_cmp046,0.031906243,relative_to_internal_standard
ghosh2022_pepper_virus_r02,ghosh2022_pepper_cmp046,0.033443781,relative_to_internal_standard
ghosh2022_pepper_virus_r03,ghosh2022_pepper_cmp046,0.126139775,relative_to_internal_standard
ghosh2022_pepper_virus_r04,ghosh2022_pepper_cmp046,0.042106814,relative_to_internal_standard
ghosh2022_pepper_control_r01,ghosh2022_pepper_cmp047,0.022263277,relative_to_internal_standard
ghosh2022_pepper_control_r02,ghosh2022_pepper_cmp047,0.028065289,relative_to_internal_standard
ghosh2022_pepper_control_r03,ghosh2022_pepper_cmp047,0.040995956,relative_to_internal_standard
ghosh2022_pepper_control_r04,ghosh2022_pepper_cmp047,0.023753236,relative_to_internal_standard
ghosh2022_pepper_control_r05,ghosh2022_pepper_cmp047,0.028678687,relative_to_internal_standard
ghosh2022_pepper_healthy_whitefly_r01,ghosh2022_pepper_cmp047,0.029714579,relative_to_internal_standard
ghosh2022_pepper_healthy_whitefly_r02,ghosh2022_pepper_cmp047,0.019880808,relative_to_internal_standard
ghosh2022_pepper_healthy_whitefly_r03,ghosh2022_pepper_cmp047,0.021251245,relative_to_internal_standard
ghosh2022_pepper_healthy_whitefly_r04,ghosh2022_pepper_cmp047,0.015263657,relative_to_internal_standard
ghosh2022_pepper_healthy_whitefly_r05,ghosh2022_pepper_cmp047,0.026773974,relative_to_internal_standard
ghosh2022_pepper_virus_r01,ghosh2022_pepper_cmp047,0.022256594,relative_to_internal_standard
ghosh2022_pepper_virus_r02,ghosh2022_pepper_cmp047,0.019306697,relative_to_internal_standard
ghosh2022_pepper_virus_r03,ghosh2022_pepper_cmp047,0.05030716,relative_to_internal_standard
ghosh2022_pepper_virus_r04,ghosh2022_pepper_cmp047,0.026797647,relative_to_internal_standard
ghosh2022_pepper_control_r01,ghosh2022_pepper_cmp048,0.016098854,relative_to_internal_standard
ghosh2022_pepper_control_r02,ghosh2022_pepper_cmp048,0.017907333,relative_to_internal_standard
ghosh2022_pepper_control_r03,ghosh2022_pepper_cmp048,0.049792513,relative_to_internal_standard
ghosh2022_pepper_control_r04,ghosh2022_pepper_cmp048,0.0269444,relative_to_internal_standard
ghosh2022_pepper_control_r05,ghosh2022_pepper_cmp048,0.016716454,relative_to_internal_standard
ghosh2022_pepper_healthy_whitefly_r01,ghosh2022_pepper_cmp048,0.020015198,relative_to_internal_standard
ghosh2022_pepper_healthy_whitefly_r02,ghosh2022_pepper_cmp048,0.013488007,relative_to_internal_standard
ghosh2022_pepper_healthy_whitefly_r03,ghosh2022_pepper_cmp048,0.023798438,relative_to_internal_standard
ghosh2022_pepper_healthy_whitefly_r04,ghosh2022_pepper_cmp048,0.019376853,relative_to_internal_standard
ghosh2022_pepper_healthy_whitefly_r05,ghosh2022_pepper_cmp048,0.031704948,relative_to_internal_standard
ghosh2022_pepper_virus_r01,ghosh2022_pepper_cmp048,0.055036249,relative_to_internal_standard
ghosh2022_pepper_virus_r02,ghosh2022_pepper_cmp048,0.01555618,relative_to_internal_standard
ghosh2022_pepper_virus_r03,ghosh2022_pepper_cmp048,0.03999272,relative_to_internal_standard
ghosh2022_pepper_virus_r04,ghosh2022_pepper_cmp048,0.026461061,relative_to_internal_standard
ghosh2022_pepper_control_r01,ghosh2022_pepper_cmp049,0.016080281,relative_to_internal_standard
ghosh2022_pepper_control_r02,ghosh2022_pepper_cmp049,0.026278626,relative_to_internal_standard
ghosh2022_pepper_control_r03,ghosh2022_pepper_cmp049,0.05475369,relative_to_internal_standard
ghosh2022_pepper_control_r04,ghosh2022_pepper_cmp049,0.055342702,relative_to_internal_standard
ghosh2022_pepper_control_r05,ghosh2022_pepper_cmp049,0.055716942,relative_to_internal_standard
ghosh2022_pepper_healthy_whitefly_r01,ghosh2022_pepper_cmp049,0.072424001,relative_to_internal_standard
ghosh2022_pepper_healthy_whitefly_r02,ghosh2022_pepper_cmp049,0.054631294,relative_to_internal_standard
ghosh2022_pepper_healthy_whitefly_r03,ghosh2022_pepper_cmp049,0.077867109,relative_to_internal_standard
ghosh2022_pepper_healthy_whitefly_r04,ghosh2022_pepper_cmp049,0.039543828,relative_to_internal_standard
ghosh2022_pepper_healthy_whitefly_r05,ghosh2022_pepper_cmp049,0.041628365,relative_to_internal_standard
ghosh2022_pepper_virus_r01,ghosh2022_pepper_cmp049,0.023138584,relative_to_internal_standard
ghosh2022_pepper_virus_r02,ghosh2022_pepper_cmp049,0.044043703,relative_to_internal_standard
ghosh2022_pepper_virus_r03,ghosh2022_pepper_cmp049,0.183718766,relative_to_internal_standard
ghosh2022_pepper_virus_r04,ghosh2022_pepper_cmp049,0.057108467,relative_to_internal_standard
ghosh2022_pepper_control_r01,ghosh2022_pepper_cmp050,0.014762355,relative_to_internal_standard
ghosh2022_pepper_control_r02,ghosh2022_pepper_cmp050,0.02141505,relative_to_internal_standard
ghosh2022_pepper_control_r03,ghosh2022_pepper_cmp050,0.026543196,relative_to_internal_standard
ghosh2022_pepper_control_r04,ghosh2022_pepper_cmp050,0.01782389,relative_to_internal_standard
ghosh2022_pepper_control_r05,ghosh2022_pepper_cmp050,0.017429066,relative_to_internal_standard
ghosh2022_pepper_healthy_whitefly_r01,ghosh2022_pepper_cmp050,0.027692115,relative_to_internal_standard
ghosh2022_pepper_healthy_whitefly_r02,ghosh2022_pepper_cmp050,0.021868388,relative_to_internal_standard
ghosh2022_pepper_healthy_whitefly_r03,ghosh2022_pepper_cmp050,0.02083295,relative_to_internal_standard
ghosh2022_pepper_healthy_whitefly_r04,ghosh2022_pepper_cmp050,0.0181107,relative_to_internal_standard
ghosh2022_pepper_healthy_whitefly_r05,ghosh2022_pepper_cmp050,0.020872048,relative_to_internal_standard
ghosh2022_pepper_virus_r01,ghosh2022_pepper_cmp050,0.019031075,relative_to_internal_standard
ghosh2022_pepper_virus_r02,ghosh2022_pepper_cmp050,0.016353839,relative_to_internal_standard
ghosh2022_pepper_virus_r03,ghosh2022_pepper_cmp050,0.038002904,relative_to_internal_standard
ghosh2022_pepper_virus_r04,ghosh2022_pepper_cmp050,0.025133354,relative_to_internal_standard
ghosh2022_pepper_control_r01,ghosh2022_pepper_cmp051,0.164090066,relative_to_internal_standard
ghosh2022_pepper_control_r02,ghosh2022_pepper_cmp051,0.214261736,relative_to_internal_standard
ghosh2022_pepper_control_r03,ghosh2022_pepper_cmp051,0.396755894,relative_to_internal_standard
ghosh2022_pepper_control_r04,ghosh2022_pepper_cmp051,0.298145853,relative_to_internal_standard
ghosh2022_pepper_control_r05,ghosh2022_pepper_cmp051,0.299640083,relative_to_internal_standard
ghosh2022_pepper_healthy_whitefly_r01,ghosh2022_pepper_cmp051,0.483552854,relative_to_internal_standard
ghosh2022_pepper_healthy_whitefly_r02,ghosh2022_pepper_cmp051,0.317023218,relative_to_internal_standard
ghosh2022_pepper_healthy_whitefly_r03,ghosh2022_pepper_cmp051,0.353291269,relative_to_internal_standard
ghosh2022_pepper_healthy_whitefly_r04,ghosh2022_pepper_cmp051,0.287494047,relative_to_internal_standard
ghosh2022_pepper_healthy_whitefly_r05,ghosh2022_pepper_cmp051,0.281827656,relative_to_internal_standard
ghosh2022_pepper_virus_r01,ghosh2022_pepper_cmp051,0.239196026,relative_to_internal_standard
ghosh2022_pepper_virus_r02,ghosh2022_pepper_cmp051,0.223695767,relative_to_internal_standard
ghosh2022_pepper_virus_r03,ghosh2022_pepper_cmp051,0.606373403,relative_to_internal_standard
ghosh2022_pepper_virus_r04,ghosh2022_pepper_cmp051,0.24536149,relative_to_internal_standard
ghosh2022_pepper_control_r01,ghosh2022_pepper_cmp052,0.007763747,relative_to_internal_standard
ghosh2022_pepper_control_r02,ghosh2022_pepper_cmp052,0.011598626,relative_to_internal_standard
ghosh2022_pepper_control_r03,ghosh2022_pepper_cmp052,0.016786813,relative_to_internal_standard
ghosh2022_pepper_control_r04,ghosh2022_pepper_cmp052,0.01390351,relative_to_internal_standard
ghosh2022_pepper_control_r05,ghosh2022_pepper_cmp052,0.012745269,relative_to_internal_standard
ghosh2022_pepper_healthy_whitefly_r01,ghosh2022_pepper_cmp052,0.017170261,relative_to_internal_standard
ghosh2022_pepper_healthy_whitefly_r02,ghosh2022_pepper_cmp052,0.014294699,relative_to_internal_standard
ghosh2022_pepper_healthy_whitefly_r03,ghosh2022_pepper_cmp052,0.015274345,relative_to_internal_standard
ghosh2022_pepper_healthy_whitefly_r04,ghosh2022_pepper_cmp052,0.013302182,relative_to_internal_standard
ghosh2022_pepper_healthy_whitefly_r05,ghosh2022_pepper_cmp052,0.013424311,relative_to_internal_standard
ghosh2022_pepper_virus_r01,ghosh2022_pepper_cmp052,0.009580598,relative_to_internal_standard
ghosh2022_pepper_virus_r02,ghosh2022_pepper_cmp052,0.011036097,relative_to_internal_standard
ghosh2022_pepper_virus_r03,ghosh2022_pepper_cmp052,0.030565048,relative_to_internal_standard
ghosh2022_pepper_virus_r04,ghosh2022_pepper_cmp052,0.016250532,relative_to_internal_standard
ghosh2022_pepper_control_r01,ghosh2022_pepper_cmp053,0.018984677,relative_to_internal_standard
ghosh2022_pepper_control_r02,ghosh2022_pepper_cmp053,0.025490957,relative_to_internal_standard
ghosh2022_pepper_control_r03,ghosh2022_pepper_cmp053,0.037628597,relative_to_internal_standard
ghosh2022_pepper_control_r04,ghosh2022_pepper_cmp053,0.026974985,relative_to_internal_standard
ghosh2022_pepper_control_r05,ghosh2022_pepper_cmp053,0.026910086,relative_to_internal_standard
ghosh2022_pepper_healthy_whitefly_r01,ghosh2022_pepper_cmp053,0.033303176,relative_to_internal_standard
ghosh2022_pepper_healthy_whitefly_r02,ghosh2022_pepper_cmp053,0.029164239,relative_to_internal_standard
ghosh2022_pepper_healthy_whitefly_r03,ghosh2022_pepper_cmp053,0.026267197,relative_to_internal_standard
ghosh2022_pepper_healthy_whitefly_r04,ghosh2022_pepper_cmp053,0.023649817,relative_to_internal_standard
ghosh2022_pepper_healthy_whitefly_r05,ghosh2022_pepper_cmp053,0.020560612,relative_to_internal_standard
ghosh2022_pepper_virus_r01,ghosh2022_pepper_cmp053,0.016932484,relative_to_internal_standard
ghosh2022_pepper_virus_r02,ghosh2022_pepper_cmp053,0.020340102,relative_to_internal_standard
ghosh2022_pepper_virus_r03,ghosh2022_pepper_cmp053,0.034437557,relative_to_internal_standard
ghosh2022_pepper_virus_r04,ghosh2022_pepper_cmp053,0.022244749,relative_to_internal_standard
ghosh2022_pepper_control_r01,ghosh2022_pepper_cmp054,0.011247026,relative_to_internal_standard
ghosh2022_pepper_control_r02,ghosh2022_pepper_cmp054,0.012227943,relative_to_internal_standard
ghosh2022_pepper_control_r03,ghosh2022_pepper_cmp054,0.010897745,relative_to_internal_standard
ghosh2022_pepper_control_r04,ghosh2022_pepper_cmp054,0.007272937,relative_to_internal_standard
ghosh2022_pepper_control_r05,ghosh2022_pepper_cmp054,0.009708987,relative_to_internal_standard
ghosh2022_pepper_healthy_whitefly_r01,ghosh2022_pepper_cmp054,0.01774644,relative_to_internal_standard
ghosh2022_pepper_healthy_whitefly_r02,ghosh2022_pepper_cmp054,0.014103205,relative_to_internal_standard
ghosh2022_pepper_healthy_whitefly_r03,ghosh2022_pepper_cmp054,0.011640414,relative_to_internal_standard
ghosh2022_pepper_healthy_whitefly_r04,ghosh2022_pepper_cmp054,0.008309388,relative_to_internal_standard
ghosh2022_pepper_healthy_whitefly_r05,ghosh2022_pepper_cmp054,0.008878045,relative_to_internal_standard
ghosh2022_pepper_virus_r01,ghosh2022_pepper_cmp054,0.017206761,relative_to_internal_standard
ghosh2022_pepper_virus_r02,ghosh2022_pepper_cmp054,0.009195371,relative_to_internal_standard
ghosh2022_pepper_virus_r03,ghosh2022_pepper_cmp054,0.007219037,relative_to_internal_standard
ghosh2022_pepper_virus_r04,ghosh2022_pepper_cmp054,0.006452906,relative_to_internal_standard
ghosh2022_pepper_control_r01,ghosh2022_pepper_cmp055,0.027946928,relative_to_internal_standard
ghosh2022_pepper_control_r02,ghosh2022_pepper_cmp055,0.038544689,relative_to_internal_standard
ghosh2022_pepper_control_r03,ghosh2022_pepper_cmp055,0.050283609,relative_to_internal_standard
ghosh2022_pepper_control_r04,ghosh2022_pepper_cmp055,0.036078849,relative_to_internal_standard
ghosh2022_pepper_control_r05,ghosh2022_pepper_cmp055,0.031726862,relative_to_internal_standard
ghosh2022_pepper_healthy_whitefly_r01,ghosh2022_pepper_cmp055,0.039160297,relative_to_internal_standard
ghosh2022_pepper_healthy_whitefly_r02,ghosh2022_pepper_cmp055,0.03061817,relative_to_internal_standard
ghosh2022_pepper_healthy_whitefly_r03,ghosh2022_pepper_cmp055,0.029290828,relative_to_internal_standard
ghosh2022_pepper_healthy_whitefly_r04,ghosh2022_pepper_cmp055,0.025814117,relative_to_internal_standard
ghosh2022_pepper_healthy_whitefly_r05,ghosh2022_pepper_cmp055,0.032321584,relative_to_internal_standard
ghosh2022_pepper_virus_r01,ghosh2022_pepper_cmp055,0.025029308,relative_to_internal_standard
ghosh2022_pepper_virus_r02,ghosh2022_pepper_cmp055,0.024943865,relative_to_internal_standard
ghosh2022_pepper_virus_r03,ghosh2022_pepper_cmp055,0.059426156,relative_to_internal_standard
ghosh2022_pepper_virus_r04,ghosh2022_pepper_cmp055,0.040455104,relative_to_internal_standard
ghosh2022_pepper_control_r01,ghosh2022_pepper_cmp056,0.006555689,relative_to_internal_standard
ghosh2022_pepper_control_r02,ghosh2022_pepper_cmp056,0.006877962,relative_to_internal_standard
ghosh2022_pepper_control_r03,ghosh2022_pepper_cmp056,0.010282007,relative_to_internal_standard
ghosh2022_pepper_control_r04,ghosh2022_pepper_cmp056,0.006683666,relative_to_internal_standard
ghosh2022_pepper_control_r05,ghosh2022_pepper_cmp056,0.007451906,relative_to_internal_standard
ghosh2022_pepper_healthy_whitefly_r01,ghosh2022_pepper_cmp056,0.014049453,relative_to_internal_standard
ghosh2022_pepper_healthy_whitefly_r02,ghosh2022_pepper_cmp056,0.010304081,relative_to_internal_standard
ghosh2022_pepper_healthy_whitefly_r03,ghosh2022_pepper_cmp056,0.011753422,relative_to_internal_standard
ghosh2022_pepper_healthy_whitefly_r04,ghosh2022_pepper_cmp056,0.006879253,relative_to_internal_standard
ghosh2022_pepper_healthy_whitefly_r05,ghosh2022_pepper_cmp056,0.004980524,relative_to_internal_standard
ghosh2022_pepper_virus_r01,ghosh2022_pepper_cmp056,0.012856456,relative_to_internal_standard
ghosh2022_pepper_virus_r02,ghosh2022_pepper_cmp056,0.007392295,relative_to_internal_standard
ghosh2022_pepper_virus_r03,ghosh2022_pepper_cmp056,0.006574976,relative_to_internal_standard
ghosh2022_pepper_virus_r04,ghosh2022_pepper_cmp056,0.005731276,relative_to_internal_standard
ghosh2022_pepper_control_r01,ghosh2022_pepper_cmp057,0.003380289,relative_to_internal_standard
ghosh2022_pepper_control_r02,ghosh2022_pepper_cmp057,0.003789846,relative_to_internal_standard
ghosh2022_pepper_control_r03,ghosh2022_pepper_cmp057,0.009424595,relative_to_internal_standard
ghosh2022_pepper_control_r04,ghosh2022_pepper_cmp057,0.006367611,relative_to_internal_standard
ghosh2022_pepper_control_r05,ghosh2022_pepper_cmp057,0.003331381,relative_to_internal_standard
ghosh2022_pepper_healthy_whitefly_r01,ghosh2022_pepper_cmp057,0.007636292,relative_to_internal_standard
ghosh2022_pepper_healthy_whitefly_r02,ghosh2022_pepper_cmp057,0.006085478,relative_to_internal_standard
ghosh2022_pepper_healthy_whitefly_r03,ghosh2022_pepper_cmp057,0.005855524,relative_to_internal_standard
ghosh2022_pepper_healthy_whitefly_r04,ghosh2022_pepper_cmp057,0.004574493,relative_to_internal_standard
ghosh2022_pepper_healthy_whitefly_r05,ghosh2022_pepper_cmp057,0.004819636,relative_to_internal_standard
ghosh2022_pepper_virus_r01,ghosh2022_pepper_cmp057,0.001918477,relative_to_internal_standard
ghosh2022_pepper_virus_r02,ghosh2022_pepper_cmp057,0.004012146,relative_to_internal_standard
ghosh2022_pepper_virus_r03,ghosh2022_pepper_cmp057,0.01115683,relative_to_internal_standard
ghosh2022_pepper_virus_r04,ghosh2022_pepper_cmp057,0.004280688,relative_to_internal_standard
ghosh2022_pepper_control_r01,ghosh2022_pepper_cmp058,0.013100129,relative_to_internal_standard
ghosh2022_pepper_control_r02,ghosh2022_pepper_cmp058,0.014415589,relative_to_internal_standard
ghosh2022_pepper_control_r03,ghosh2022_pepper_cmp058,0.038396329,relative_to_internal_standard
ghosh2022_pepper_control_r04,ghosh2022_pepper_cmp058,0.028453691,relative_to_internal_standard
ghosh2022_pepper_control_r05,ghosh2022_pepper_cmp058,0.025694804,relative_to_internal_standard
ghosh2022_pepper_healthy_whitefly_r01,ghosh2022_pepper_cmp058,0.03634412,relative_to_internal_standard
ghosh2022_pepper_healthy_whitefly_r02,ghosh2022_pepper_cmp058,0.025023347,relative_to_internal_standard
ghosh2022_pepper_healthy_whitefly_r03,ghosh2022_pepper_cmp058,0.031724655,relative_to_internal_standard
ghosh2022_pepper_healthy_whitefly_r04,ghosh2022_pepper_cmp058,0.023926948,relative_to_internal_standard
ghosh2022_pepper_healthy_whitefly_r05,ghosh2022_pepper_cmp058,0.020592796,relative_to_internal_standard
ghosh2022_pepper_virus_r01,ghosh2022_pepper_cmp058,0.016920341,relative_to_internal_standard
ghosh2022_pepper_virus_r02,ghosh2022_pepper_cmp058,0.02327714,relative_to_internal_standard
ghosh2022_pepper_virus_r03,ghosh2022_pepper_cmp058,0.043137791,relative_to_internal_standard
ghosh2022_pepper_virus_r04,ghosh2022_pepper_cmp058,0.021257869,relative_to_internal_standard
ghosh2022_pepper_control_r01,ghosh2022_pepper_cmp059,0.00286156,relative_to_internal_standard
ghosh2022_pepper_control_r02,ghosh2022_pepper_cmp059,0.003496576,relative_to_internal_standard
ghosh2022_pepper_control_r03,ghosh2022_pepper_cmp059,0.003859401,relative_to_internal_standard
ghosh2022_pepper_control_r04,ghosh2022_pepper_cmp059,0.002500596,relative_to_internal_standard
ghosh2022_pepper_control_r05,ghosh2022_pepper_cmp059,0.00391923,relative_to_internal_standard
ghosh2022_pepper_healthy_whitefly_r01,ghosh2022_pepper_cmp059,0.003529798,relative_to_internal_standard
ghosh2022_pepper_healthy_whitefly_r02,ghosh2022_pepper_cmp059,0.003602525,relative_to_internal_standard
ghosh2022_pepper_healthy_whitefly_r03,ghosh2022_pepper_cmp059,0.002618723,relative_to_internal_standard
ghosh2022_pepper_healthy_whitefly_r04,ghosh2022_pepper_cmp059,0.002711918,relative_to_internal_standard
ghosh2022_pepper_healthy_whitefly_r05,ghosh2022_pepper_cmp059,0.00243683,relative_to_internal_standard
ghosh2022_pepper_virus_r01,ghosh2022_pepper_cmp059,0.001637545,relative_to_internal_standard
ghosh2022_pepper_virus_r02,ghosh2022_pepper_cmp059,0.001824435,relative_to_internal_standard
ghosh2022_pepper_virus_r03,ghosh2022_pepper_cmp059,0.005808438,relative_to_internal_standard
ghosh2022_pepper_virus_r04,ghosh2022_pepper_cmp059,0.003249915,relative_to_internal_standard
ghosh2022_pepper_control_r01,ghosh2022_pepper_cmp060,0.09173954,relative_to_internal_standard
ghosh2022_pepper_control_r02,ghosh2022_pepper_cmp060,0.111848504,relative_to_internal_standard
ghosh2022_pepper_control_r03,ghosh2022_pepper_cmp060,0.158614391,relative_to_internal_standard
ghosh2022_pepper_control_r04,ghosh2022_pepper_cmp060,0.101163612,relative_to_internal_standard
ghosh2022_pepper_control_r05,ghosh2022_pepper_cmp060,0.101963265,relative_to_internal_standard
ghosh2022_pepper_healthy_whitefly_r01,ghosh2022_pepper_cmp060,0.144312345,relative_to_internal_standard
ghosh2022_pepper_healthy_whitefly_r02,ghosh2022_pepper_cmp060,0.103492186,relative_to_internal_standard
ghosh2022_pepper_healthy_whitefly_r03,ghosh2022_pepper_cmp060,0.103757802,relative_to_internal_standard
ghosh2022_pepper_healthy_whitefly_r04,ghosh2022_pepper_cmp060,0.086995412,relative_to_internal_standard
ghosh2022_pepper_healthy_whitefly_r05,ghosh2022_pepper_cmp060,0.089782089,relative_to_internal_standard
ghosh2022_pepper_virus_r01,ghosh2022_pepper_cmp060,0.077785367,relative_to_internal_standard
ghosh2022_pepper_virus_r02,ghosh2022_pepper_cmp060,0.079485101,relative_to_internal_standard
ghosh2022_pepper_virus_r03,ghosh2022_pepper_cmp060,0.164440569,relative_to_internal_standard
ghosh2022_pepper_virus_r04,ghosh2022_pepper_cmp060,0.093034692,relative_to_internal_standard
ghosh2022_pepper_control_r01,ghosh2022_pepper_cmp061,0.148448121,relative_to_internal_standard
ghosh2022_pepper_control_r02,ghosh2022_pepper_cmp061,0.191395734,relative_to_internal_standard
ghosh2022_pepper_control_r03,ghosh2022_pepper_cmp061,0.364224224,relative_to_internal_standard
ghosh2022_pepper_control_r04,ghosh2022_pepper_cmp061,0.256063243,relative_to_internal_standard
ghosh2022_pepper_control_r05,ghosh2022_pepper_cmp061,0.259244196,relative_to_internal_standard
ghosh2022_pepper_healthy_whitefly_r01,ghosh2022_pepper_cmp061,0.27351674,relative_to_internal_standard
ghosh2022_pepper_healthy_whitefly_r02,ghosh2022_pepper_cmp061,0.16605441,relative_to_internal_standard
ghosh2022_pepper_healthy_whitefly_r03,ghosh2022_pepper_cmp061,0.223310402,relative_to_internal_standard
ghosh2022_pepper_healthy_whitefly_r04,ghosh2022_pepper_cmp061,0.171035612,relative_to_internal_standard
ghosh2022_pepper_healthy_whitefly_r05,ghosh2022_pepper_cmp061,0.215887587,relative_to_internal_standard
ghosh2022_pepper_virus_r01,ghosh2022_pepper_cmp061,0.185098582,relative_to_internal_standard
ghosh2022_pepper_virus_r02,ghosh2022_pepper_cmp061,0.189223667,relative_to_internal_standard
ghosh2022_pepper_virus_r03,ghosh2022_pepper_cmp061,0.346472905,relative_to_internal_standard
ghosh2022_pepper_virus_r04,ghosh2022_pepper_cmp061,0.201421545,relative_to_internal_standard
ghosh2022_pepper_control_r01,ghosh2022_pepper_cmp062,0.148448121,relative_to_internal_standard
ghosh2022_pepper_control_r02,ghosh2022_pepper_cmp062,0.191395734,relative_to_internal_standard
ghosh2022_pepper_control_r03,ghosh2022_pepper_cmp062,0.364224224,relative_to_internal_standard
ghosh2022_pepper_control_r04,ghosh2022_pepper_cmp062,0.256063243,relative_to_internal_standard
ghosh2022_pepper_control_r05,ghosh2022_pepper_cmp062,0.259244196,relative_to_internal_standard
ghosh2022_pepper_healthy_whitefly_r01,ghosh2022_pepper_cmp062,0.27351674,relative_to_internal_standard
ghosh2022_pepper_healthy_whitefly_r02,ghosh2022_pepper_cmp062,0.16605441,relative_to_internal_standard
ghosh2022_pepper_healthy_whitefly_r03,ghosh2022_pepper_cmp062,0.223310402,relative_to_internal_standard
ghosh2022_pepper_healthy_whitefly_r04,ghosh2022_pepper_cmp062,0.171035612,relative_to_internal_standard
ghosh2022_pepper_healthy_whitefly_r05,ghosh2022_pepper_cmp062,0.215887587,relative_to_internal_standard
ghosh2022_pepper_virus_r01,ghosh2022_pepper_cmp062,0.185098582,relative_to_internal_standard
ghosh2022_pepper_virus_r02,ghosh2022_pepper_cmp062,0.189223667,relative_to_internal_standard
ghosh2022_pepper_virus_r03,ghosh2022_pepper_cmp062,0.346472905,relative_to_internal_standard
ghosh2022_pepper_virus_r04,ghosh2022_pepper_cmp062,0.201421545,relative_to_internal_standard
ghosh2022_pepper_control_r01,ghosh2022_pepper_cmp063,0.004764471,relative_to_internal_standard
ghosh2022_pepper_control_r02,ghosh2022_pepper_cmp063,0.317160346,relative_to_internal_standard
ghosh2022_pepper_control_r03,ghosh2022_pepper_cmp063,0.046617712,relative_to_internal_standard
ghosh2022_pepper_control_r04,ghosh2022_pepper_cmp063,0.021054654,relative_to_internal_standard
ghosh2022_pepper_control_r05,ghosh2022_pepper_cmp063,0.01290296,relative_to_internal_standard
ghosh2022_pepper_healthy_whitefly_r01,ghosh2022_pepper_cmp063,0.039357894,relative_to_internal_standard
ghosh2022_pepper_healthy_whitefly_r02,ghosh2022_pepper_cmp063,0.013890214,relative_to_internal_standard
ghosh2022_pepper_healthy_whitefly_r03,ghosh2022_pepper_cmp063,0.018495971,relative_to_internal_standard
ghosh2022_pepper_healthy_whitefly_r04,ghosh2022_pepper_cmp063,0.041132552,relative_to_internal_standard
ghosh2022_pepper_healthy_whitefly_r05,ghosh2022_pepper_cmp063,0.01314163,relative_to_internal_standard
ghosh2022_pepper_virus_r01,ghosh2022_pepper_cmp063,0.030058521,relative_to_internal_standard
ghosh2022_pepper_virus_r02,ghosh2022_pepper_cmp063,0.028947758,relative_to_internal_standard
ghosh2022_pepper_virus_r03,ghosh2022_pepper_cmp063,0.02252109,relative_to_internal_standard
ghosh2022_pepper_virus_r04,ghosh2022_pepper_cmp063,0.009466986,relative_to_internal_standard
ghosh2022_pepper_control_r01,ghosh2022_pepper_cmp064,0.001472002,relative_to_internal_standard
ghosh2022_pepper_control_r02,ghosh2022_pepper_cmp064,0.001936484,relative_to_internal_standard
ghosh2022_pepper_control_r03,ghosh2022_pepper_cmp064,0.003941199,relative_to_internal_standard
ghosh2022_pepper_control_r04,ghosh2022_pepper_cmp064,0.00281311,relative_to_internal_standard
ghosh2022_pepper_control_r05,ghosh2022_pepper_cmp064,0.003004438,relative_to_internal_standard
ghosh2022_pepper_healthy_whitefly_r01,ghosh2022_pepper_cmp064,0.002931431,relative_to_internal_standard
ghosh2022_pepper_healthy_whitefly_r02,ghosh2022_pepper_cmp064,0.002211187,relative_to_internal_standard
ghosh2022_pepper_healthy_whitefly_r03,ghosh2022_pepper_cmp064,0.002295906,relative_to_internal_standard
ghosh2022_pepper_healthy_whitefly_r04,ghosh2022_pepper_cmp064,0.002146909,relative_to_internal_standard
ghosh2022_pepper_healthy_whitefly_r05,ghosh2022_pepper_cmp064,0.002145371,relative_to_internal_standard
ghosh2022_pepper_virus_r01,ghosh2022_pepper_cmp064,0.001739931,relative_to_internal_standard
ghosh2022_pepper_virus_r02,ghosh2022_pepper_cmp064,0.002216588,relative_to_internal_standard
ghosh2022_pepper_virus_r03,ghosh2022_pepper_cmp064,0.003374907,relative_to_internal_standard
ghosh2022_pepper_virus_r04,ghosh2022_pepper_cmp064,0.00193889,relative_to_internal_standard
ghosh2022_pepper_control_r01,ghosh2022_pepper_cmp065,0.108613171,relative_to_internal_standard
ghosh2022_pepper_control_r02,ghosh2022_pepper_cmp065,0.134374143,relative_to_internal_standard
ghosh2022_pepper_control_r03,ghosh2022_pepper_cmp065,0.213898905,relative_to_internal_standard
ghosh2022_pepper_control_r04,ghosh2022_pepper_cmp065,0.144561587,relative_to_internal_standard
ghosh2022_pepper_control_r05,ghosh2022_pepper_cmp065,0.158801669,relative_to_internal_standard
ghosh2022_pepper_healthy_whitefly_r01,ghosh2022_pepper_cmp065,0.216426889,relative_to_internal_standard
ghosh2022_pepper_healthy_whitefly_r02,ghosh2022_pepper_cmp065,0.140938686,relative_to_internal_standard
ghosh2022_pepper_healthy_whitefly_r03,ghosh2022_pepper_cmp065,0.16114626,relative_to_internal_standard
ghosh2022_pepper_healthy_whitefly_r04,ghosh2022_pepper_cmp065,0.126564393,relative_to_internal_standard
ghosh2022_pepper_healthy_whitefly_r05,ghosh2022_pepper_cmp065,0.130846481,relative_to_internal_standard
ghosh2022_pepper_virus_r01,ghosh2022_pepper_cmp065,0.088103511,relative_to_internal_standard
ghosh2022_pepper_virus_r02,ghosh2022_pepper_cmp065,0.113222971,relative_to_internal_standard
ghosh2022_pepper_virus_r03,ghosh2022_pepper_cmp065,0.266527571,relative_to_internal_standard
ghosh2022_pepper_virus_r04,ghosh2022_pepper_cmp065,0.13116633,relative_to_internal_standard
ghosh2022_pepper_control_r01,ghosh2022_pepper_cmp066,1.206994065,relative_to_internal_standard
ghosh2022_pepper_control_r02,ghosh2022_pepper_cmp066,1.49374592,relative_to_internal_standard
ghosh2022_pepper_control_r03,ghosh2022_pepper_cmp066,2.268192043,relative_to_internal_standard
ghosh2022_pepper_control_r04,ghosh2022_pepper_cmp066,1.654846867,relative_to_internal_standard
ghosh2022_pepper_control_r05,ghosh2022_pepper_cmp066,1.682865499,relative_to_internal_standard
ghosh2022_pepper_healthy_whitefly_r01,ghosh2022_pepper_cmp066,2.400566953,relative_to_internal_standard
ghosh2022_pepper_healthy_whitefly_r02,ghosh2022_pepper_cmp066,1.63670164,relative_to_internal_standard
ghosh2022_pepper_healthy_whitefly_r03,ghosh2022_pepper_cmp066,1.721213346,relative_to_internal_standard
ghosh2022_pepper_healthy_whitefly_r04,ghosh2022_pepper_cmp066,1.458726746,relative_to_internal_standard
ghosh2022_pepper_healthy_whitefly_r05,ghosh2022_pepper_cmp066,1.418741603,relative_to_internal_standard
ghosh2022_pepper_virus_r01,ghosh2022_pepper_cmp066,1.161648759,relative_to_internal_standard
ghosh2022_pepper_virus_r02,ghosh2022_pepper_cmp066,1.305941895,relative_to_internal_standard
ghosh2022_pepper_virus_r03,ghosh2022_pepper_cmp066,2.875281721,relative_to_internal_standard
ghosh2022_pepper_virus_r04,ghosh2022_pepper_cmp066,1.470763782,relative_to_internal_standard
ghosh2022_pepper_control_r01,ghosh2022_pepper_cmp067,0.00402405,relative_to_internal_standard
ghosh2022_pepper_control_r02,ghosh2022_pepper_cmp067,0.005396154,relative_to_internal_standard
ghosh2022_pepper_control_r03,ghosh2022_pepper_cmp067,0.011815207,relative_to_internal_standard
ghosh2022_pepper_control_r04,ghosh2022_pepper_cmp067,0.012552423,relative_to_internal_standard
ghosh2022_pepper_control_r05,ghosh2022_pepper_cmp067,0.009540016,relative_to_internal_standard
ghosh2022_pepper_healthy_whitefly_r01,ghosh2022_pepper_cmp067,0.015224361,relative_to_internal_standard
ghosh2022_pepper_healthy_whitefly_r02,ghosh2022_pepper_cmp067,0.010693048,relative_to_internal_standard
ghosh2022_pepper_healthy_whitefly_r03,ghosh2022_pepper_cmp067,0.011238159,relative_to_internal_standard
ghosh2022_pepper_healthy_whitefly_r04,ghosh2022_pepper_cmp067,0.012147671,relative_to_internal_standard
ghosh2022_pepper_healthy_whitefly_r05,ghosh2022_pepper_cmp067,0.001152984,relative_to_internal_standard
ghosh2022_pepper_virus_r01,ghosh2022_pepper_cmp067,0.007867788,relative_to_internal_standard
ghosh2022_pepper_virus_r02,ghosh2022_pepper_cmp067,0.007203633,relative_to_internal_standard
ghosh2022_pepper_virus_r03,ghosh2022_pepper_cmp067,0.019634637,relative_to_internal_standard
ghosh2022_pepper_virus_r04,ghosh2022_pepper_cmp067,0.006107246,relative_to_internal_standard
ghosh2022_pepper_control_r01,ghosh2022_pepper_cmp068,0.00309676,relative_to_internal_standard
ghosh2022_pepper_control_r02,ghosh2022_pepper_cmp068,0.004255262,relative_to_internal_standard
ghosh2022_pepper_control_r03,ghosh2022_pepper_cmp068,0.006087318,relative_to_internal_standard
ghosh2022_pepper_control_r04,ghosh2022_pepper_cmp068,0.004491649,relative_to_internal_standard
ghosh2022_pepper_control_r05,ghosh2022_pepper_cmp068,0.004506653,relative_to_internal_standard
ghosh2022_pepper_healthy_whitefly_r01,ghosh2022_pepper_cmp068,0.006884284,relative_to_internal_standard
ghosh2022_pepper_healthy_whitefly_r02,ghosh2022_pepper_cmp068,0.00526202,relative_to_internal_standard
ghosh2022_pepper_healthy_whitefly_r03,ghosh2022_pepper_cmp068,0.005980475,relative_to_internal_standard
ghosh2022_pepper_healthy_whitefly_r04,ghosh2022_pepper_cmp068,0.004455595,relative_to_internal_standard
ghosh2022_pepper_healthy_whitefly_r05,ghosh2022_pepper_cmp068,0.004330169,relative_to_internal_standard
ghosh2022_pepper_virus_r01,ghosh2022_pepper_cmp068,0.003973555,relative_to_internal_standard
ghosh2022_pepper_virus_r02,ghosh2022_pepper_cmp068,0.003861977,relative_to_internal_standard
ghosh2022_pepper_virus_r03,ghosh2022_pepper_cmp068,0.010087714,relative_to_internal_standard
ghosh2022_pepper_virus_r04,ghosh2022_pepper_cmp068,0.004647839,relative_to_internal_standard
ghosh2022_pepper_control_r01,ghosh2022_pepper_cmp069,0.00674273,relative_to_internal_standard
ghosh2022_pepper_control_r02,ghosh2022_pepper_cmp069,0.009923319,relative_to_internal_standard
ghosh2022_pepper_control_r03,ghosh2022_pepper_cmp069,0.017594933,relative_to_internal_standard
ghosh2022_pepper_control_r04,ghosh2022_pepper_cmp069,0.017418769,relative_to_internal_standard
ghosh2022_pepper_control_r05,ghosh2022_pepper_cmp069,0.018668338,relative_to_internal_standard
ghosh2022_pepper_healthy_whitefly_r01,ghosh2022_pepper_cmp069,0.03041203,relative_to_internal_standard
ghosh2022_pepper_healthy_whitefly_r02,ghosh2022_pepper_cmp069,0.027482503,relative_to_internal_standard
ghosh2022_pepper_healthy_whitefly_r03,ghosh2022_pepper_cmp069,0.028829846,relative_to_internal_standard
ghosh2022_pepper_healthy_whitefly_r04,ghosh2022_pepper_cmp069,0.023601294,relative_to_internal_standard
ghosh2022_pepper_healthy_whitefly_r05,ghosh2022_pepper_cmp069,0.020862196,relative_to_internal_standard
ghosh2022_pepper_virus_r01,ghosh2022_pepper_cmp069,0.013083003,relative_to_internal_standard
ghosh2022_pepper_virus_r02,ghosh2022_pepper_cmp069,0.017312616,relative_to_internal_standard
ghosh2022_pepper_virus_r03,ghosh2022_pepper_cmp069,0.043099627,relative_to_internal_standard
ghosh2022_pepper_virus_r04,ghosh2022_pepper_cmp069,0.018096019,relative_to_internal_standard
ghosh2022_pepper_control_r01,ghosh2022_pepper_cmp070,0.022087298,relative_to_internal_standard
ghosh2022_pepper_control_r02,ghosh2022_pepper_cmp070,0.031776179,relative_to_internal_standard
ghosh2022_pepper_control_r03,ghosh2022_pepper_cmp070,0.058268285,relative_to_internal_standard
ghosh2022_pepper_control_r04,ghosh2022_pepper_cmp070,0.043972198,relative_to_internal_standard
ghosh2022_pepper_control_r05,ghosh2022_pepper_cmp070,0.044692087,relative_to_internal_standard
ghosh2022_pepper_healthy_whitefly_r01,ghosh2022_pepper_cmp070,0.106063066,relative_to_internal_standard
ghosh2022_pepper_healthy_whitefly_r02,ghosh2022_pepper_cmp070,0.063035451,relative_to_internal_standard
ghosh2022_pepper_healthy_whitefly_r03,ghosh2022_pepper_cmp070,0.072153233,relative_to_internal_standard
ghosh2022_pepper_healthy_whitefly_r04,ghosh2022_pepper_cmp070,0.048644398,relative_to_internal_standard
ghosh2022_pepper_healthy_whitefly_r05,ghosh2022_pepper_cmp070,0.058130027,relative_to_internal_standard
ghosh2022_pepper_virus_r01,ghosh2022_pepper_cmp070,0.035608782,relative_to_internal_standard
ghosh2022_pepper_virus_r02,ghosh2022_pepper_cmp070,0.040082635,relative_to_internal_standard
ghosh2022_pepper_virus_r03,ghosh2022_pepper_cmp070,0.127955846,relative_to_internal_standard
ghosh2022_pepper_virus_r04,ghosh2022_pepper_cmp070,0.057691617,relative_to_internal_standard
ghosh2022_pepper_control_r01,ghosh2022_pepper_cmp071,0.027919236,relative_to_internal_standard
ghosh2022_pepper_control_r02,ghosh2022_pepper_cmp071,0.031129229,relative_to_internal_standard
ghosh2022_pepper_control_r03,ghosh2022_pepper_cmp071,0.07789432,relative_to_internal_standard
ghosh2022_pepper_control_r04,ghosh2022_pepper_cmp071,0.059669745,relative_to_internal_standard
ghosh2022_pepper_control_r05,ghosh2022_pepper_cmp071,0.050967397,relative_to_internal_standard
ghosh2022_pepper_healthy_whitefly_r01,ghosh2022_pepper_cmp071,0.056254354,relative_to_internal_standard
ghosh2022_pepper_healthy_whitefly_r02,ghosh2022_pepper_cmp071,0.031465788,relative_to_internal_standard
ghosh2022_pepper_healthy_whitefly_r03,ghosh2022_pepper_cmp071,0.049823953,relative_to_internal_standard
ghosh2022_pepper_healthy_whitefly_r04,ghosh2022_pepper_cmp071,0.031367716,relative_to_internal_standard
ghosh2022_pepper_healthy_whitefly_r05,ghosh2022_pepper_cmp071,0.041674091,relative_to_internal_standard
ghosh2022_pepper_virus_r01,ghosh2022_pepper_cmp071,0.030626707,relative_to_internal_standard
ghosh2022_pepper_virus_r02,ghosh2022_pepper_cmp071,0.046438448,relative_to_internal_standard
ghosh2022_pepper_virus_r03,ghosh2022_pepper_cmp071,0.083959103,relative_to_internal_standard
ghosh2022_pepper_virus_r04,ghosh2022_pepper_cmp071,0.049900487,relative_to_internal_standard
ghosh2022_pepper_control_r01,ghosh2022_pepper_cmp072,0.003573395,relative_to_internal_standard
ghosh2022_pepper_control_r02,ghosh2022_pepper_cmp072,0.004373825,relative_to_internal_standard
ghosh2022_pepper_control_r03,ghosh2022_pepper_cmp072,0.007054443,relative_to_internal_standard
ghosh2022_pepper_control_r04,ghosh2022_pepper_cmp072,0.003787096,relative_to_internal_standard
ghosh2022_pepper_control_r05,ghosh2022_pepper_cmp072,0.00479405,relative_to_internal_standard
ghosh2022_pepper_healthy_whitefly_r01,ghosh2022_pepper_cmp072,0.005748359,relative_to_internal_standard
ghosh2022_pepper_healthy_whitefly_r02,ghosh2022_pepper_cmp072,0.005221818,relative_to_internal_standard
ghosh2022_pepper_healthy_whitefly_r03,ghosh2022_pepper_cmp072,0.004232236,relative_to_internal_standard
ghosh2022_pepper_healthy_whitefly_r04,ghosh2022_pepper_cmp072,0.004238705,relative_to_internal_standard
ghosh2022_pepper_healthy_whitefly_r05,ghosh2022_pepper_cmp072,0.003535345,relative_to_internal_standard
ghosh2022_pepper_virus_r01,ghosh2022_pepper_cmp072,0.002599394,relative_to_internal_standard
ghosh2022_pepper_virus_r02,ghosh2022_pepper_cmp072,0.003404998,relative_to_internal_standard
ghosh2022_pepper_virus_r03,ghosh2022_pepper_cmp072,0.006380895,relative_to_internal_standard
ghosh2022_pepper_virus_r04,ghosh2022_pepper_cmp072,0.003520336,relative_to_internal_standard
ghosh2022_pepper_control_r01,ghosh2022_pepper_cmp073,0.068654602,relative_to_internal_standard
ghosh2022_pepper_control_r02,ghosh2022_pepper_cmp073,0.088381448,relative_to_internal_standard
ghosh2022_pepper_control_r03,ghosh2022_pepper_cmp073,0.120127356,relative_to_internal_standard
ghosh2022_pepper_control_r04,ghosh2022_pepper_cmp073,0.080228253,relative_to_internal_standard
ghosh2022_pepper_control_r05,ghosh2022_pepper_cmp073,0.093660918,relative_to_internal_standard
ghosh2022_pepper_healthy_whitefly_r01,ghosh2022_pepper_cmp073,0.113931758,relative_to_internal_standard
ghosh2022_pepper_healthy_whitefly_r02,ghosh2022_pepper_cmp073,0.093952024,relative_to_internal_standard
ghosh2022_pepper_healthy_whitefly_r03,ghosh2022_pepper_cmp073,0.084590209,relative_to_internal_standard
ghosh2022_pepper_healthy_whitefly_r04,ghosh2022_pepper_cmp073,0.078437105,relative_to_internal_standard
ghosh2022_pepper_healthy_whitefly_r05,ghosh2022_pepper_cmp073,0.073395045,relative_to_internal_standard
ghosh2022_pepper_virus_r01,ghosh2022_pepper_cmp073,0.059997012,relative_to_internal_standard
ghosh2022_pepper_virus_r02,ghosh2022_pepper_cmp073,0.060470352,relative_to_internal_standard
ghosh2022_pepper_virus_r03,ghosh2022_pepper_cmp073,0.128689143,relative_to_internal_standard
ghosh2022_pepper_virus_r04,ghosh2022_pepper_cmp073,0.070178093,relative_to_internal_standard
ghosh2022_pepper_control_r01,ghosh2022_pepper_cmp074,0.352254855,relative_to_internal_standard
ghosh2022_pepper_control_r02,ghosh2022_pepper_cmp074,0.430907615,relative_to_internal_standard
ghosh2022_pepper_control_r03,ghosh2022_pepper_cmp074,0.607279062,relative_to_internal_standard
ghosh2022_pepper_control_r04,ghosh2022_pepper_cmp074,0.400339614,relative_to_internal_standard
ghosh2022_pepper_control_r05,ghosh2022_pepper_cmp074,0.454152935,relative_to_internal_standard
ghosh2022_pepper_healthy_whitefly_r01,ghosh2022_pepper_cmp074,0.549208071,relative_to_internal_standard
ghosh2022_pepper_healthy_whitefly_r02,ghosh2022_pepper_cmp074,0.456999524,relative_to_internal_standard
ghosh2022_pepper_healthy_whitefly_r03,ghosh2022_pepper_cmp074,0.406258118,relative_to_internal_standard
ghosh2022_pepper_healthy_whitefly_r04,ghosh2022_pepper_cmp074,0.407255379,relative_to_internal_standard
ghosh2022_pepper_healthy_whitefly_r05,ghosh2022_pepper_cmp074,0.377511218,relative_to_internal_standard
ghosh2022_pepper_virus_r01,ghosh2022_pepper_cmp074,0.349683657,relative_to_internal_standard
ghosh2022_pepper_virus_r02,ghosh2022_pepper_cmp074,0.317730616,relative_to_internal_standard
ghosh2022_pepper_virus_r03,ghosh2022_pepper_cmp074,0.622970872,relative_to_internal_standard
ghosh2022_pepper_virus_r04,ghosh2022_pepper_cmp074,0.341428714,relative_to_internal_standard
ghosh2022_pepper_control_r01,ghosh2022_pepper_cmp075,0.096200966,relative_to_internal_standard
ghosh2022_pepper_control_r02,ghosh2022_pepper_cmp075,0.124636464,relative_to_internal_standard
ghosh2022_pepper_control_r03,ghosh2022_pepper_cmp075,0.162107056,relative_to_internal_standard
ghosh2022_pepper_control_r04,ghosh2022_pepper_cmp075,0.111172722,relative_to_internal_standard
ghosh2022_pepper_control_r05,ghosh2022_pepper_cmp075,0.12646186,relative_to_internal_standard
ghosh2022_pepper_healthy_whitefly_r01,ghosh2022_pepper_cmp075,0.174930814,relative_to_internal_standard
ghosh2022_pepper_healthy_whitefly_r02,ghosh2022_pepper_cmp075,0.131170407,relative_to_internal_standard
ghosh2022_pepper_healthy_whitefly_r03,ghosh2022_pepper_cmp075,0.122053931,relative_to_internal_standard
ghosh2022_pepper_healthy_whitefly_r04,ghosh2022_pepper_cmp075,0.106431204,relative_to_internal_standard
ghosh2022_pepper_healthy_whitefly_r05,ghosh2022_pepper_cmp075,0.111387752,relative_to_internal_standard
ghosh2022_pepper_virus_r01,ghosh2022_pepper_cmp075,0.093200311,relative_to_internal_standard
ghosh2022_pepper_virus_r02,ghosh2022_pepper_cmp075,0.079055294,relative_to_internal_standard
ghosh2022_pepper_virus_r03,ghosh2022_pepper_cmp075,0.231902466,relative_to_internal_standard
ghosh2022_pepper_virus_r04,ghosh2022_pepper_cmp075,0.102869593,relative_to_internal_standard
ghosh2022_pepper_control_r01,ghosh2022_pepper_cmp076,0.05456188,relative_to_internal_standard
ghosh2022_pepper_control_r02,ghosh2022_pepper_cmp076,0.069549848,relative_to_internal_standard
ghosh2022_pepper_control_r03,ghosh2022_pepper_cmp076,0.099265179,relative_to_internal_standard
ghosh2022_pepper_control_r04,ghosh2022_pepper_cmp076,0.067410232,relative_to_internal_standard
ghosh2022_pepper_control_r05,ghosh2022_pepper_cmp076,0.07592789,relative_to_internal_standard
ghosh2022_pepper_healthy_whitefly_r01,ghosh2022_pepper_cmp076,0.078921053,relative_to_internal_standard
ghosh2022_pepper_healthy_whitefly_r02,ghosh2022_pepper_cmp076,0.079672543,relative_to_internal_standard
ghosh2022_pepper_healthy_whitefly_r03,ghosh2022_pepper_cmp076,0.049300833,relative_to_internal_standard
ghosh2022_pepper_healthy_whitefly_r04,ghosh2022_pepper_cmp076,0.058530926,relative_to_internal_standard
ghosh2022_pepper_healthy_whitefly_r05,ghosh2022_pepper_cmp076,0.074462972,relative_to_internal_standard
ghosh2022_pepper_virus_r01,ghosh2022_pepper_cmp076,0.05659212,relative_to_internal_standard
ghosh2022_pepper_virus_r02,ghosh2022_pepper_cmp076,0.05640913,relative_to_internal_standard
ghosh2022_pepper_virus_r03,ghosh2022_pepper_cmp076,0.120500654,relative_to_internal_standard
ghosh2022_pepper_virus_r04,ghosh2022_pepper_cmp076,0.06297345,relative_to_internal_standard
ghosh2022_pepper_control_r01,ghosh2022_pepper_cmp077,0.003864596,relative_to_internal_standard
ghosh2022_pepper_control_r02,ghosh2022_pepper_cmp077,0.002136454,relative_to_internal_standard
ghosh2022_pepper_control_r03,ghosh2022_pepper_cmp077,0.005000925,relative_to_internal_standard
ghosh2022_pepper_control_r04,ghosh2022_pepper_cmp077,0.005509998,relative_to_internal_standard
ghosh2022_pepper_control_r05,ghosh2022_pepper_cmp077,0.003054789,relative_to_internal_standard
ghosh2022_pepper_healthy_whitefly_r01,ghosh2022_pepper_cmp077,0.059370737,relative_to_internal_standard
ghosh2022_pepper_healthy_whitefly_r02,ghosh2022_pepper_cmp077,0.036010229,relative_to_internal_standard
ghosh2022_pepper_healthy_whitefly_r03,ghosh2022_pepper_cmp077,0.032418693,relative_to_internal_standard
ghosh2022_pepper_healthy_whitefly_r04,ghosh2022_pepper_cmp077,0.014980209,relative_to_internal_standard
ghosh2022_pepper_healthy_whitefly_r05,ghosh2022_pepper_cmp077,0.008504199,relative_to_internal_standard
ghosh2022_pepper_virus_r01,ghosh2022_pepper_cmp077,0.052854634,relative_to_internal_standard
ghosh2022_pepper_virus_r02,ghosh2022_pepper_cmp077,0.027983269,relative_to_internal_standard
ghosh2022_pepper_virus_r03,ghosh2022_pepper_cmp077,0.02288299,relative_to_internal_standard
ghosh2022_pepper_virus_r04,ghosh2022_pepper_cmp077,0.007649067,relative_to_internal_standard
ghosh2022_pepper_control_r01,ghosh2022_pepper_cmp078,0.00200127,relative_to_internal_standard
ghosh2022_pepper_control_r02,ghosh2022_pepper_cmp078,0.002544179,relative_to_internal_standard
ghosh2022_pepper_control_r03,ghosh2022_pepper_cmp078,0.003772588,relative_to_internal_standard
ghosh2022_pepper_control_r04,ghosh2022_pepper_cmp078,0.002517227,relative_to_internal_standard
ghosh2022_pepper_control_r05,ghosh2022_pepper_cmp078,0.002681789,relative_to_internal_standard
ghosh2022_pepper_healthy_whitefly_r01,ghosh2022_pepper_cmp078,0.002834857,relative_to_internal_standard
ghosh2022_pepper_healthy_whitefly_r02,ghosh2022_pepper_cmp078,0.002312437,relative_to_internal_standard
ghosh2022_pepper_healthy_whitefly_r03,ghosh2022_pepper_cmp078,0.002368222,relative_to_internal_standard
ghosh2022_pepper_healthy_whitefly_r04,ghosh2022_pepper_cmp078,0.00241313,relative_to_internal_standard
ghosh2022_pepper_healthy_whitefly_r05,ghosh2022_pepper_cmp078,0.002290551,relative_to_internal_standard
ghosh2022_pepper_virus_r01,ghosh2022_pepper_cmp078,0.001844334,relative_to_internal_standard
ghosh2022_pepper_virus_r02,ghosh2022_pepper_cmp078,0.002352534,relative_to_internal_standard
ghosh2022_pepper_virus_r03,ghosh2022_pepper_cmp078,0.003574161,relative_to_internal_standard
ghosh2022_pepper_virus_r04,ghosh2022_pepper_cmp078,0.002487631,relative_to_internal_standard
ghosh2022_pepper_control_r01,ghosh2022_pepper_cmp079,0.007011136,relative_to_internal_standard
ghosh2022_pepper_control_r02,ghosh2022_pepper_cmp079,0.017575889,relative_to_internal_standard
ghosh2022_pepper_control_r03,ghosh2022_pepper_cmp079,0.012285129,relative_to_internal_standard
ghosh2022_pepper_control_r04,ghosh2022_pepper_cmp079,0.015435643,relative_to_internal_standard
ghosh2022_pepper_control_r05,ghosh2022_pepper_cmp079,0.013911192,relative_to_internal_standard
ghosh2022_pepper_healthy_whitefly_r01,ghosh2022_pepper_cmp079,0.036146066,relative_to_internal_standard
ghosh2022_pepper_healthy_whitefly_r02,ghosh2022_pepper_cmp079,0.067570146,relative_to_internal_standard
ghosh2022_pepper_healthy_whitefly_r03,ghosh2022_pepper_cmp079,0.074962027,relative_to_internal_standard
ghosh2022_pepper_healthy_whitefly_r04,ghosh2022_pepper_cmp079,0.069939089,relative_to_internal_standard
ghosh2022_pepper_healthy_whitefly_r05,ghosh2022_pepper_cmp079,0.055856091,relative_to_internal_standard
ghosh2022_pepper_virus_r01,ghosh2022_pepper_cmp079,0.052002037,relative_to_internal_standard
ghosh2022_pepper_virus_r02,ghosh2022_pepper_cmp079,0.083630685,relative_to_internal_standard
ghosh2022_pepper_virus_r03,ghosh2022_pepper_cmp079,0.135964276,relative_to_internal_standard
ghosh2022_pepper_virus_r04,ghosh2022_pepper_cmp079,0.087175353,relative_to_internal_standard
ghosh2022_pepper_control_r01,ghosh2022_pepper_cmp080,0.151430416,relative_to_internal_standard
ghosh2022_pepper_control_r02,ghosh2022_pepper_cmp080,0.395919889,relative_to_internal_standard
ghosh2022_pepper_control_r03,ghosh2022_pepper_cmp080,0.335441182,relative_to_internal_standard
ghosh2022_pepper_control_r04,ghosh2022_pepper_cmp080,0.288059207,relative_to_internal_standard
ghosh2022_pepper_control_r05,ghosh2022_pepper_cmp080,0.204581296,relative_to_internal_standard
ghosh2022_pepper_healthy_whitefly_r01,ghosh2022_pepper_cmp080,0.586670287,relative_to_internal_standard
ghosh2022_pepper_healthy_whitefly_r02,ghosh2022_pepper_cmp080,0.707753073,relative_to_internal_standard
ghosh2022_pepper_healthy_whitefly_r03,ghosh2022_pepper_cmp080,0.561305603,relative_to_internal_standard
ghosh2022_pepper_healthy_whitefly_r04,ghosh2022_pepper_cmp080,0.585007796,relative_to_internal_standard
ghosh2022_pepper_healthy_whitefly_r05,ghosh2022_pepper_cmp080,0.637128117,relative_to_internal_standard
ghosh2022_pepper_virus_r01,ghosh2022_pepper_cmp080,0.522465751,relative_to_internal_standard
ghosh2022_pepper_virus_r02,ghosh2022_pepper_cmp080,0.720461943,relative_to_internal_standard
ghosh2022_pepper_virus_r03,ghosh2022_pepper_cmp080,1.412191938,relative_to_internal_standard
ghosh2022_pepper_virus_r04,ghosh2022_pepper_cmp080,0.853336719,relative_to_internal_standard
ghosh2022_pepper_control_r01,ghosh2022_pepper_cmp081,0.027571648,relative_to_internal_standard
ghosh2022_pepper_control_r02,ghosh2022_pepper_cmp081,0.036993358,relative_to_internal_standard
ghosh2022_pepper_control_r03,ghosh2022_pepper_cmp081,0.145901576,relative_to_internal_standard
ghosh2022_pepper_control_r04,ghosh2022_pepper_cmp081,0.090005358,relative_to_internal_standard
ghosh2022_pepper_control_r05,ghosh2022_pepper_cmp081,0.071459232,relative_to_internal_standard
ghosh2022_pepper_healthy_whitefly_r01,ghosh2022_pepper_cmp081,0.29627943,relative_to_internal_standard
ghosh2022_pepper_healthy_whitefly_r02,ghosh2022_pepper_cmp081,0.255459453,relative_to_internal_standard
ghosh2022_pepper_healthy_whitefly_r03,ghosh2022_pepper_cmp081,0.358835229,relative_to_internal_standard
ghosh2022_pepper_healthy_whitefly_r04,ghosh2022_pepper_cmp081,0.282984544,relative_to_internal_standard
ghosh2022_pepper_healthy_whitefly_r05,ghosh2022_pepper_cmp081,0.257270322,relative_to_internal_standard
ghosh2022_pepper_virus_r01,ghosh2022_pepper_cmp081,0.228106703,relative_to_internal_standard
ghosh2022_pepper_virus_r02,ghosh2022_pepper_cmp081,0.119237569,relative_to_internal_standard
ghosh2022_pepper_virus_r03,ghosh2022_pepper_cmp081,0.355858814,relative_to_internal_standard
ghosh2022_pepper_virus_r04,ghosh2022_pepper_cmp081,0.096097186,relative_to_internal_standard
ghosh2022_pepper_control_r01,ghosh2022_pepper_cmp082,0.003810757,relative_to_internal_standard
ghosh2022_pepper_control_r02,ghosh2022_pepper_cmp082,0.005577351,relative_to_internal_standard
ghosh2022_pepper_control_r03,ghosh2022_pepper_cmp082,0.017957217,relative_to_internal_standard
ghosh2022_pepper_control_r04,ghosh2022_pepper_cmp082,0.011088167,relative_to_internal_standard
ghosh2022_pepper_control_r05,ghosh2022_pepper_cmp082,0.010794737,relative_to_internal_standard
ghosh2022_pepper_healthy_whitefly_r01,ghosh2022_pepper_cmp082,0.021082525,relative_to_internal_standard
ghosh2022_pepper_healthy_whitefly_r02,ghosh2022_pepper_cmp082,0.039536106,relative_to_internal_standard
ghosh2022_pepper_healthy_whitefly_r03,ghosh2022_pepper_cmp082,0.032099052,relative_to_internal_standard
ghosh2022_pepper_healthy_whitefly_r04,ghosh2022_pepper_cmp082,0.03056756,relative_to_internal_standard
ghosh2022_pepper_healthy_whitefly_r05,ghosh2022_pepper_cmp082,0.024769162,relative_to_internal_standard
ghosh2022_pepper_virus_r01,ghosh2022_pepper_cmp082,0.013515877,relative_to_internal_standard
ghosh2022_pepper_virus_r02,ghosh2022_pepper_cmp082,0.01089077,relative_to_internal_standard
ghosh2022_pepper_virus_r03,ghosh2022_pepper_cmp082,0.029725493,relative_to_internal_standard
ghosh2022_pepper_virus_r04,ghosh2022_pepper_cmp082,0.008424004,relative_to_internal_standard
ghosh2022_pepper_control_r01,ghosh2022_pepper_cmp083,0.00499232,relative_to_internal_standard
ghosh2022_pepper_control_r02,ghosh2022_pepper_cmp083,0.017028076,relative_to_internal_standard
ghosh2022_pepper_control_r03,ghosh2022_pepper_cmp083,0.053509083,relative_to_internal_standard
ghosh2022_pepper_control_r04,ghosh2022_pepper_cmp083,0.040011113,relative_to_internal_standard
ghosh2022_pepper_control_r05,ghosh2022_pepper_cmp083,0.020911281,relative_to_internal_standard
ghosh2022_pepper_healthy_whitefly_r01,ghosh2022_pepper_cmp083,0.104003963,relative_to_internal_standard
ghosh2022_pepper_healthy_whitefly_r02,ghosh2022_pepper_cmp083,0.101617209,relative_to_internal_standard
ghosh2022_pepper_healthy_whitefly_r03,ghosh2022_pepper_cmp083,0.066070131,relative_to_internal_standard
ghosh2022_pepper_healthy_whitefly_r04,ghosh2022_pepper_cmp083,0.048984817,relative_to_internal_standard
ghosh2022_pepper_healthy_whitefly_r05,ghosh2022_pepper_cmp083,0.060292894,relative_to_internal_standard
ghosh2022_pepper_virus_r01,ghosh2022_pepper_cmp083,0.049246894,relative_to_internal_standard
ghosh2022_pepper_virus_r02,ghosh2022_pepper_cmp083,0.116212597,relative_to_internal_standard
ghosh2022_pepper_virus_r03,ghosh2022_pepper_cmp083,0.163378316,relative_to_internal_standard
ghosh2022_pepper_virus_r04,ghosh2022_pepper_cmp083,0.082637884,relative_to_internal_standard
ghosh2022_pepper_control_r01,ghosh2022_pepper_cmp084,0.034708651,relative_to_internal_standard
ghosh2022_pepper_control_r02,ghosh2022_pepper_cmp084,0.044170842,relative_to_internal_standard
ghosh2022_pepper_control_r03,ghosh2022_pepper_cmp084,0.14545987,relative_to_internal_standard
ghosh2022_pepper_control_r04,ghosh2022_pepper_cmp084,0.073702547,relative_to_internal_standard
ghosh2022_pepper_control_r05,ghosh2022_pepper_cmp084,0.070609929,relative_to_internal_standard
ghosh2022_pepper_healthy_whitefly_r01,ghosh2022_pepper_cmp084,0.097612746,relative_to_internal_standard
ghosh2022_pepper_healthy_whitefly_r02,ghosh2022_pepper_cmp084,0.143490419,relative_to_internal_standard
ghosh2022_pepper_healthy_whitefly_r03,ghosh2022_pepper_cmp084,0.095907142,relative_to_internal_standard
ghosh2022_pepper_healthy_whitefly_r04,ghosh2022_pepper_cmp084,0.154880209,relative_to_internal_standard
ghosh2022_pepper_healthy_whitefly_r05,ghosh2022_pepper_cmp084,0.154133501,relative_to_internal_standard
ghosh2022_pepper_virus_r01,ghosh2022_pepper_cmp084,0.155750408,relative_to_internal_standard
ghosh2022_pepper_virus_r02,ghosh2022_pepper_cmp084,0.151924597,relative_to_internal_standard
ghosh2022_pepper_virus_r03,ghosh2022_pepper_cmp084,0.184385594,relative_to_internal_standard
ghosh2022_pepper_virus_r04,ghosh2022_pepper_cmp084,0.109735138,relative_to_internal_standard
ghosh2022_pepper_control_r01,ghosh2022_pepper_cmp085,0.001539615,relative_to_internal_standard
ghosh2022_pepper_control_r02,ghosh2022_pepper_cmp085,0.001475213,relative_to_internal_standard
ghosh2022_pepper_control_r03,ghosh2022_pepper_cmp085,0.005547233,relative_to_internal_standard
ghosh2022_pepper_control_r04,ghosh2022_pepper_cmp085,0.007956942,relative_to_internal_standard
ghosh2022_pepper_control_r05,ghosh2022_pepper_cmp085,0.003990311,relative_to_internal_standard
ghosh2022_pepper_healthy_whitefly_r01,ghosh2022_pepper_cmp085,0.02502107,relative_to_internal_standard
ghosh2022_pepper_healthy_whitefly_r02,ghosh2022_pepper_cmp085,0.020073139,relative_to_internal_standard
ghosh2022_pepper_healthy_whitefly_r03,ghosh2022_pepper_cmp085,0.012774212,relative_to_internal_standard
ghosh2022_pepper_healthy_whitefly_r04,ghosh2022_pepper_cmp085,0.005078063,relative_to_internal_standard
ghosh2022_pepper_healthy_whitefly_r05,ghosh2022_pepper_cmp085,0.009534193,relative_to_internal_standard
ghosh2022_pepper_virus_r01,ghosh2022_pepper_cmp085,0.043868472,relative_to_internal_standard
ghosh2022_pepper_virus_r02,ghosh2022_pepper_cmp085,0.037139555,relative_to_internal_standard
ghosh2022_pepper_virus_r03,ghosh2022_pepper_cmp085,0.023448972,relative_to_internal_standard
ghosh2022_pepper_virus_r04,ghosh2022_pepper_cmp085,0.003787506,relative_to_internal_standard
ghosh2022_pepper_control_r01,ghosh2022_pepper_cmp086,0.003498743,relative_to_internal_standard
ghosh2022_pepper_control_r02,ghosh2022_pepper_cmp086,0.004624355,relative_to_internal_standard
ghosh2022_pepper_control_r03,ghosh2022_pepper_cmp086,0.009162635,relative_to_internal_standard
ghosh2022_pepper_control_r04,ghosh2022_pepper_cmp086,0.002556478,relative_to_internal_standard
ghosh2022_pepper_control_r05,ghosh2022_pepper_cmp086,0.00218224,relative_to_internal_standard
ghosh2022_pepper_healthy_whitefly_r01,ghosh2022_pepper_cmp086,0.003249696,relative_to_internal_standard
ghosh2022_pepper_healthy_whitefly_r02,ghosh2022_pepper_cmp086,0.002660099,relative_to_internal_standard
ghosh2022_pepper_healthy_whitefly_r03,ghosh2022_pepper_cmp086,0.003270297,relative_to_internal_standard
ghosh2022_pepper_healthy_whitefly_r04,ghosh2022_pepper_cmp086,0.00159677,relative_to_internal_standard
ghosh2022_pepper_healthy_whitefly_r05,ghosh2022_pepper_cmp086,0.001700616,relative_to_internal_standard
ghosh2022_pepper_virus_r01,ghosh2022_pepper_cmp086,0.002046701,relative_to_internal_standard
ghosh2022_pepper_virus_r02,ghosh2022_pepper_cmp086,0.001085049,relative_to_internal_standard
ghosh2022_pepper_virus_r03,ghosh2022_pepper_cmp086,0.002349414,relative_to_internal_standard
ghosh2022_pepper_virus_r04,ghosh2022_pepper_cmp086,0.000920002,relative_to_internal_standard
ghosh2022_pepper_control_r01,ghosh2022_pepper_cmp087,0.025748717,relative_to_internal_standard
ghosh2022_pepper_control_r02,ghosh2022_pepper_cmp087,0.030809268,relative_to_internal_standard
ghosh2022_pepper_control_r03,ghosh2022_pepper_cmp087,0.066801155,relative_to_internal_standard
ghosh2022_pepper_control_r04,ghosh2022_pepper_cmp087,0.043514648,relative_to_internal_standard
ghosh2022_pepper_control_r05,ghosh2022_pepper_cmp087,0.047155574,relative_to_internal_standard
ghosh2022_pepper_healthy_whitefly_r01,ghosh2022_pepper_cmp087,0.071950397,relative_to_internal_standard
ghosh2022_pepper_healthy_whitefly_r02,ghosh2022_pepper_cmp087,0.059154656,relative_to_internal_standard
ghosh2022_pepper_healthy_whitefly_r03,ghosh2022_pepper_cmp087,0.063076019,relative_to_internal_standard
ghosh2022_pepper_healthy_whitefly_r04,ghosh2022_pepper_cmp087,0.055027296,relative_to_internal_standard
ghosh2022_pepper_healthy_whitefly_r05,ghosh2022_pepper_cmp087,0.04667341,relative_to_internal_standard
ghosh2022_pepper_virus_r01,ghosh2022_pepper_cmp087,0.051224171,relative_to_internal_standard
ghosh2022_pepper_virus_r02,ghosh2022_pepper_cmp087,0.040647574,relative_to_internal_standard
ghosh2022_pepper_virus_r03,ghosh2022_pepper_cmp087,0.086747113,relative_to_internal_standard
ghosh2022_pepper_virus_r04,ghosh2022_pepper_cmp087,0.039417032,relative_to_internal_standard
ghosh2022_pepper_control_r01,ghosh2022_pepper_cmp088,0.011911529,relative_to_internal_standard
ghosh2022_pepper_control_r02,ghosh2022_pepper_cmp088,0.015893119,relative_to_internal_standard
ghosh2022_pepper_control_r03,ghosh2022_pepper_cmp088,0.022167852,relative_to_internal_standard
ghosh2022_pepper_control_r04,ghosh2022_pepper_cmp088,0.019021823,relative_to_internal_standard
ghosh2022_pepper_control_r05,ghosh2022_pepper_cmp088,0.018541693,relative_to_internal_standard
ghosh2022_pepper_healthy_whitefly_r01,ghosh2022_pepper_cmp088,0.037730526,relative_to_internal_standard
ghosh2022_pepper_healthy_whitefly_r02,ghosh2022_pepper_cmp088,0.027141291,relative_to_internal_standard
ghosh2022_pepper_healthy_whitefly_r03,ghosh2022_pepper_cmp088,0.027791777,relative_to_internal_standard
ghosh2022_pepper_healthy_whitefly_r04,ghosh2022_pepper_cmp088,0.021798728,relative_to_internal_standard
ghosh2022_pepper_healthy_whitefly_r05,ghosh2022_pepper_cmp088,0.020844106,relative_to_internal_standard
ghosh2022_pepper_virus_r01,ghosh2022_pepper_cmp088,0.015021616,relative_to_internal_standard
ghosh2022_pepper_virus_r02,ghosh2022_pepper_cmp088,0.015984035,relative_to_internal_standard
ghosh2022_pepper_virus_r03,ghosh2022_pepper_cmp088,0.058569529,relative_to_internal_standard
ghosh2022_pepper_virus_r04,ghosh2022_pepper_cmp088,0.019147021,relative_to_internal_standard
ghosh2022_pepper_control_r01,ghosh2022_pepper_cmp089,0.799713865,relative_to_internal_standard
ghosh2022_pepper_control_r02,ghosh2022_pepper_cmp089,0.799919843,relative_to_internal_standard
ghosh2022_pepper_control_r03,ghosh2022_pepper_cmp089,0.79990588,relative_to_internal_standard
ghosh2022_pepper_control_r04,ghosh2022_pepper_cmp089,0.8,relative_to_internal_standard
ghosh2022_pepper_control_r05,ghosh2022_pepper_cmp089,0.799994937,relative_to_internal_standard
ghosh2022_pepper_healthy_whitefly_r01,ghosh2022_pepper_cmp089,0.8,relative_to_internal_standard
ghosh2022_pepper_healthy_whitefly_r02,ghosh2022_pepper_cmp089,0.8,relative_to_internal_standard
ghosh2022_pepper_healthy_whitefly_r03,ghosh2022_pepper_cmp089,0.800030589,relative_to_internal_standard
ghosh2022_pepper_healthy_whitefly_r04,ghosh2022_pepper_cmp089,0.8,relative_to_internal_standard
ghosh2022_pepper_healthy_whitefly_r05,ghosh2022_pepper_cmp089,0.8,relative_to_internal_standard
ghosh2022_pepper_virus_r01,ghosh2022_pepper_cmp089,0.800399091,relative_to_internal_standard
ghosh2022_pepper_virus_r02,ghosh2022_pepper_cmp089,0.799998974,relative_to_internal_standard
ghosh2022_pepper_virus_r03,ghosh2022_pepper_cmp089,0.799575583,relative_to_internal_standard
ghosh2022_pepper_virus_r04,ghosh2022_pepper_cmp089,0.8,relative_to_internal_standard
ghosh2022_pepper_control_r01,ghosh2022_pepper_cmp090,0.002670991,relative_to_internal_standard
ghosh2022_pepper_control_r02,ghosh2022_pepper_cmp090,0.003123338,relative_to_internal_standard
ghosh2022_pepper_control_r03,ghosh2022_pepper_cmp090,0.001537462,relative_to_internal_standard
ghosh2022_pepper_control_r04,ghosh2022_pepper_cmp090,0.003476093,relative_to_internal_standard
ghosh2022_pepper_control_r05,ghosh2022_pepper_cmp090,0.003299807,relative_to_internal_standard
ghosh2022_pepper_healthy_whitefly_r01,ghosh2022_pepper_cmp090,0.003478676,relative_to_internal_standard
ghosh2022_pepper_healthy_whitefly_r02,ghosh2022_pepper_cmp090,0.002804345,relative_to_internal_standard
ghosh2022_pepper_healthy_whitefly_r03,ghosh2022_pepper_cmp090,0.002871961,relative_to_internal_standard
ghosh2022_pepper_healthy_whitefly_r04,ghosh2022_pepper_cmp090,0.002644197,relative_to_internal_standard
ghosh2022_pepper_healthy_whitefly_r05,ghosh2022_pepper_cmp090,0.002739459,relative_to_internal_standard
ghosh2022_pepper_virus_r01,ghosh2022_pepper_cmp090,0.003110306,relative_to_internal_standard
ghosh2022_pepper_virus_r02,ghosh2022_pepper_cmp090,0.003037492,relative_to_internal_standard
ghosh2022_pepper_virus_r03,ghosh2022_pepper_cmp090,0.003926138,relative_to_internal_standard
ghosh2022_pepper_virus_r04,ghosh2022_pepper_cmp090,0.002341274,relative_to_internal_standard
ghosh2022_pepper_control_r01,ghosh2022_pepper_cmp091,0.004560914,relative_to_internal_standard
ghosh2022_pepper_control_r02,ghosh2022_pepper_cmp091,0.005460418,relative_to_internal_standard
ghosh2022_pepper_control_r03,ghosh2022_pepper_cmp091,0.008458632,relative_to_internal_standard
ghosh2022_pepper_control_r04,ghosh2022_pepper_cmp091,0.005481576,relative_to_internal_standard
ghosh2022_pepper_control_r05,ghosh2022_pepper_cmp091,0.005816326,relative_to_internal_standard
ghosh2022_pepper_healthy_whitefly_r01,ghosh2022_pepper_cmp091,0.007194365,relative_to_internal_standard
ghosh2022_pepper_healthy_whitefly_r02,ghosh2022_pepper_cmp091,0.006515744,relative_to_internal_standard
ghosh2022_pepper_healthy_whitefly_r03,ghosh2022_pepper_cmp091,0.007111723,relative_to_internal_standard
ghosh2022_pepper_healthy_whitefly_r04,ghosh2022_pepper_cmp091,0.005079601,relative_to_internal_standard
ghosh2022_pepper_healthy_whitefly_r05,ghosh2022_pepper_cmp091,0.005751653,relative_to_internal_standard
ghosh2022_pepper_virus_r01,ghosh2022_pepper_cmp091,0.005126751,relative_to_internal_standard
ghosh2022_pepper_virus_r02,ghosh2022_pepper_cmp091,0.004938989,relative_to_internal_standard
ghosh2022_pepper_virus_r03,ghosh2022_pepper_cmp091,0.009726751,relative_to_internal_standard
ghosh2022_pepper_virus_r04,ghosh2022_pepper_cmp091,0.005578978,relative_to_internal_standard
ghosh2022_pepper_control_r01,ghosh2022_pepper_cmp092,0.005465795,relative_to_internal_standard
ghosh2022_pepper_control_r02,ghosh2022_pepper_cmp092,0.0074496,relative_to_internal_standard
ghosh2022_pepper_control_r03,ghosh2022_pepper_cmp092,0.011542224,relative_to_internal_standard
ghosh2022_pepper_control_r04,ghosh2022_pepper_cmp092,0.008485098,relative_to_internal_standard
ghosh2022_pepper_control_r05,ghosh2022_pepper_cmp092,0.009031461,relative_to_internal_standard
ghosh2022_pepper_healthy_whitefly_r01,ghosh2022_pepper_cmp092,0.008403027,relative_to_internal_standard
ghosh2022_pepper_healthy_whitefly_r02,ghosh2022_pepper_cmp092,0.009469177,relative_to_internal_standard
ghosh2022_pepper_healthy_whitefly_r03,ghosh2022_pepper_cmp092,0.006957965,relative_to_internal_standard
ghosh2022_pepper_healthy_whitefly_r04,ghosh2022_pepper_cmp092,0.007346143,relative_to_internal_standard
ghosh2022_pepper_healthy_whitefly_r05,ghosh2022_pepper_cmp092,0.007831639,relative_to_internal_standard
ghosh2022_pepper_virus_r01,ghosh2022_pepper_cmp092,0.007406042,relative_to_internal_standard
ghosh2022_pepper_virus_r02,ghosh2022_pepper_cmp092,0.005931598,relative_to_internal_standard
ghosh2022_pepper_virus_r03,ghosh2022_pepper_cmp092,0.014762712,relative_to_internal_standard
ghosh2022_pepper_virus_r04,ghosh2022_pepper_cmp092,0.008185009,relative_to_internal_standard
ghosh2022_pepper_control_r01,ghosh2022_pepper_cmp093,0.024069758,relative_to_internal_standard
ghosh2022_pepper_control_r02,ghosh2022_pepper_cmp093,0.026725036,relative_to_internal_standard
ghosh2022_pepper_control_r03,ghosh2022_pepper_cmp093,0.042765739,relative_to_internal_standard
ghosh2022_pepper_control_r04,ghosh2022_pepper_cmp093,0.005906114,relative_to_internal_standard
ghosh2022_pepper_control_r05,ghosh2022_pepper_cmp093,0.033089825,relative_to_internal_standard
ghosh2022_pepper_healthy_whitefly_r01,ghosh2022_pepper_cmp093,0.02708187,relative_to_internal_standard
ghosh2022_pepper_healthy_whitefly_r02,ghosh2022_pepper_cmp093,0.022278372,relative_to_internal_standard
ghosh2022_pepper_healthy_whitefly_r03,ghosh2022_pepper_cmp093,0.024297355,relative_to_internal_standard
ghosh2022_pepper_healthy_whitefly_r04,ghosh2022_pepper_cmp093,0.018431772,relative_to_internal_standard
ghosh2022_pepper_healthy_whitefly_r05,ghosh2022_pepper_cmp093,0.022677808,relative_to_internal_standard
ghosh2022_pepper_virus_r01,ghosh2022_pepper_cmp093,0.018124601,relative_to_internal_standard
ghosh2022_pepper_virus_r02,ghosh2022_pepper_cmp093,0.020089283,relative_to_internal_standard
ghosh2022_pepper_virus_r03,ghosh2022_pepper_cmp093,0.039119139,relative_to_internal_standard
ghosh2022_pepper_virus_r04,ghosh2022_pepper_cmp093,0.022015332,relative_to_internal_standard
