sample_id,compuesto_id,abundancia,unidad
lazazzara2018_exp1_pinotnoir_0dpi_r01,lazazzara2018_cmp001,34971.0,area_de_pico
lazazzara2018_exp1_pinotnoir_0dpi_r02,lazazzara2018_cmp001,40482.0,area_de_pico
lazazzara2018_exp1_pinotnoir_0dpi_r03,lazazzara2018_cmp001,29236.041892252,area_de_pico
lazazzara2018_exp1_pinotnoir_0dpi_r04,lazazzara2018_cmp001,37538.064044328,area_de_pico
lazazzara2018_exp1_pinotnoir_0dpi_r05,lazazzara2018_cmp001,8578.0,area_de_pico
lazazzara2018_exp2_pinotnoir_0dpi_r01,lazazzara2018_cmp001,18457.72391328,area_de_pico
lazazzara2018_exp2_pinotnoir_0dpi_r02,lazazzara2018_cmp001,238467.462154566,area_de_pico
lazazzara2018_exp2_pinotnoir_0dpi_r03,lazazzara2018_cmp001,275559.167211828,area_de_pico
lazazzara2018_exp2_pinotnoir_0dpi_r04,lazazzara2018_cmp001,271399.271167869,area_de_pico
lazazzara2018_exp2_pinotnoir_0dpi_r05,lazazzara2018_cmp001,150938.753908294,area_de_pico
lazazzara2018_exp1_pinotnoir_6dpi_r01,lazazzara2018_cmp001,47142.0,area_de_pico
lazazzara2018_exp1_pinotnoir_6dpi_r02,lazazzara2018_cmp001,15218.886634144,area_de_pico
lazazzara2018_exp1_pinotnoir_6dpi_r03,lazazzara2018_cmp001,7053.0,area_de_pico
lazazzara2018_exp1_pinotnoir_6dpi_r04,lazazzara2018_cmp001,8293.0,area_de_pico
lazazzara2018_exp1_pinotnoir_6dpi_r05,lazazzara2018_cmp001,76246.105735822,area_de_pico
lazazzara2018_exp2_pinotnoir_6dpi_r01,lazazzara2018_cmp001,242519.747651512,area_de_pico
lazazzara2018_exp2_pinotnoir_6dpi_r02,lazazzara2018_cmp001,102831.0,area_de_pico
lazazzara2018_exp2_pinotnoir_6dpi_r03,lazazzara2018_cmp001,198396.005148237,area_de_pico
lazazzara2018_exp2_pinotnoir_6dpi_r04,lazazzara2018_cmp001,19959.966366228,area_de_pico
lazazzara2018_exp2_pinotnoir_6dpi_r05,lazazzara2018_cmp001,154090.978607127,area_de_pico
lazazzara2018_exp1_bc4_0dpi_r01,lazazzara2018_cmp001,88911.7839419,area_de_pico
lazazzara2018_exp1_bc4_0dpi_r02,lazazzara2018_cmp001,55458.0,area_de_pico
lazazzara2018_exp1_bc4_0dpi_r03,lazazzara2018_cmp001,97138.170980939,area_de_pico
lazazzara2018_exp1_bc4_0dpi_r04,lazazzara2018_cmp001,21244.0,area_de_pico
lazazzara2018_exp1_bc4_0dpi_r05,lazazzara2018_cmp001,7070.799595624,area_de_pico
lazazzara2018_exp2_bc4_0dpi_r01,lazazzara2018_cmp001,170804.84992224,area_de_pico
lazazzara2018_exp2_bc4_0dpi_r02,lazazzara2018_cmp001,279359.539454452,area_de_pico
lazazzara2018_exp2_bc4_0dpi_r03,lazazzara2018_cmp001,26669.958021409,area_de_pico
lazazzara2018_exp2_bc4_0dpi_r04,lazazzara2018_cmp001,134984.39117366,area_de_pico
lazazzara2018_exp2_bc4_0dpi_r05,lazazzara2018_cmp001,367716.877259982,area_de_pico
lazazzara2018_exp1_bc4_6dpi_r01,lazazzara2018_cmp001,9809.0,area_de_pico
lazazzara2018_exp1_bc4_6dpi_r02,lazazzara2018_cmp001,7962.0,area_de_pico
lazazzara2018_exp1_bc4_6dpi_r03,lazazzara2018_cmp001,32201.0,area_de_pico
lazazzara2018_exp1_bc4_6dpi_r04,lazazzara2018_cmp001,18548.0,area_de_pico
lazazzara2018_exp1_bc4_6dpi_r05,lazazzara2018_cmp001,29085.0,area_de_pico
lazazzara2018_exp2_bc4_6dpi_r01,lazazzara2018_cmp001,493979.463861261,area_de_pico
lazazzara2018_exp2_bc4_6dpi_r02,lazazzara2018_cmp001,246290.603343452,area_de_pico
lazazzara2018_exp2_bc4_6dpi_r03,lazazzara2018_cmp001,525812.91849633,area_de_pico
lazazzara2018_exp2_bc4_6dpi_r04,lazazzara2018_cmp001,172212.850997416,area_de_pico
lazazzara2018_exp2_bc4_6dpi_r05,lazazzara2018_cmp001,369659.862346873,area_de_pico
lazazzara2018_exp1_k5bb_0dpi_r01,lazazzara2018_cmp001,57637.839756288,area_de_pico
lazazzara2018_exp1_k5bb_0dpi_r02,lazazzara2018_cmp001,43421.0,area_de_pico
lazazzara2018_exp1_k5bb_0dpi_r03,lazazzara2018_cmp001,10029.0,area_de_pico
lazazzara2018_exp1_k5bb_0dpi_r04,lazazzara2018_cmp001,45552.751323815,area_de_pico
lazazzara2018_exp1_k5bb_0dpi_r05,lazazzara2018_cmp001,79232.393811052,area_de_pico
lazazzara2018_exp2_k5bb_0dpi_r01,lazazzara2018_cmp001,12277.3050585,area_de_pico
lazazzara2018_exp2_k5bb_0dpi_r02,lazazzara2018_cmp001,169524.134811556,area_de_pico
lazazzara2018_exp2_k5bb_0dpi_r03,lazazzara2018_cmp001,119891.49426048,area_de_pico
lazazzara2018_exp2_k5bb_0dpi_r04,lazazzara2018_cmp001,243082.92263265,area_de_pico
lazazzara2018_exp2_k5bb_0dpi_r05,lazazzara2018_cmp001,85354.311143472,area_de_pico
lazazzara2018_exp1_k5bb_6dpi_r01,lazazzara2018_cmp001,12997.0,area_de_pico
lazazzara2018_exp1_k5bb_6dpi_r02,lazazzara2018_cmp001,62370.0,area_de_pico
lazazzara2018_exp1_k5bb_6dpi_r04,lazazzara2018_cmp001,52315.0,area_de_pico
lazazzara2018_exp2_k5bb_6dpi_r01,lazazzara2018_cmp001,201091.171980762,area_de_pico
lazazzara2018_exp2_k5bb_6dpi_r02,lazazzara2018_cmp001,118879.50432002,area_de_pico
lazazzara2018_exp2_k5bb_6dpi_r03,lazazzara2018_cmp001,175628.275674976,area_de_pico
lazazzara2018_exp2_k5bb_6dpi_r04,lazazzara2018_cmp001,87628.0828937,area_de_pico
lazazzara2018_exp2_k5bb_6dpi_r05,lazazzara2018_cmp001,368984.675265296,area_de_pico
lazazzara2018_exp1_so4_0dpi_r01,lazazzara2018_cmp001,48935.705183575,area_de_pico
lazazzara2018_exp1_so4_0dpi_r02,lazazzara2018_cmp001,30508.0,area_de_pico
lazazzara2018_exp1_so4_0dpi_r03,lazazzara2018_cmp001,38209.0,area_de_pico
lazazzara2018_exp1_so4_0dpi_r04,lazazzara2018_cmp001,49389.0471233,area_de_pico
lazazzara2018_exp1_so4_0dpi_r05,lazazzara2018_cmp001,28395.0,area_de_pico
lazazzara2018_exp2_so4_0dpi_r01,lazazzara2018_cmp001,126791.928094867,area_de_pico
lazazzara2018_exp2_so4_0dpi_r02,lazazzara2018_cmp001,64278.033349122,area_de_pico
lazazzara2018_exp2_so4_0dpi_r03,lazazzara2018_cmp001,240392.34615404,area_de_pico
lazazzara2018_exp2_so4_0dpi_r04,lazazzara2018_cmp001,468814.44665806,area_de_pico
lazazzara2018_exp2_so4_0dpi_r05,lazazzara2018_cmp001,56739.42485208,area_de_pico
lazazzara2018_exp1_so4_6dpi_r01,lazazzara2018_cmp001,9287.0,area_de_pico
lazazzara2018_exp1_so4_6dpi_r02,lazazzara2018_cmp001,22104.0,area_de_pico
lazazzara2018_exp1_so4_6dpi_r03,lazazzara2018_cmp001,29837.0,area_de_pico
lazazzara2018_exp1_so4_6dpi_r04,lazazzara2018_cmp001,10049.0,area_de_pico
lazazzara2018_exp1_so4_6dpi_r05,lazazzara2018_cmp001,28256.369006838,area_de_pico
lazazzara2018_exp2_so4_6dpi_r01,lazazzara2018_cmp001,661619.388273332,area_de_pico
lazazzara2018_exp2_so4_6dpi_r02,lazazzara2018_cmp001,569857.26451008,area_de_pico
lazazzara2018_exp2_so4_6dpi_r03,lazazzara2018_cmp001,169231.243064102,area_de_pico
lazazzara2018_exp2_so4_6dpi_r04,lazazzara2018_cmp001,190100.464419336,area_de_pico
lazazzara2018_exp2_so4_6dpi_r05,lazazzara2018_cmp001,98359.542088534,area_de_pico
lazazzara2018_exp1_solaris_0dpi_r01,lazazzara2018_cmp001,56196.0,area_de_pico
lazazzara2018_exp1_solaris_0dpi_r02,lazazzara2018_cmp001,40997.0,area_de_pico
lazazzara2018_exp1_solaris_0dpi_r03,lazazzara2018_cmp001,67166.0,area_de_pico
lazazzara2018_exp1_solaris_0dpi_r04,lazazzara2018_cmp001,32623.0,area_de_pico
lazazzara2018_exp1_solaris_0dpi_r05,lazazzara2018_cmp001,17311.0,area_de_pico
lazazzara2018_exp2_solaris_0dpi_r01,lazazzara2018_cmp001,1749376.05244229,area_de_pico
lazazzara2018_exp2_solaris_0dpi_r02,lazazzara2018_cmp001,1433832.12023539,area_de_pico
lazazzara2018_exp2_solaris_0dpi_r03,lazazzara2018_cmp001,2597714.61680695,area_de_pico
lazazzara2018_exp2_solaris_0dpi_r04,lazazzara2018_cmp001,1157283.07098633,area_de_pico
lazazzara2018_exp2_solaris_0dpi_r05,lazazzara2018_cmp001,2230043.67681866,area_de_pico
lazazzara2018_exp1_solaris_6dpi_r01,lazazzara2018_cmp001,44118.9595344375,area_de_pico
lazazzara2018_exp1_solaris_6dpi_r02,lazazzara2018_cmp001,47558.0,area_de_pico
lazazzara2018_exp1_solaris_6dpi_r03,lazazzara2018_cmp001,61106.0,area_de_pico
lazazzara2018_exp1_solaris_6dpi_r04,lazazzara2018_cmp001,35255.0,area_de_pico
lazazzara2018_exp1_solaris_6dpi_r05,lazazzara2018_cmp001,55410.442100788,area_de_pico
lazazzara2018_exp2_solaris_6dpi_r01,lazazzara2018_cmp001,976573.080931215,area_de_pico
lazazzara2018_exp2_solaris_6dpi_r02,lazazzara2018_cmp001,2220332.46619247,area_de_pico
lazazzara2018_exp2_solaris_6dpi_r03,lazazzara2018_cmp001,1329869.15504891,area_de_pico
lazazzara2018_exp2_solaris_6dpi_r04,lazazzara2018_cmp001,1362408.26937807,area_de_pico
lazazzara2018_exp2_solaris_6dpi_r05,lazazzara2018_cmp001,1663686.77476701,area_de_pico
lazazzara2018_exp1_pinotnoir_0dpi_r01,lazazzara2018_cmp002,207177.10725822,area_de_pico
lazazzara2018_exp1_pinotnoir_0dpi_r02,lazazzara2018_cmp002,54725.32669386,area_de_pico
lazazzara2018_exp1_pinotnoir_0dpi_r03,lazazzara2018_cmp002,332548.23304416,area_de_pico
lazazzara2018_exp1_pinotnoir_0dpi_r04,lazazzara2018_cmp002,718359.08115811,area_de_pico
lazazzara2018_exp1_pinotnoir_0dpi_r05,lazazzara2018_cmp002,288211.34872352,area_de_pico
lazazzara2018_exp2_pinotnoir_0dpi_r01,lazazzara2018_cmp002,165063.70584529,area_de_pico
lazazzara2018_exp2_pinotnoir_0dpi_r02,lazazzara2018_cmp002,646060.2951769,area_de_pico
lazazzara2018_exp2_pinotnoir_0dpi_r03,lazazzara2018_cmp002,645728.3535929,area_de_pico
lazazzara2018_exp2_pinotnoir_0dpi_r04,lazazzara2018_cmp002,24826.26664765,area_de_pico
lazazzara2018_exp2_pinotnoir_0dpi_r05,lazazzara2018_cmp002,309133.70949802,area_de_pico
lazazzara2018_exp1_pinotnoir_6dpi_r01,lazazzara2018_cmp002,72142.77110204,area_de_pico
lazazzara2018_exp1_pinotnoir_6dpi_r02,lazazzara2018_cmp002,11722.20927088,area_de_pico
lazazzara2018_exp1_pinotnoir_6dpi_r03,lazazzara2018_cmp002,12113.0,area_de_pico
lazazzara2018_exp1_pinotnoir_6dpi_r04,lazazzara2018_cmp002,101856.49902659,area_de_pico
lazazzara2018_exp1_pinotnoir_6dpi_r05,lazazzara2018_cmp002,228393.65991316,area_de_pico
lazazzara2018_exp2_pinotnoir_6dpi_r01,lazazzara2018_cmp002,150076.44919833,area_de_pico
lazazzara2018_exp2_pinotnoir_6dpi_r02,lazazzara2018_cmp002,249852.78120993,area_de_pico
lazazzara2018_exp2_pinotnoir_6dpi_r03,lazazzara2018_cmp002,260875.83404355,area_de_pico
lazazzara2018_exp2_pinotnoir_6dpi_r04,lazazzara2018_cmp002,209477.03183971,area_de_pico
lazazzara2018_exp2_pinotnoir_6dpi_r05,lazazzara2018_cmp002,243251.41876265,area_de_pico
lazazzara2018_exp1_bc4_0dpi_r01,lazazzara2018_cmp002,1544155.87665074,area_de_pico
lazazzara2018_exp1_bc4_0dpi_r02,lazazzara2018_cmp002,1298557.46546588,area_de_pico
lazazzara2018_exp1_bc4_0dpi_r03,lazazzara2018_cmp002,1751838.96768226,area_de_pico
lazazzara2018_exp1_bc4_0dpi_r04,lazazzara2018_cmp002,44735.25301668,area_de_pico
lazazzara2018_exp1_bc4_0dpi_r05,lazazzara2018_cmp002,45387.92977852,area_de_pico
lazazzara2018_exp2_bc4_0dpi_r01,lazazzara2018_cmp002,176375.06725354,area_de_pico
lazazzara2018_exp2_bc4_0dpi_r02,lazazzara2018_cmp002,415863.0581159,area_de_pico
lazazzara2018_exp2_bc4_0dpi_r03,lazazzara2018_cmp002,91982.30012511,area_de_pico
lazazzara2018_exp2_bc4_0dpi_r04,lazazzara2018_cmp002,219299.10464179,area_de_pico
lazazzara2018_exp2_bc4_0dpi_r05,lazazzara2018_cmp002,444668.8805849,area_de_pico
lazazzara2018_exp1_bc4_6dpi_r01,lazazzara2018_cmp002,125976.18504631,area_de_pico
lazazzara2018_exp1_bc4_6dpi_r02,lazazzara2018_cmp002,50665.27260224,area_de_pico
lazazzara2018_exp1_bc4_6dpi_r03,lazazzara2018_cmp002,60320.0,area_de_pico
lazazzara2018_exp1_bc4_6dpi_r04,lazazzara2018_cmp002,108380.87372184,area_de_pico
lazazzara2018_exp1_bc4_6dpi_r05,lazazzara2018_cmp002,13552.0,area_de_pico
lazazzara2018_exp2_bc4_6dpi_r01,lazazzara2018_cmp002,332502.4478428,area_de_pico
lazazzara2018_exp2_bc4_6dpi_r02,lazazzara2018_cmp002,610994.12687848,area_de_pico
lazazzara2018_exp2_bc4_6dpi_r03,lazazzara2018_cmp002,470307.8233237,area_de_pico
lazazzara2018_exp2_bc4_6dpi_r04,lazazzara2018_cmp002,343668.0858464,area_de_pico
lazazzara2018_exp2_bc4_6dpi_r05,lazazzara2018_cmp002,587551.45123987,area_de_pico
lazazzara2018_exp1_k5bb_0dpi_r01,lazazzara2018_cmp002,1732275.69685686,area_de_pico
lazazzara2018_exp1_k5bb_0dpi_r02,lazazzara2018_cmp002,2128157.6558116,area_de_pico
lazazzara2018_exp1_k5bb_0dpi_r03,lazazzara2018_cmp002,1236921.37791486,area_de_pico
lazazzara2018_exp1_k5bb_0dpi_r04,lazazzara2018_cmp002,1364206.00158286,area_de_pico
lazazzara2018_exp1_k5bb_0dpi_r05,lazazzara2018_cmp002,1647826.11554848,area_de_pico
lazazzara2018_exp2_k5bb_0dpi_r01,lazazzara2018_cmp002,1399085.62271995,area_de_pico
lazazzara2018_exp2_k5bb_0dpi_r02,lazazzara2018_cmp002,700426.51172415,area_de_pico
lazazzara2018_exp2_k5bb_0dpi_r03,lazazzara2018_cmp002,513338.126768,area_de_pico
lazazzara2018_exp2_k5bb_0dpi_r04,lazazzara2018_cmp002,1855890.67822548,area_de_pico
lazazzara2018_exp2_k5bb_0dpi_r05,lazazzara2018_cmp002,812593.3886254,area_de_pico
lazazzara2018_exp1_k5bb_6dpi_r01,lazazzara2018_cmp002,1083313.95766572,area_de_pico
lazazzara2018_exp1_k5bb_6dpi_r02,lazazzara2018_cmp002,2011491.41364445,area_de_pico
lazazzara2018_exp1_k5bb_6dpi_r04,lazazzara2018_cmp002,1782272.04026328,area_de_pico
lazazzara2018_exp2_k5bb_6dpi_r01,lazazzara2018_cmp002,763100.99284855,area_de_pico
lazazzara2018_exp2_k5bb_6dpi_r02,lazazzara2018_cmp002,1713316.3055704,area_de_pico
lazazzara2018_exp2_k5bb_6dpi_r03,lazazzara2018_cmp002,862450.17268483,area_de_pico
lazazzara2018_exp2_k5bb_6dpi_r04,lazazzara2018_cmp002,805909.71292786,area_de_pico
lazazzara2018_exp2_k5bb_6dpi_r05,lazazzara2018_cmp002,498785.81908284,area_de_pico
lazazzara2018_exp1_so4_0dpi_r01,lazazzara2018_cmp002,1041827.58196438,area_de_pico
lazazzara2018_exp1_so4_0dpi_r02,lazazzara2018_cmp002,1748230.33454607,area_de_pico
lazazzara2018_exp1_so4_0dpi_r03,lazazzara2018_cmp002,150306.32717734,area_de_pico
lazazzara2018_exp1_so4_0dpi_r04,lazazzara2018_cmp002,1045099.88155585,area_de_pico
lazazzara2018_exp1_so4_0dpi_r05,lazazzara2018_cmp002,145643.4668393,area_de_pico
lazazzara2018_exp2_so4_0dpi_r01,lazazzara2018_cmp002,419191.19298875,area_de_pico
lazazzara2018_exp2_so4_0dpi_r02,lazazzara2018_cmp002,936181.11290872,area_de_pico
lazazzara2018_exp2_so4_0dpi_r03,lazazzara2018_cmp002,431047.37162479,area_de_pico
lazazzara2018_exp2_so4_0dpi_r04,lazazzara2018_cmp002,1134214.48595388,area_de_pico
lazazzara2018_exp2_so4_0dpi_r05,lazazzara2018_cmp002,253692.33251192,area_de_pico
lazazzara2018_exp1_so4_6dpi_r01,lazazzara2018_cmp002,1101404.882764,area_de_pico
lazazzara2018_exp1_so4_6dpi_r02,lazazzara2018_cmp002,1070416.87405135,area_de_pico
lazazzara2018_exp1_so4_6dpi_r03,lazazzara2018_cmp002,7159.48925993,area_de_pico
lazazzara2018_exp1_so4_6dpi_r04,lazazzara2018_cmp002,21182.7405418,area_de_pico
lazazzara2018_exp1_so4_6dpi_r05,lazazzara2018_cmp002,728378.57564681,area_de_pico
lazazzara2018_exp2_so4_6dpi_r01,lazazzara2018_cmp002,422420.86340681,area_de_pico
lazazzara2018_exp2_so4_6dpi_r02,lazazzara2018_cmp002,483685.06640511,area_de_pico
lazazzara2018_exp2_so4_6dpi_r03,lazazzara2018_cmp002,163221.22688831,area_de_pico
lazazzara2018_exp2_so4_6dpi_r04,lazazzara2018_cmp002,472610.50651186,area_de_pico
lazazzara2018_exp2_so4_6dpi_r05,lazazzara2018_cmp002,259528.94391588,area_de_pico
lazazzara2018_exp1_solaris_0dpi_r01,lazazzara2018_cmp002,970952.09680958,area_de_pico
lazazzara2018_exp1_solaris_0dpi_r02,lazazzara2018_cmp002,143130.30567101,area_de_pico
lazazzara2018_exp1_solaris_0dpi_r03,lazazzara2018_cmp002,72417.40974839,area_de_pico
lazazzara2018_exp1_solaris_0dpi_r04,lazazzara2018_cmp002,317511.63508888,area_de_pico
lazazzara2018_exp1_solaris_0dpi_r05,lazazzara2018_cmp002,32458.0,area_de_pico
lazazzara2018_exp2_solaris_0dpi_r01,lazazzara2018_cmp002,261491.07172324,area_de_pico
lazazzara2018_exp2_solaris_0dpi_r02,lazazzara2018_cmp002,649057.17175747,area_de_pico
lazazzara2018_exp2_solaris_0dpi_r03,lazazzara2018_cmp002,537871.87491771,area_de_pico
lazazzara2018_exp2_solaris_0dpi_r04,lazazzara2018_cmp002,725056.51344257,area_de_pico
lazazzara2018_exp2_solaris_0dpi_r05,lazazzara2018_cmp002,483167.71029514,area_de_pico
lazazzara2018_exp1_solaris_6dpi_r01,lazazzara2018_cmp002,113998.7096859,area_de_pico
lazazzara2018_exp1_solaris_6dpi_r02,lazazzara2018_cmp002,670818.38261284,area_de_pico
lazazzara2018_exp1_solaris_6dpi_r03,lazazzara2018_cmp002,108090.59835131,area_de_pico
lazazzara2018_exp1_solaris_6dpi_r04,lazazzara2018_cmp002,14118.59032981,area_de_pico
lazazzara2018_exp1_solaris_6dpi_r05,lazazzara2018_cmp002,145391.74641988,area_de_pico
lazazzara2018_exp2_solaris_6dpi_r01,lazazzara2018_cmp002,669120.6464732,area_de_pico
lazazzara2018_exp2_solaris_6dpi_r02,lazazzara2018_cmp002,647658.32809272,area_de_pico
lazazzara2018_exp2_solaris_6dpi_r03,lazazzara2018_cmp002,305213.17958154,area_de_pico
lazazzara2018_exp2_solaris_6dpi_r04,lazazzara2018_cmp002,869525.95544339,area_de_pico
lazazzara2018_exp2_solaris_6dpi_r05,lazazzara2018_cmp002,569913.91867356,area_de_pico
lazazzara2018_exp1_pinotnoir_0dpi_r01,lazazzara2018_cmp003,0.0,area_de_pico
lazazzara2018_exp1_pinotnoir_0dpi_r02,lazazzara2018_cmp003,0.0,area_de_pico
lazazzara2018_exp1_pinotnoir_0dpi_r03,lazazzara2018_cmp003,0.0,area_de_pico
lazazzara2018_exp1_pinotnoir_0dpi_r04,lazazzara2018_cmp003,0.0,area_de_pico
lazazzara2018_exp1_pinotnoir_0dpi_r05,lazazzara2018_cmp003,0.0,area_de_pico
lazazzara2018_exp2_pinotnoir_0dpi_r01,lazazzara2018_cmp003,0.0,area_de_pico
lazazzara2018_exp2_pinotnoir_0dpi_r02,lazazzara2018_cmp003,0.0,area_de_pico
lazazzara2018_exp2_pinotnoir_0dpi_r03,lazazzara2018_cmp003,0.0,area_de_pico
lazazzara2018_exp2_pinotnoir_0dpi_r04,lazazzara2018_cmp003,0.0,area_de_pico
lazazzara2018_exp2_pinotnoir_0dpi_r05,lazazzara2018_cmp003,0.0,area_de_pico
lazazzara2018_exp1_pinotnoir_6dpi_r01,lazazzara2018_cmp003,0.0,area_de_pico
lazazzara2018_exp1_pinotnoir_6dpi_r02,lazazzara2018_cmp003,0.0,area_de_pico
lazazzara2018_exp1_pinotnoir_6dpi_r03,lazazzara2018_cmp003,0.0,area_de_pico
lazazzara2018_exp1_pinotnoir_6dpi_r04,lazazzara2018_cmp003,0.0,area_de_pico
lazazzara2018_exp1_pinotnoir_6dpi_r05,lazazzara2018_cmp003,0.0,area_de_pico
lazazzara2018_exp2_pinotnoir_6dpi_r01,lazazzara2018_cmp003,0.0,area_de_pico
lazazzara2018_exp2_pinotnoir_6dpi_r02,lazazzara2018_cmp003,0.0,area_de_pico
lazazzara2018_exp2_pinotnoir_6dpi_r03,lazazzara2018_cmp003,0.0,area_de_pico
lazazzara2018_exp2_pinotnoir_6dpi_r04,lazazzara2018_cmp003,0.0,area_de_pico
lazazzara2018_exp2_pinotnoir_6dpi_r05,lazazzara2018_cmp003,0.0,area_de_pico
lazazzara2018_exp1_bc4_0dpi_r01,lazazzara2018_cmp003,0.0,area_de_pico
lazazzara2018_exp1_bc4_0dpi_r02,lazazzara2018_cmp003,0.0,area_de_pico
lazazzara2018_exp1_bc4_0dpi_r03,lazazzara2018_cmp003,0.0,area_de_pico
lazazzara2018_exp1_bc4_0dpi_r04,lazazzara2018_cmp003,0.0,area_de_pico
lazazzara2018_exp1_bc4_0dpi_r05,lazazzara2018_cmp003,0.0,area_de_pico
lazazzara2018_exp2_bc4_0dpi_r01,lazazzara2018_cmp003,0.0,area_de_pico
lazazzara2018_exp2_bc4_0dpi_r02,lazazzara2018_cmp003,0.0,area_de_pico
lazazzara2018_exp2_bc4_0dpi_r03,lazazzara2018_cmp003,0.0,area_de_pico
lazazzara2018_exp2_bc4_0dpi_r04,lazazzara2018_cmp003,0.0,area_de_pico
lazazzara2018_exp2_bc4_0dpi_r05,lazazzara2018_cmp003,0.0,area_de_pico
lazazzara2018_exp1_bc4_6dpi_r01,lazazzara2018_cmp003,104832.013191837,area_de_pico
lazazzara2018_exp1_bc4_6dpi_r02,lazazzara2018_cmp003,164701.280494162,area_de_pico
lazazzara2018_exp1_bc4_6dpi_r03,lazazzara2018_cmp003,127989.898034968,area_de_pico
lazazzara2018_exp1_bc4_6dpi_r04,lazazzara2018_cmp003,639406.79362666,area_de_pico
lazazzara2018_exp1_bc4_6dpi_r05,lazazzara2018_cmp003,76565.328769265,area_de_pico
lazazzara2018_exp2_bc4_6dpi_r01,lazazzara2018_cmp003,0.0,area_de_pico
lazazzara2018_exp2_bc4_6dpi_r02,lazazzara2018_cmp003,0.0,area_de_pico
lazazzara2018_exp2_bc4_6dpi_r03,lazazzara2018_cmp003,0.0,area_de_pico
lazazzara2018_exp2_bc4_6dpi_r04,lazazzara2018_cmp003,0.0,area_de_pico
lazazzara2018_exp2_bc4_6dpi_r05,lazazzara2018_cmp003,0.0,area_de_pico
lazazzara2018_exp1_k5bb_0dpi_r01,lazazzara2018_cmp003,7604.84142117,area_de_pico
lazazzara2018_exp1_k5bb_0dpi_r02,lazazzara2018_cmp003,0.0,area_de_pico
lazazzara2018_exp1_k5bb_0dpi_r03,lazazzara2018_cmp003,0.0,area_de_pico
lazazzara2018_exp1_k5bb_0dpi_r04,lazazzara2018_cmp003,0.0,area_de_pico
lazazzara2018_exp1_k5bb_0dpi_r05,lazazzara2018_cmp003,0.0,area_de_pico
lazazzara2018_exp2_k5bb_0dpi_r01,lazazzara2018_cmp003,0.0,area_de_pico
lazazzara2018_exp2_k5bb_0dpi_r02,lazazzara2018_cmp003,0.0,area_de_pico
lazazzara2018_exp2_k5bb_0dpi_r03,lazazzara2018_cmp003,0.0,area_de_pico
lazazzara2018_exp2_k5bb_0dpi_r04,lazazzara2018_cmp003,0.0,area_de_pico
lazazzara2018_exp2_k5bb_0dpi_r05,lazazzara2018_cmp003,0.0,area_de_pico
lazazzara2018_exp1_k5bb_6dpi_r01,lazazzara2018_cmp003,17569.71677762,area_de_pico
lazazzara2018_exp1_k5bb_6dpi_r02,lazazzara2018_cmp003,30609.207636948,area_de_pico
lazazzara2018_exp1_k5bb_6dpi_r04,lazazzara2018_cmp003,52260.7991395016,area_de_pico
lazazzara2018_exp2_k5bb_6dpi_r01,lazazzara2018_cmp003,26366.5271499651,area_de_pico
lazazzara2018_exp2_k5bb_6dpi_r02,lazazzara2018_cmp003,52775.4975300446,area_de_pico
lazazzara2018_exp2_k5bb_6dpi_r03,lazazzara2018_cmp003,13790.767893989,area_de_pico
lazazzara2018_exp2_k5bb_6dpi_r04,lazazzara2018_cmp003,16704.423477912,area_de_pico
lazazzara2018_exp2_k5bb_6dpi_r05,lazazzara2018_cmp003,7874.264856344,area_de_pico
lazazzara2018_exp1_so4_0dpi_r01,lazazzara2018_cmp003,0.0,area_de_pico
lazazzara2018_exp1_so4_0dpi_r02,lazazzara2018_cmp003,0.0,area_de_pico
lazazzara2018_exp1_so4_0dpi_r03,lazazzara2018_cmp003,0.0,area_de_pico
lazazzara2018_exp1_so4_0dpi_r04,lazazzara2018_cmp003,0.0,area_de_pico
lazazzara2018_exp1_so4_0dpi_r05,lazazzara2018_cmp003,0.0,area_de_pico
lazazzara2018_exp2_so4_0dpi_r01,lazazzara2018_cmp003,0.0,area_de_pico
lazazzara2018_exp2_so4_0dpi_r02,lazazzara2018_cmp003,0.0,area_de_pico
lazazzara2018_exp2_so4_0dpi_r03,lazazzara2018_cmp003,0.0,area_de_pico
lazazzara2018_exp2_so4_0dpi_r04,lazazzara2018_cmp003,0.0,area_de_pico
lazazzara2018_exp2_so4_0dpi_r05,lazazzara2018_cmp003,0.0,area_de_pico
lazazzara2018_exp1_so4_6dpi_r01,lazazzara2018_cmp003,63436.8961725346,area_de_pico
lazazzara2018_exp1_so4_6dpi_r02,lazazzara2018_cmp003,39817.3184411374,area_de_pico
lazazzara2018_exp1_so4_6dpi_r03,lazazzara2018_cmp003,23448.089724048,area_de_pico
lazazzara2018_exp1_so4_6dpi_r04,lazazzara2018_cmp003,126908.026036703,area_de_pico
lazazzara2018_exp1_so4_6dpi_r05,lazazzara2018_cmp003,0.0,area_de_pico
lazazzara2018_exp2_so4_6dpi_r01,lazazzara2018_cmp003,0.0,area_de_pico
lazazzara2018_exp2_so4_6dpi_r02,lazazzara2018_cmp003,0.0,area_de_pico
lazazzara2018_exp2_so4_6dpi_r03,lazazzara2018_cmp003,0.0,area_de_pico
lazazzara2018_exp2_so4_6dpi_r04,lazazzara2018_cmp003,0.0,area_de_pico
lazazzara2018_exp2_so4_6dpi_r05,lazazzara2018_cmp003,0.0,area_de_pico
lazazzara2018_exp1_solaris_0dpi_r01,lazazzara2018_cmp003,0.0,area_de_pico
lazazzara2018_exp1_solaris_0dpi_r02,lazazzara2018_cmp003,18883.3967236832,area_de_pico
lazazzara2018_exp1_solaris_0dpi_r03,lazazzara2018_cmp003,0.0,area_de_pico
lazazzara2018_exp1_solaris_0dpi_r04,lazazzara2018_cmp003,0.0,area_de_pico
lazazzara2018_exp1_solaris_0dpi_r05,lazazzara2018_cmp003,0.0,area_de_pico
lazazzara2018_exp2_solaris_0dpi_r01,lazazzara2018_cmp003,0.0,area_de_pico
lazazzara2018_exp2_solaris_0dpi_r02,lazazzara2018_cmp003,0.0,area_de_pico
lazazzara2018_exp2_solaris_0dpi_r03,lazazzara2018_cmp003,0.0,area_de_pico
lazazzara2018_exp2_solaris_0dpi_r04,lazazzara2018_cmp003,0.0,area_de_pico
lazazzara2018_exp2_solaris_0dpi_r05,lazazzara2018_cmp003,0.0,area_de_pico
lazazzara2018_exp1_solaris_6dpi_r01,lazazzara2018_cmp003,0.0,area_de_pico
lazazzara2018_exp1_solaris_6dpi_r02,lazazzara2018_cmp003,0.0,area_de_pico
lazazzara2018_exp1_solaris_6dpi_r03,lazazzara2018_cmp003,51179.33844261,area_de_pico
lazazzara2018_exp1_solaris_6dpi_r04,lazazzara2018_cmp003,9370.486385208,area_de_pico
lazazzara2018_exp1_solaris_6dpi_r05,lazazzara2018_cmp003,62094.705403068,area_de_pico
lazazzara2018_exp2_solaris_6dpi_r01,lazazzara2018_cmp003,0.0,area_de_pico
lazazzara2018_exp2_solaris_6dpi_r02,lazazzara2018_cmp003,0.0,area_de_pico
lazazzara2018_exp2_solaris_6dpi_r03,lazazzara2018_cmp003,0.0,area_de_pico
lazazzara2018_exp2_solaris_6dpi_r04,lazazzara2018_cmp003,0.0,area_de_pico
lazazzara2018_exp2_solaris_6dpi_r05,lazazzara2018_cmp003,0.0,area_de_pico
lazazzara2018_exp1_pinotnoir_0dpi_r01,lazazzara2018_cmp004,105539.68142662,area_de_pico
lazazzara2018_exp1_pinotnoir_0dpi_r02,lazazzara2018_cmp004,8514.98625675,area_de_pico
lazazzara2018_exp1_pinotnoir_0dpi_r03,lazazzara2018_cmp004,65307.358030566,area_de_pico
lazazzara2018_exp1_pinotnoir_0dpi_r04,lazazzara2018_cmp004,84724.51285734,area_de_pico
lazazzara2018_exp1_pinotnoir_0dpi_r05,lazazzara2018_cmp004,13743.88530768,area_de_pico
lazazzara2018_exp2_pinotnoir_0dpi_r01,lazazzara2018_cmp004,17489.91307984,area_de_pico
lazazzara2018_exp2_pinotnoir_0dpi_r02,lazazzara2018_cmp004,75040.3510871939,area_de_pico
lazazzara2018_exp2_pinotnoir_0dpi_r03,lazazzara2018_cmp004,52801.608512932,area_de_pico
lazazzara2018_exp2_pinotnoir_0dpi_r04,lazazzara2018_cmp004,2068.40503328,area_de_pico
lazazzara2018_exp2_pinotnoir_0dpi_r05,lazazzara2018_cmp004,18273.643138365,area_de_pico
lazazzara2018_exp1_pinotnoir_6dpi_r01,lazazzara2018_cmp004,14827.0,area_de_pico
lazazzara2018_exp1_pinotnoir_6dpi_r02,lazazzara2018_cmp004,210542.0,area_de_pico
lazazzara2018_exp1_pinotnoir_6dpi_r03,lazazzara2018_cmp004,12226.0,area_de_pico
lazazzara2018_exp1_pinotnoir_6dpi_r04,lazazzara2018_cmp004,48018.0,area_de_pico
lazazzara2018_exp1_pinotnoir_6dpi_r05,lazazzara2018_cmp004,43522.0,area_de_pico
lazazzara2018_exp2_pinotnoir_6dpi_r01,lazazzara2018_cmp004,3229.62324081,area_de_pico
lazazzara2018_exp2_pinotnoir_6dpi_r02,lazazzara2018_cmp004,39071.129472001,area_de_pico
lazazzara2018_exp2_pinotnoir_6dpi_r03,lazazzara2018_cmp004,30378.17821916,area_de_pico
lazazzara2018_exp2_pinotnoir_6dpi_r04,lazazzara2018_cmp004,15498.4338411442,area_de_pico
lazazzara2018_exp2_pinotnoir_6dpi_r05,lazazzara2018_cmp004,45114.944033693,area_de_pico
lazazzara2018_exp1_bc4_0dpi_r01,lazazzara2018_cmp004,185539.92649256,area_de_pico
lazazzara2018_exp1_bc4_0dpi_r02,lazazzara2018_cmp004,203726.0,area_de_pico
lazazzara2018_exp1_bc4_0dpi_r03,lazazzara2018_cmp004,519420.482059006,area_de_pico
lazazzara2018_exp1_bc4_0dpi_r04,lazazzara2018_cmp004,23303.0,area_de_pico
lazazzara2018_exp1_bc4_0dpi_r05,lazazzara2018_cmp004,50220.16774613,area_de_pico
lazazzara2018_exp2_bc4_0dpi_r01,lazazzara2018_cmp004,67409.617653085,area_de_pico
lazazzara2018_exp2_bc4_0dpi_r02,lazazzara2018_cmp004,176849.620746031,area_de_pico
lazazzara2018_exp2_bc4_0dpi_r03,lazazzara2018_cmp004,43749.555449579,area_de_pico
lazazzara2018_exp2_bc4_0dpi_r04,lazazzara2018_cmp004,41825.204038689,area_de_pico
lazazzara2018_exp2_bc4_0dpi_r05,lazazzara2018_cmp004,206382.28650235,area_de_pico
lazazzara2018_exp1_bc4_6dpi_r01,lazazzara2018_cmp004,231175.0,area_de_pico
lazazzara2018_exp1_bc4_6dpi_r02,lazazzara2018_cmp004,409860.0,area_de_pico
lazazzara2018_exp1_bc4_6dpi_r03,lazazzara2018_cmp004,328833.0,area_de_pico
lazazzara2018_exp1_bc4_6dpi_r04,lazazzara2018_cmp004,1642372.0,area_de_pico
lazazzara2018_exp1_bc4_6dpi_r05,lazazzara2018_cmp004,1136228.82089334,area_de_pico
lazazzara2018_exp2_bc4_6dpi_r01,lazazzara2018_cmp004,148286.733900712,area_de_pico
lazazzara2018_exp2_bc4_6dpi_r02,lazazzara2018_cmp004,296171.485455264,area_de_pico
lazazzara2018_exp2_bc4_6dpi_r03,lazazzara2018_cmp004,348068.594502117,area_de_pico
lazazzara2018_exp2_bc4_6dpi_r04,lazazzara2018_cmp004,300582.246070389,area_de_pico
lazazzara2018_exp2_bc4_6dpi_r05,lazazzara2018_cmp004,384240.577308235,area_de_pico
lazazzara2018_exp1_k5bb_0dpi_r01,lazazzara2018_cmp004,491767.752141486,area_de_pico
lazazzara2018_exp1_k5bb_0dpi_r02,lazazzara2018_cmp004,309805.490553557,area_de_pico
lazazzara2018_exp1_k5bb_0dpi_r03,lazazzara2018_cmp004,338306.25861746,area_de_pico
lazazzara2018_exp1_k5bb_0dpi_r04,lazazzara2018_cmp004,78257.0,area_de_pico
lazazzara2018_exp1_k5bb_0dpi_r05,lazazzara2018_cmp004,464975.075584189,area_de_pico
lazazzara2018_exp2_k5bb_0dpi_r01,lazazzara2018_cmp004,167184.055248273,area_de_pico
lazazzara2018_exp2_k5bb_0dpi_r02,lazazzara2018_cmp004,82965.31291362,area_de_pico
lazazzara2018_exp2_k5bb_0dpi_r03,lazazzara2018_cmp004,47187.928425142,area_de_pico
lazazzara2018_exp2_k5bb_0dpi_r04,lazazzara2018_cmp004,295712.510301647,area_de_pico
lazazzara2018_exp2_k5bb_0dpi_r05,lazazzara2018_cmp004,132643.869888286,area_de_pico
lazazzara2018_exp1_k5bb_6dpi_r01,lazazzara2018_cmp004,443086.766689681,area_de_pico
lazazzara2018_exp1_k5bb_6dpi_r02,lazazzara2018_cmp004,574298.488116375,area_de_pico
lazazzara2018_exp1_k5bb_6dpi_r04,lazazzara2018_cmp004,1206459.29279702,area_de_pico
lazazzara2018_exp2_k5bb_6dpi_r01,lazazzara2018_cmp004,629450.209195748,area_de_pico
lazazzara2018_exp2_k5bb_6dpi_r02,lazazzara2018_cmp004,991246.29744032,area_de_pico
lazazzara2018_exp2_k5bb_6dpi_r03,lazazzara2018_cmp004,245838.51355021,area_de_pico
lazazzara2018_exp2_k5bb_6dpi_r04,lazazzara2018_cmp004,315961.854835852,area_de_pico
lazazzara2018_exp2_k5bb_6dpi_r05,lazazzara2018_cmp004,143876.544897492,area_de_pico
lazazzara2018_exp1_so4_0dpi_r01,lazazzara2018_cmp004,136262.556509876,area_de_pico
lazazzara2018_exp1_so4_0dpi_r02,lazazzara2018_cmp004,449374.904893699,area_de_pico
lazazzara2018_exp1_so4_0dpi_r03,lazazzara2018_cmp004,43242.0,area_de_pico
lazazzara2018_exp1_so4_0dpi_r04,lazazzara2018_cmp004,176169.41894131,area_de_pico
lazazzara2018_exp1_so4_0dpi_r05,lazazzara2018_cmp004,109935.40373315,area_de_pico
lazazzara2018_exp2_so4_0dpi_r01,lazazzara2018_cmp004,58715.235653945,area_de_pico
lazazzara2018_exp2_so4_0dpi_r02,lazazzara2018_cmp004,145929.073441352,area_de_pico
lazazzara2018_exp2_so4_0dpi_r03,lazazzara2018_cmp004,76507.701882546,area_de_pico
lazazzara2018_exp2_so4_0dpi_r04,lazazzara2018_cmp004,149404.349194955,area_de_pico
lazazzara2018_exp2_so4_0dpi_r05,lazazzara2018_cmp004,33516.09269182,area_de_pico
lazazzara2018_exp1_so4_6dpi_r01,lazazzara2018_cmp004,101681.0,area_de_pico
lazazzara2018_exp1_so4_6dpi_r02,lazazzara2018_cmp004,527961.490313782,area_de_pico
lazazzara2018_exp1_so4_6dpi_r03,lazazzara2018_cmp004,337415.173386832,area_de_pico
lazazzara2018_exp1_so4_6dpi_r04,lazazzara2018_cmp004,597388.0,area_de_pico
lazazzara2018_exp1_so4_6dpi_r05,lazazzara2018_cmp004,270699.35531984,area_de_pico
lazazzara2018_exp2_so4_6dpi_r01,lazazzara2018_cmp004,101081.979225606,area_de_pico
lazazzara2018_exp2_so4_6dpi_r02,lazazzara2018_cmp004,109717.936892868,area_de_pico
lazazzara2018_exp2_so4_6dpi_r03,lazazzara2018_cmp004,71777.921135585,area_de_pico
lazazzara2018_exp2_so4_6dpi_r04,lazazzara2018_cmp004,104399.379750255,area_de_pico
lazazzara2018_exp2_so4_6dpi_r05,lazazzara2018_cmp004,56648.61641348,area_de_pico
lazazzara2018_exp1_solaris_0dpi_r01,lazazzara2018_cmp004,193777.316617888,area_de_pico
lazazzara2018_exp1_solaris_0dpi_r02,lazazzara2018_cmp004,807177.0,area_de_pico
lazazzara2018_exp1_solaris_0dpi_r03,lazazzara2018_cmp004,86144.0,area_de_pico
lazazzara2018_exp1_solaris_0dpi_r04,lazazzara2018_cmp004,60936.36808364,area_de_pico
lazazzara2018_exp1_solaris_0dpi_r05,lazazzara2018_cmp004,15170.0,area_de_pico
lazazzara2018_exp2_solaris_0dpi_r01,lazazzara2018_cmp004,15998.705542958,area_de_pico
lazazzara2018_exp2_solaris_0dpi_r02,lazazzara2018_cmp004,50225.249953713,area_de_pico
lazazzara2018_exp2_solaris_0dpi_r03,lazazzara2018_cmp004,62140.606588556,area_de_pico
lazazzara2018_exp2_solaris_0dpi_r04,lazazzara2018_cmp004,88562.2433076484,area_de_pico
lazazzara2018_exp2_solaris_0dpi_r05,lazazzara2018_cmp004,88610.731105396,area_de_pico
lazazzara2018_exp1_solaris_6dpi_r01,lazazzara2018_cmp004,613576.0,area_de_pico
lazazzara2018_exp1_solaris_6dpi_r02,lazazzara2018_cmp004,756998.0,area_de_pico
lazazzara2018_exp1_solaris_6dpi_r03,lazazzara2018_cmp004,2853697.0,area_de_pico
lazazzara2018_exp1_solaris_6dpi_r04,lazazzara2018_cmp004,854099.0,area_de_pico
lazazzara2018_exp1_solaris_6dpi_r05,lazazzara2018_cmp004,5855992.0,area_de_pico
lazazzara2018_exp2_solaris_6dpi_r01,lazazzara2018_cmp004,109459.120351467,area_de_pico
lazazzara2018_exp2_solaris_6dpi_r02,lazazzara2018_cmp004,132987.710653318,area_de_pico
lazazzara2018_exp2_solaris_6dpi_r03,lazazzara2018_cmp004,74547.191682166,area_de_pico
lazazzara2018_exp2_solaris_6dpi_r04,lazazzara2018_cmp004,154903.771398314,area_de_pico
lazazzara2018_exp2_solaris_6dpi_r05,lazazzara2018_cmp004,231125.192808378,area_de_pico
lazazzara2018_exp1_pinotnoir_0dpi_r01,lazazzara2018_cmp005,13474.618162764,area_de_pico
lazazzara2018_exp1_pinotnoir_0dpi_r02,lazazzara2018_cmp005,8448.43519124,area_de_pico
lazazzara2018_exp1_pinotnoir_0dpi_r03,lazazzara2018_cmp005,13609.6860139102,area_de_pico
lazazzara2018_exp1_pinotnoir_0dpi_r04,lazazzara2018_cmp005,22650.5226363,area_de_pico
lazazzara2018_exp1_pinotnoir_0dpi_r05,lazazzara2018_cmp005,8459.328010329,area_de_pico
lazazzara2018_exp2_pinotnoir_0dpi_r01,lazazzara2018_cmp005,1716.781897433,area_de_pico
lazazzara2018_exp2_pinotnoir_0dpi_r02,lazazzara2018_cmp005,3072.065073244,area_de_pico
lazazzara2018_exp2_pinotnoir_0dpi_r03,lazazzara2018_cmp005,1808.429036267,area_de_pico
lazazzara2018_exp2_pinotnoir_0dpi_r04,lazazzara2018_cmp005,3866.252812543,area_de_pico
lazazzara2018_exp2_pinotnoir_0dpi_r05,lazazzara2018_cmp005,762.6783565435,area_de_pico
lazazzara2018_exp1_pinotnoir_6dpi_r01,lazazzara2018_cmp005,41052.620476727,area_de_pico
lazazzara2018_exp1_pinotnoir_6dpi_r02,lazazzara2018_cmp005,14484.0,area_de_pico
lazazzara2018_exp1_pinotnoir_6dpi_r03,lazazzara2018_cmp005,5256.60804752,area_de_pico
lazazzara2018_exp1_pinotnoir_6dpi_r04,lazazzara2018_cmp005,58112.0,area_de_pico
lazazzara2018_exp1_pinotnoir_6dpi_r05,lazazzara2018_cmp005,20939.656024302,area_de_pico
lazazzara2018_exp2_pinotnoir_6dpi_r01,lazazzara2018_cmp005,5566.336525776,area_de_pico
lazazzara2018_exp2_pinotnoir_6dpi_r02,lazazzara2018_cmp005,4553.0003063928,area_de_pico
lazazzara2018_exp2_pinotnoir_6dpi_r03,lazazzara2018_cmp005,5023.8845829149,area_de_pico
lazazzara2018_exp2_pinotnoir_6dpi_r04,lazazzara2018_cmp005,1830.015887453,area_de_pico
lazazzara2018_exp2_pinotnoir_6dpi_r05,lazazzara2018_cmp005,4418.5591340712,area_de_pico
lazazzara2018_exp1_bc4_0dpi_r01,lazazzara2018_cmp005,90382.818127721,area_de_pico
lazazzara2018_exp1_bc4_0dpi_r02,lazazzara2018_cmp005,27922.03230919,area_de_pico
lazazzara2018_exp1_bc4_0dpi_r03,lazazzara2018_cmp005,130027.86827905,area_de_pico
lazazzara2018_exp1_bc4_0dpi_r04,lazazzara2018_cmp005,14915.364777093,area_de_pico
lazazzara2018_exp1_bc4_0dpi_r05,lazazzara2018_cmp005,29991.24737572,area_de_pico
lazazzara2018_exp2_bc4_0dpi_r01,lazazzara2018_cmp005,7022.840064625,area_de_pico
lazazzara2018_exp2_bc4_0dpi_r02,lazazzara2018_cmp005,71668.564668457,area_de_pico
lazazzara2018_exp2_bc4_0dpi_r03,lazazzara2018_cmp005,12450.2716418236,area_de_pico
lazazzara2018_exp2_bc4_0dpi_r04,lazazzara2018_cmp005,6066.5396931617,area_de_pico
lazazzara2018_exp2_bc4_0dpi_r05,lazazzara2018_cmp005,3690.1472393403,area_de_pico
lazazzara2018_exp1_bc4_6dpi_r01,lazazzara2018_cmp005,1517269.26323797,area_de_pico
lazazzara2018_exp1_bc4_6dpi_r02,lazazzara2018_cmp005,2859816.07494725,area_de_pico
lazazzara2018_exp1_bc4_6dpi_r03,lazazzara2018_cmp005,1744785.76763126,area_de_pico
lazazzara2018_exp1_bc4_6dpi_r04,lazazzara2018_cmp005,14451044.7628934,area_de_pico
lazazzara2018_exp1_bc4_6dpi_r05,lazazzara2018_cmp005,909847.484729998,area_de_pico
lazazzara2018_exp2_bc4_6dpi_r01,lazazzara2018_cmp005,5076.6952555118,area_de_pico
lazazzara2018_exp2_bc4_6dpi_r02,lazazzara2018_cmp005,464328.991649598,area_de_pico
lazazzara2018_exp2_bc4_6dpi_r03,lazazzara2018_cmp005,307987.219906492,area_de_pico
lazazzara2018_exp2_bc4_6dpi_r04,lazazzara2018_cmp005,258789.229860009,area_de_pico
lazazzara2018_exp2_bc4_6dpi_r05,lazazzara2018_cmp005,329723.42708768,area_de_pico
lazazzara2018_exp1_k5bb_0dpi_r01,lazazzara2018_cmp005,247688.841323455,area_de_pico
lazazzara2018_exp1_k5bb_0dpi_r02,lazazzara2018_cmp005,9991.72161152,area_de_pico
lazazzara2018_exp1_k5bb_0dpi_r03,lazazzara2018_cmp005,192298.074404384,area_de_pico
lazazzara2018_exp1_k5bb_0dpi_r04,lazazzara2018_cmp005,55556.0,area_de_pico
lazazzara2018_exp1_k5bb_0dpi_r05,lazazzara2018_cmp005,97760.0,area_de_pico
lazazzara2018_exp2_k5bb_0dpi_r01,lazazzara2018_cmp005,37423.204034958,area_de_pico
lazazzara2018_exp2_k5bb_0dpi_r02,lazazzara2018_cmp005,24635.840456654,area_de_pico
lazazzara2018_exp2_k5bb_0dpi_r03,lazazzara2018_cmp005,1939.054753717,area_de_pico
lazazzara2018_exp2_k5bb_0dpi_r04,lazazzara2018_cmp005,70881.264259364,area_de_pico
lazazzara2018_exp2_k5bb_0dpi_r05,lazazzara2018_cmp005,26803.7892721585,area_de_pico
lazazzara2018_exp1_k5bb_6dpi_r01,lazazzara2018_cmp005,674845.670903854,area_de_pico
lazazzara2018_exp1_k5bb_6dpi_r02,lazazzara2018_cmp005,783262.131660678,area_de_pico
lazazzara2018_exp1_k5bb_6dpi_r04,lazazzara2018_cmp005,620814.0,area_de_pico
lazazzara2018_exp2_k5bb_6dpi_r01,lazazzara2018_cmp005,983177.218482846,area_de_pico
lazazzara2018_exp2_k5bb_6dpi_r02,lazazzara2018_cmp005,1484953.27830162,area_de_pico
lazazzara2018_exp2_k5bb_6dpi_r03,lazazzara2018_cmp005,332048.84679631,area_de_pico
lazazzara2018_exp2_k5bb_6dpi_r04,lazazzara2018_cmp005,592873.91563371,area_de_pico
lazazzara2018_exp2_k5bb_6dpi_r05,lazazzara2018_cmp005,206282.272545133,area_de_pico
lazazzara2018_exp1_so4_0dpi_r01,lazazzara2018_cmp005,26154.0,area_de_pico
lazazzara2018_exp1_so4_0dpi_r02,lazazzara2018_cmp005,134103.295250706,area_de_pico
lazazzara2018_exp1_so4_0dpi_r03,lazazzara2018_cmp005,88317.915816164,area_de_pico
lazazzara2018_exp1_so4_0dpi_r04,lazazzara2018_cmp005,53634.089226173,area_de_pico
lazazzara2018_exp1_so4_0dpi_r05,lazazzara2018_cmp005,37121.36953462,area_de_pico
lazazzara2018_exp2_so4_0dpi_r01,lazazzara2018_cmp005,19030.154056127,area_de_pico
lazazzara2018_exp2_so4_0dpi_r02,lazazzara2018_cmp005,6454.1569199598,area_de_pico
lazazzara2018_exp2_so4_0dpi_r03,lazazzara2018_cmp005,19569.7629681234,area_de_pico
lazazzara2018_exp2_so4_0dpi_r04,lazazzara2018_cmp005,41367.84370792,area_de_pico
lazazzara2018_exp2_so4_0dpi_r05,lazazzara2018_cmp005,11885.604747,area_de_pico
lazazzara2018_exp1_so4_6dpi_r01,lazazzara2018_cmp005,1940365.50209999,area_de_pico
lazazzara2018_exp1_so4_6dpi_r02,lazazzara2018_cmp005,1137932.15912491,area_de_pico
lazazzara2018_exp1_so4_6dpi_r03,lazazzara2018_cmp005,745411.716890475,area_de_pico
lazazzara2018_exp1_so4_6dpi_r04,lazazzara2018_cmp005,3018193.55616369,area_de_pico
lazazzara2018_exp1_so4_6dpi_r05,lazazzara2018_cmp005,504460.817755707,area_de_pico
lazazzara2018_exp2_so4_6dpi_r01,lazazzara2018_cmp005,79487.26282488,area_de_pico
lazazzara2018_exp2_so4_6dpi_r02,lazazzara2018_cmp005,31206.5297566536,area_de_pico
lazazzara2018_exp2_so4_6dpi_r03,lazazzara2018_cmp005,37735.22010599,area_de_pico
lazazzara2018_exp2_so4_6dpi_r04,lazazzara2018_cmp005,127694.226662176,area_de_pico
lazazzara2018_exp2_so4_6dpi_r05,lazazzara2018_cmp005,37409.31586177,area_de_pico
lazazzara2018_exp1_solaris_0dpi_r01,lazazzara2018_cmp005,23458.0,area_de_pico
lazazzara2018_exp1_solaris_0dpi_r02,lazazzara2018_cmp005,2456458.76453762,area_de_pico
lazazzara2018_exp1_solaris_0dpi_r03,lazazzara2018_cmp005,5579.2855997999995,area_de_pico
lazazzara2018_exp1_solaris_0dpi_r04,lazazzara2018_cmp005,25432.0,area_de_pico
lazazzara2018_exp1_solaris_0dpi_r05,lazazzara2018_cmp005,3214.058964922,area_de_pico
lazazzara2018_exp2_solaris_0dpi_r01,lazazzara2018_cmp005,2479.7076047177,area_de_pico
lazazzara2018_exp2_solaris_0dpi_r02,lazazzara2018_cmp005,6204.531465291,area_de_pico
lazazzara2018_exp2_solaris_0dpi_r03,lazazzara2018_cmp005,3123.588532862,area_de_pico
lazazzara2018_exp2_solaris_0dpi_r04,lazazzara2018_cmp005,3352.6325618212,area_de_pico
lazazzara2018_exp2_solaris_0dpi_r05,lazazzara2018_cmp005,1911.598393248,area_de_pico
lazazzara2018_exp1_solaris_6dpi_r01,lazazzara2018_cmp005,1426238.08324687,area_de_pico
lazazzara2018_exp1_solaris_6dpi_r02,lazazzara2018_cmp005,2605921.88045754,area_de_pico
lazazzara2018_exp1_solaris_6dpi_r03,lazazzara2018_cmp005,11248155.2035421,area_de_pico
lazazzara2018_exp1_solaris_6dpi_r04,lazazzara2018_cmp005,3022170.96696783,area_de_pico
lazazzara2018_exp1_solaris_6dpi_r05,lazazzara2018_cmp005,5991473.0,area_de_pico
lazazzara2018_exp2_solaris_6dpi_r01,lazazzara2018_cmp005,22046.748657984,area_de_pico
lazazzara2018_exp2_solaris_6dpi_r02,lazazzara2018_cmp005,54799.004825044,area_de_pico
lazazzara2018_exp2_solaris_6dpi_r03,lazazzara2018_cmp005,9107.9464967336,area_de_pico
lazazzara2018_exp2_solaris_6dpi_r04,lazazzara2018_cmp005,112694.937756446,area_de_pico
lazazzara2018_exp2_solaris_6dpi_r05,lazazzara2018_cmp005,264936.980099139,area_de_pico
lazazzara2018_exp1_pinotnoir_0dpi_r01,lazazzara2018_cmp006,27671.64196096,area_de_pico
lazazzara2018_exp1_pinotnoir_0dpi_r02,lazazzara2018_cmp006,16927.0,area_de_pico
lazazzara2018_exp1_pinotnoir_0dpi_r03,lazazzara2018_cmp006,110640.0,area_de_pico
lazazzara2018_exp1_pinotnoir_0dpi_r04,lazazzara2018_cmp006,57889.6185985,area_de_pico
lazazzara2018_exp1_pinotnoir_0dpi_r05,lazazzara2018_cmp006,37694.0,area_de_pico
lazazzara2018_exp2_pinotnoir_0dpi_r01,lazazzara2018_cmp006,1670.409711791,area_de_pico
lazazzara2018_exp2_pinotnoir_0dpi_r02,lazazzara2018_cmp006,555.66303002,area_de_pico
lazazzara2018_exp2_pinotnoir_0dpi_r03,lazazzara2018_cmp006,8829.66755104,area_de_pico
lazazzara2018_exp2_pinotnoir_0dpi_r04,lazazzara2018_cmp006,3326.772403364,area_de_pico
lazazzara2018_exp2_pinotnoir_0dpi_r05,lazazzara2018_cmp006,1473.074055248,area_de_pico
lazazzara2018_exp1_pinotnoir_6dpi_r01,lazazzara2018_cmp006,12514.0,area_de_pico
lazazzara2018_exp1_pinotnoir_6dpi_r02,lazazzara2018_cmp006,39358.449771072,area_de_pico
lazazzara2018_exp1_pinotnoir_6dpi_r03,lazazzara2018_cmp006,7556.99528395,area_de_pico
lazazzara2018_exp1_pinotnoir_6dpi_r04,lazazzara2018_cmp006,14056.556017372,area_de_pico
lazazzara2018_exp1_pinotnoir_6dpi_r05,lazazzara2018_cmp006,8157.0,area_de_pico
lazazzara2018_exp2_pinotnoir_6dpi_r01,lazazzara2018_cmp006,2349.861846799,area_de_pico
lazazzara2018_exp2_pinotnoir_6dpi_r02,lazazzara2018_cmp006,5088.84750088,area_de_pico
lazazzara2018_exp2_pinotnoir_6dpi_r03,lazazzara2018_cmp006,4963.119342682,area_de_pico
lazazzara2018_exp2_pinotnoir_6dpi_r04,lazazzara2018_cmp006,263.1127832156,area_de_pico
lazazzara2018_exp2_pinotnoir_6dpi_r05,lazazzara2018_cmp006,4440.16055941,area_de_pico
lazazzara2018_exp1_bc4_0dpi_r01,lazazzara2018_cmp006,32276.0,area_de_pico
lazazzara2018_exp1_bc4_0dpi_r02,lazazzara2018_cmp006,57135.0,area_de_pico
lazazzara2018_exp1_bc4_0dpi_r03,lazazzara2018_cmp006,31146.0,area_de_pico
lazazzara2018_exp1_bc4_0dpi_r04,lazazzara2018_cmp006,12230.7906224,area_de_pico
lazazzara2018_exp1_bc4_0dpi_r05,lazazzara2018_cmp006,7783.0,area_de_pico
lazazzara2018_exp2_bc4_0dpi_r01,lazazzara2018_cmp006,7290.870640102,area_de_pico
lazazzara2018_exp2_bc4_0dpi_r02,lazazzara2018_cmp006,10482.769672931,area_de_pico
lazazzara2018_exp2_bc4_0dpi_r03,lazazzara2018_cmp006,5666.75371435,area_de_pico
lazazzara2018_exp2_bc4_0dpi_r04,lazazzara2018_cmp006,5815.785124793,area_de_pico
lazazzara2018_exp2_bc4_0dpi_r05,lazazzara2018_cmp006,18954.863729903,area_de_pico
lazazzara2018_exp1_bc4_6dpi_r01,lazazzara2018_cmp006,464512.183183148,area_de_pico
lazazzara2018_exp1_bc4_6dpi_r02,lazazzara2018_cmp006,852902.275794832,area_de_pico
lazazzara2018_exp1_bc4_6dpi_r03,lazazzara2018_cmp006,567688.91431326,area_de_pico
lazazzara2018_exp1_bc4_6dpi_r04,lazazzara2018_cmp006,3769795.59834663,area_de_pico
lazazzara2018_exp1_bc4_6dpi_r05,lazazzara2018_cmp006,288393.257229632,area_de_pico
lazazzara2018_exp2_bc4_6dpi_r01,lazazzara2018_cmp006,10914.572325016,area_de_pico
lazazzara2018_exp2_bc4_6dpi_r02,lazazzara2018_cmp006,49737.718669267,area_de_pico
lazazzara2018_exp2_bc4_6dpi_r03,lazazzara2018_cmp006,30751.179646495,area_de_pico
lazazzara2018_exp2_bc4_6dpi_r04,lazazzara2018_cmp006,31383.28546667,area_de_pico
lazazzara2018_exp2_bc4_6dpi_r05,lazazzara2018_cmp006,82992.436434533,area_de_pico
lazazzara2018_exp1_k5bb_0dpi_r01,lazazzara2018_cmp006,57118.0,area_de_pico
lazazzara2018_exp1_k5bb_0dpi_r02,lazazzara2018_cmp006,53651.003085245,area_de_pico
lazazzara2018_exp1_k5bb_0dpi_r03,lazazzara2018_cmp006,34101.875403196,area_de_pico
lazazzara2018_exp1_k5bb_0dpi_r04,lazazzara2018_cmp006,14525.0,area_de_pico
lazazzara2018_exp1_k5bb_0dpi_r05,lazazzara2018_cmp006,46745.614259539,area_de_pico
lazazzara2018_exp2_k5bb_0dpi_r01,lazazzara2018_cmp006,8131.513097262,area_de_pico
lazazzara2018_exp2_k5bb_0dpi_r02,lazazzara2018_cmp006,10937.98110623,area_de_pico
lazazzara2018_exp2_k5bb_0dpi_r03,lazazzara2018_cmp006,2353.335190644,area_de_pico
lazazzara2018_exp2_k5bb_0dpi_r04,lazazzara2018_cmp006,10817.006428236,area_de_pico
lazazzara2018_exp2_k5bb_0dpi_r05,lazazzara2018_cmp006,8956.49400658,area_de_pico
lazazzara2018_exp1_k5bb_6dpi_r01,lazazzara2018_cmp006,112248.706327665,area_de_pico
lazazzara2018_exp1_k5bb_6dpi_r02,lazazzara2018_cmp006,62373.78382318,area_de_pico
lazazzara2018_exp1_k5bb_6dpi_r04,lazazzara2018_cmp006,220864.725348982,area_de_pico
lazazzara2018_exp2_k5bb_6dpi_r01,lazazzara2018_cmp006,37824.17027331,area_de_pico
lazazzara2018_exp2_k5bb_6dpi_r02,lazazzara2018_cmp006,213891.075230389,area_de_pico
lazazzara2018_exp2_k5bb_6dpi_r03,lazazzara2018_cmp006,28884.926496654,area_de_pico
lazazzara2018_exp2_k5bb_6dpi_r04,lazazzara2018_cmp006,13879.99774624,area_de_pico
lazazzara2018_exp2_k5bb_6dpi_r05,lazazzara2018_cmp006,7428.3378579,area_de_pico
lazazzara2018_exp1_so4_0dpi_r01,lazazzara2018_cmp006,59242.0,area_de_pico
lazazzara2018_exp1_so4_0dpi_r02,lazazzara2018_cmp006,23787.76642843,area_de_pico
lazazzara2018_exp1_so4_0dpi_r03,lazazzara2018_cmp006,20514.79873036,area_de_pico
lazazzara2018_exp1_so4_0dpi_r04,lazazzara2018_cmp006,27104.0,area_de_pico
lazazzara2018_exp1_so4_0dpi_r05,lazazzara2018_cmp006,33255.950148828,area_de_pico
lazazzara2018_exp2_so4_0dpi_r01,lazazzara2018_cmp006,1054.39837356,area_de_pico
lazazzara2018_exp2_so4_0dpi_r02,lazazzara2018_cmp006,3369.091051342,area_de_pico
lazazzara2018_exp2_so4_0dpi_r03,lazazzara2018_cmp006,5158.663838025,area_de_pico
lazazzara2018_exp2_so4_0dpi_r04,lazazzara2018_cmp006,4297.9448652899,area_de_pico
lazazzara2018_exp2_so4_0dpi_r05,lazazzara2018_cmp006,1173.68122197,area_de_pico
lazazzara2018_exp1_so4_6dpi_r01,lazazzara2018_cmp006,203079.787154682,area_de_pico
lazazzara2018_exp1_so4_6dpi_r02,lazazzara2018_cmp006,139833.17893948,area_de_pico
lazazzara2018_exp1_so4_6dpi_r03,lazazzara2018_cmp006,88838.327431247,area_de_pico
lazazzara2018_exp1_so4_6dpi_r04,lazazzara2018_cmp006,284292.231699799,area_de_pico
lazazzara2018_exp1_so4_6dpi_r05,lazazzara2018_cmp006,56759.810383254,area_de_pico
lazazzara2018_exp2_so4_6dpi_r01,lazazzara2018_cmp006,9184.851264745,area_de_pico
lazazzara2018_exp2_so4_6dpi_r02,lazazzara2018_cmp006,2654.59128212,area_de_pico
lazazzara2018_exp2_so4_6dpi_r03,lazazzara2018_cmp006,5280.147592706,area_de_pico
lazazzara2018_exp2_so4_6dpi_r04,lazazzara2018_cmp006,8062.726716713,area_de_pico
lazazzara2018_exp2_so4_6dpi_r05,lazazzara2018_cmp006,2308.424227198,area_de_pico
lazazzara2018_exp1_solaris_0dpi_r01,lazazzara2018_cmp006,122725.0,area_de_pico
lazazzara2018_exp1_solaris_0dpi_r02,lazazzara2018_cmp006,953413.120472139,area_de_pico
lazazzara2018_exp1_solaris_0dpi_r03,lazazzara2018_cmp006,47974.071846975,area_de_pico
lazazzara2018_exp1_solaris_0dpi_r04,lazazzara2018_cmp006,16020.0,area_de_pico
lazazzara2018_exp1_solaris_0dpi_r05,lazazzara2018_cmp006,34271.0,area_de_pico
lazazzara2018_exp2_solaris_0dpi_r01,lazazzara2018_cmp006,1584.16724316,area_de_pico
lazazzara2018_exp2_solaris_0dpi_r02,lazazzara2018_cmp006,2491.683558994,area_de_pico
lazazzara2018_exp2_solaris_0dpi_r03,lazazzara2018_cmp006,3920.303089204,area_de_pico
lazazzara2018_exp2_solaris_0dpi_r04,lazazzara2018_cmp006,6395.9482752,area_de_pico
lazazzara2018_exp2_solaris_0dpi_r05,lazazzara2018_cmp006,4389.381339999,area_de_pico
lazazzara2018_exp1_solaris_6dpi_r01,lazazzara2018_cmp006,584430.420129441,area_de_pico
lazazzara2018_exp1_solaris_6dpi_r02,lazazzara2018_cmp006,979273.266058025,area_de_pico
lazazzara2018_exp1_solaris_6dpi_r03,lazazzara2018_cmp006,3687209.22601454,area_de_pico
lazazzara2018_exp1_solaris_6dpi_r04,lazazzara2018_cmp006,1080083.0884264,area_de_pico
lazazzara2018_exp1_solaris_6dpi_r05,lazazzara2018_cmp006,5543340.99507189,area_de_pico
lazazzara2018_exp2_solaris_6dpi_r01,lazazzara2018_cmp006,33626.217180876,area_de_pico
lazazzara2018_exp2_solaris_6dpi_r02,lazazzara2018_cmp006,23719.45492754,area_de_pico
lazazzara2018_exp2_solaris_6dpi_r03,lazazzara2018_cmp006,13276.52185722,area_de_pico
lazazzara2018_exp2_solaris_6dpi_r04,lazazzara2018_cmp006,48565.0,area_de_pico
lazazzara2018_exp2_solaris_6dpi_r05,lazazzara2018_cmp006,75965.348144464,area_de_pico
lazazzara2018_exp1_pinotnoir_0dpi_r01,lazazzara2018_cmp007,6773.443484808,area_de_pico
lazazzara2018_exp1_pinotnoir_0dpi_r02,lazazzara2018_cmp007,5278.0,area_de_pico
lazazzara2018_exp1_pinotnoir_0dpi_r03,lazazzara2018_cmp007,5220.427702766,area_de_pico
lazazzara2018_exp1_pinotnoir_0dpi_r04,lazazzara2018_cmp007,640.886715,area_de_pico
lazazzara2018_exp1_pinotnoir_0dpi_r05,lazazzara2018_cmp007,7499.560585973,area_de_pico
lazazzara2018_exp2_pinotnoir_0dpi_r01,lazazzara2018_cmp007,27569.049287106,area_de_pico
lazazzara2018_exp2_pinotnoir_0dpi_r02,lazazzara2018_cmp007,79320.63135236,area_de_pico
lazazzara2018_exp2_pinotnoir_0dpi_r03,lazazzara2018_cmp007,65710.068452143,area_de_pico
lazazzara2018_exp2_pinotnoir_0dpi_r04,lazazzara2018_cmp007,80550.771932004,area_de_pico
lazazzara2018_exp2_pinotnoir_0dpi_r05,lazazzara2018_cmp007,42655.074051455,area_de_pico
lazazzara2018_exp1_pinotnoir_6dpi_r01,lazazzara2018_cmp007,8316.411501455,area_de_pico
lazazzara2018_exp1_pinotnoir_6dpi_r02,lazazzara2018_cmp007,9286.0,area_de_pico
lazazzara2018_exp1_pinotnoir_6dpi_r03,lazazzara2018_cmp007,1027.2233902,area_de_pico
lazazzara2018_exp1_pinotnoir_6dpi_r04,lazazzara2018_cmp007,13040.87195368,area_de_pico
lazazzara2018_exp1_pinotnoir_6dpi_r05,lazazzara2018_cmp007,2074.13355315,area_de_pico
lazazzara2018_exp2_pinotnoir_6dpi_r01,lazazzara2018_cmp007,85513.035904656,area_de_pico
lazazzara2018_exp2_pinotnoir_6dpi_r02,lazazzara2018_cmp007,64580.227647456,area_de_pico
lazazzara2018_exp2_pinotnoir_6dpi_r03,lazazzara2018_cmp007,68079.074734131,area_de_pico
lazazzara2018_exp2_pinotnoir_6dpi_r04,lazazzara2018_cmp007,48711.049043312,area_de_pico
lazazzara2018_exp2_pinotnoir_6dpi_r05,lazazzara2018_cmp007,31517.822449710002,area_de_pico
lazazzara2018_exp1_bc4_0dpi_r01,lazazzara2018_cmp007,1316.179680984,area_de_pico
lazazzara2018_exp1_bc4_0dpi_r02,lazazzara2018_cmp007,2636.93834421,area_de_pico
lazazzara2018_exp1_bc4_0dpi_r03,lazazzara2018_cmp007,5791.00341651,area_de_pico
lazazzara2018_exp1_bc4_0dpi_r04,lazazzara2018_cmp007,6146.904159956,area_de_pico
lazazzara2018_exp1_bc4_0dpi_r05,lazazzara2018_cmp007,3879.186446214,area_de_pico
lazazzara2018_exp2_bc4_0dpi_r01,lazazzara2018_cmp007,44516.536856254,area_de_pico
lazazzara2018_exp2_bc4_0dpi_r02,lazazzara2018_cmp007,77065.01832143,area_de_pico
lazazzara2018_exp2_bc4_0dpi_r03,lazazzara2018_cmp007,46687.225503014,area_de_pico
lazazzara2018_exp2_bc4_0dpi_r04,lazazzara2018_cmp007,71616.104876743,area_de_pico
lazazzara2018_exp2_bc4_0dpi_r05,lazazzara2018_cmp007,129663.95437138,area_de_pico
lazazzara2018_exp1_bc4_6dpi_r01,lazazzara2018_cmp007,6584.898946635,area_de_pico
lazazzara2018_exp1_bc4_6dpi_r02,lazazzara2018_cmp007,5144.68600272,area_de_pico
lazazzara2018_exp1_bc4_6dpi_r03,lazazzara2018_cmp007,0.0,area_de_pico
lazazzara2018_exp1_bc4_6dpi_r04,lazazzara2018_cmp007,861.26716137,area_de_pico
lazazzara2018_exp1_bc4_6dpi_r05,lazazzara2018_cmp007,1637.86236334,area_de_pico
lazazzara2018_exp2_bc4_6dpi_r01,lazazzara2018_cmp007,117773.967916122,area_de_pico
lazazzara2018_exp2_bc4_6dpi_r02,lazazzara2018_cmp007,111104.697566285,area_de_pico
lazazzara2018_exp2_bc4_6dpi_r03,lazazzara2018_cmp007,167754.3192312,area_de_pico
lazazzara2018_exp2_bc4_6dpi_r04,lazazzara2018_cmp007,64968.498727318,area_de_pico
lazazzara2018_exp2_bc4_6dpi_r05,lazazzara2018_cmp007,118809.714801858,area_de_pico
lazazzara2018_exp1_k5bb_0dpi_r01,lazazzara2018_cmp007,68.5263744,area_de_pico
lazazzara2018_exp1_k5bb_0dpi_r02,lazazzara2018_cmp007,1174.264058147,area_de_pico
lazazzara2018_exp1_k5bb_0dpi_r03,lazazzara2018_cmp007,4934.0,area_de_pico
lazazzara2018_exp1_k5bb_0dpi_r04,lazazzara2018_cmp007,1213.54705961,area_de_pico
lazazzara2018_exp1_k5bb_0dpi_r05,lazazzara2018_cmp007,865.94187605,area_de_pico
lazazzara2018_exp2_k5bb_0dpi_r01,lazazzara2018_cmp007,55324.07493159,area_de_pico
lazazzara2018_exp2_k5bb_0dpi_r02,lazazzara2018_cmp007,75093.072083204,area_de_pico
lazazzara2018_exp2_k5bb_0dpi_r03,lazazzara2018_cmp007,54040.817250448,area_de_pico
lazazzara2018_exp2_k5bb_0dpi_r04,lazazzara2018_cmp007,79665.631453948,area_de_pico
lazazzara2018_exp2_k5bb_0dpi_r05,lazazzara2018_cmp007,44832.151278861,area_de_pico
lazazzara2018_exp1_k5bb_6dpi_r01,lazazzara2018_cmp007,8104.090802673,area_de_pico
lazazzara2018_exp1_k5bb_6dpi_r02,lazazzara2018_cmp007,3175.722815356,area_de_pico
lazazzara2018_exp1_k5bb_6dpi_r04,lazazzara2018_cmp007,4800.0,area_de_pico
lazazzara2018_exp2_k5bb_6dpi_r01,lazazzara2018_cmp007,73284.557271688,area_de_pico
lazazzara2018_exp2_k5bb_6dpi_r02,lazazzara2018_cmp007,91634.0914714,area_de_pico
lazazzara2018_exp2_k5bb_6dpi_r03,lazazzara2018_cmp007,55416.43468214,area_de_pico
lazazzara2018_exp2_k5bb_6dpi_r04,lazazzara2018_cmp007,43307.89637889,area_de_pico
lazazzara2018_exp2_k5bb_6dpi_r05,lazazzara2018_cmp007,79994.0096256,area_de_pico
lazazzara2018_exp1_so4_0dpi_r01,lazazzara2018_cmp007,787.433268618,area_de_pico
lazazzara2018_exp1_so4_0dpi_r02,lazazzara2018_cmp007,379.457654709,area_de_pico
lazazzara2018_exp1_so4_0dpi_r03,lazazzara2018_cmp007,661.56539748,area_de_pico
lazazzara2018_exp1_so4_0dpi_r04,lazazzara2018_cmp007,4182.048183624,area_de_pico
lazazzara2018_exp1_so4_0dpi_r05,lazazzara2018_cmp007,1710.14214195,area_de_pico
lazazzara2018_exp2_so4_0dpi_r01,lazazzara2018_cmp007,74123.788480589,area_de_pico
lazazzara2018_exp2_so4_0dpi_r02,lazazzara2018_cmp007,68126.676267949,area_de_pico
lazazzara2018_exp2_so4_0dpi_r03,lazazzara2018_cmp007,103141.453324806,area_de_pico
lazazzara2018_exp2_so4_0dpi_r04,lazazzara2018_cmp007,104439.595695204,area_de_pico
lazazzara2018_exp2_so4_0dpi_r05,lazazzara2018_cmp007,33740.2806132,area_de_pico
lazazzara2018_exp1_so4_6dpi_r01,lazazzara2018_cmp007,3827.92163471,area_de_pico
lazazzara2018_exp1_so4_6dpi_r02,lazazzara2018_cmp007,3135.597443615,area_de_pico
lazazzara2018_exp1_so4_6dpi_r03,lazazzara2018_cmp007,66.278684121,area_de_pico
lazazzara2018_exp1_so4_6dpi_r04,lazazzara2018_cmp007,515.04279408,area_de_pico
lazazzara2018_exp1_so4_6dpi_r05,lazazzara2018_cmp007,4984.52934525,area_de_pico
lazazzara2018_exp2_so4_6dpi_r01,lazazzara2018_cmp007,124492.62340519,area_de_pico
lazazzara2018_exp2_so4_6dpi_r02,lazazzara2018_cmp007,126773.469643953,area_de_pico
lazazzara2018_exp2_so4_6dpi_r03,lazazzara2018_cmp007,44590.641616114,area_de_pico
lazazzara2018_exp2_so4_6dpi_r04,lazazzara2018_cmp007,60522.575971645,area_de_pico
lazazzara2018_exp2_so4_6dpi_r05,lazazzara2018_cmp007,36561.772184046,area_de_pico
lazazzara2018_exp1_solaris_0dpi_r01,lazazzara2018_cmp007,2304.39671345,area_de_pico
lazazzara2018_exp1_solaris_0dpi_r02,lazazzara2018_cmp007,756.733286448,area_de_pico
lazazzara2018_exp1_solaris_0dpi_r03,lazazzara2018_cmp007,4843.06405613,area_de_pico
lazazzara2018_exp1_solaris_0dpi_r04,lazazzara2018_cmp007,6797.66167965,area_de_pico
lazazzara2018_exp1_solaris_0dpi_r05,lazazzara2018_cmp007,4537.182325548,area_de_pico
lazazzara2018_exp2_solaris_0dpi_r01,lazazzara2018_cmp007,503467.76696033,area_de_pico
lazazzara2018_exp2_solaris_0dpi_r02,lazazzara2018_cmp007,370776.328554736,area_de_pico
lazazzara2018_exp2_solaris_0dpi_r03,lazazzara2018_cmp007,483953.377172967,area_de_pico
lazazzara2018_exp2_solaris_0dpi_r04,lazazzara2018_cmp007,266101.091564886,area_de_pico
lazazzara2018_exp2_solaris_0dpi_r05,lazazzara2018_cmp007,578170.64063387,area_de_pico
lazazzara2018_exp1_solaris_6dpi_r01,lazazzara2018_cmp007,466.364716001,area_de_pico
lazazzara2018_exp1_solaris_6dpi_r02,lazazzara2018_cmp007,1281.52693874,area_de_pico
lazazzara2018_exp1_solaris_6dpi_r03,lazazzara2018_cmp007,3985.28700774,area_de_pico
lazazzara2018_exp1_solaris_6dpi_r04,lazazzara2018_cmp007,4209.352194261,area_de_pico
lazazzara2018_exp1_solaris_6dpi_r05,lazazzara2018_cmp007,1659.77478279,area_de_pico
lazazzara2018_exp2_solaris_6dpi_r01,lazazzara2018_cmp007,240684.554540494,area_de_pico
lazazzara2018_exp2_solaris_6dpi_r02,lazazzara2018_cmp007,563689.314156278,area_de_pico
lazazzara2018_exp2_solaris_6dpi_r03,lazazzara2018_cmp007,346305.469514871,area_de_pico
lazazzara2018_exp2_solaris_6dpi_r04,lazazzara2018_cmp007,449878.508424212,area_de_pico
lazazzara2018_exp2_solaris_6dpi_r05,lazazzara2018_cmp007,377432.786609778,area_de_pico
lazazzara2018_exp1_pinotnoir_0dpi_r01,lazazzara2018_cmp008,47524.11438045,area_de_pico
lazazzara2018_exp1_pinotnoir_0dpi_r02,lazazzara2018_cmp008,89703.0,area_de_pico
lazazzara2018_exp1_pinotnoir_0dpi_r03,lazazzara2018_cmp008,44096.0,area_de_pico
lazazzara2018_exp1_pinotnoir_0dpi_r04,lazazzara2018_cmp008,38952.0,area_de_pico
lazazzara2018_exp1_pinotnoir_0dpi_r05,lazazzara2018_cmp008,23682.0,area_de_pico
lazazzara2018_exp2_pinotnoir_0dpi_r01,lazazzara2018_cmp008,22380.89408121,area_de_pico
lazazzara2018_exp2_pinotnoir_0dpi_r02,lazazzara2018_cmp008,4907.733823766,area_de_pico
lazazzara2018_exp2_pinotnoir_0dpi_r03,lazazzara2018_cmp008,42023.060365332,area_de_pico
lazazzara2018_exp2_pinotnoir_0dpi_r04,lazazzara2018_cmp008,54894.12215359,area_de_pico
lazazzara2018_exp2_pinotnoir_0dpi_r05,lazazzara2018_cmp008,39162.926843618,area_de_pico
lazazzara2018_exp1_pinotnoir_6dpi_r01,lazazzara2018_cmp008,40279.0,area_de_pico
lazazzara2018_exp1_pinotnoir_6dpi_r02,lazazzara2018_cmp008,43117.0,area_de_pico
lazazzara2018_exp1_pinotnoir_6dpi_r03,lazazzara2018_cmp008,15051.0,area_de_pico
lazazzara2018_exp1_pinotnoir_6dpi_r04,lazazzara2018_cmp008,4689.0,area_de_pico
lazazzara2018_exp1_pinotnoir_6dpi_r05,lazazzara2018_cmp008,40308.49337023,area_de_pico
lazazzara2018_exp2_pinotnoir_6dpi_r01,lazazzara2018_cmp008,34938.73693434,area_de_pico
lazazzara2018_exp2_pinotnoir_6dpi_r02,lazazzara2018_cmp008,15492.059797064,area_de_pico
lazazzara2018_exp2_pinotnoir_6dpi_r03,lazazzara2018_cmp008,26110.58165585,area_de_pico
lazazzara2018_exp2_pinotnoir_6dpi_r04,lazazzara2018_cmp008,20037.96552168,area_de_pico
lazazzara2018_exp2_pinotnoir_6dpi_r05,lazazzara2018_cmp008,22762.20434125,area_de_pico
lazazzara2018_exp1_bc4_0dpi_r01,lazazzara2018_cmp008,41065.0,area_de_pico
lazazzara2018_exp1_bc4_0dpi_r02,lazazzara2018_cmp008,73294.0,area_de_pico
lazazzara2018_exp1_bc4_0dpi_r03,lazazzara2018_cmp008,74721.392264817,area_de_pico
lazazzara2018_exp1_bc4_0dpi_r04,lazazzara2018_cmp008,45737.0,area_de_pico
lazazzara2018_exp1_bc4_0dpi_r05,lazazzara2018_cmp008,24586.0,area_de_pico
lazazzara2018_exp2_bc4_0dpi_r01,lazazzara2018_cmp008,14809.461096784,area_de_pico
lazazzara2018_exp2_bc4_0dpi_r02,lazazzara2018_cmp008,26632.117997867,area_de_pico
lazazzara2018_exp2_bc4_0dpi_r03,lazazzara2018_cmp008,9089.76647123,area_de_pico
lazazzara2018_exp2_bc4_0dpi_r04,lazazzara2018_cmp008,23037.16006363,area_de_pico
lazazzara2018_exp2_bc4_0dpi_r05,lazazzara2018_cmp008,56122.211073622,area_de_pico
lazazzara2018_exp1_bc4_6dpi_r01,lazazzara2018_cmp008,6726.06059909,area_de_pico
lazazzara2018_exp1_bc4_6dpi_r02,lazazzara2018_cmp008,87379.0,area_de_pico
lazazzara2018_exp1_bc4_6dpi_r03,lazazzara2018_cmp008,9419.294874408,area_de_pico
lazazzara2018_exp1_bc4_6dpi_r04,lazazzara2018_cmp008,23754.0,area_de_pico
lazazzara2018_exp1_bc4_6dpi_r05,lazazzara2018_cmp008,11330.0,area_de_pico
lazazzara2018_exp2_bc4_6dpi_r01,lazazzara2018_cmp008,49200.33719387,area_de_pico
lazazzara2018_exp2_bc4_6dpi_r02,lazazzara2018_cmp008,32317.908311277,area_de_pico
lazazzara2018_exp2_bc4_6dpi_r03,lazazzara2018_cmp008,40456.475561768,area_de_pico
lazazzara2018_exp2_bc4_6dpi_r04,lazazzara2018_cmp008,16137.476918566,area_de_pico
lazazzara2018_exp2_bc4_6dpi_r05,lazazzara2018_cmp008,13542.097112527,area_de_pico
lazazzara2018_exp1_k5bb_0dpi_r01,lazazzara2018_cmp008,33966.0,area_de_pico
lazazzara2018_exp1_k5bb_0dpi_r02,lazazzara2018_cmp008,156912.40104567,area_de_pico
lazazzara2018_exp1_k5bb_0dpi_r03,lazazzara2018_cmp008,7117.0,area_de_pico
lazazzara2018_exp1_k5bb_0dpi_r04,lazazzara2018_cmp008,36701.0,area_de_pico
lazazzara2018_exp1_k5bb_0dpi_r05,lazazzara2018_cmp008,142555.13715386,area_de_pico
lazazzara2018_exp2_k5bb_0dpi_r01,lazazzara2018_cmp008,87464.915529621,area_de_pico
lazazzara2018_exp2_k5bb_0dpi_r02,lazazzara2018_cmp008,71091.059121203,area_de_pico
lazazzara2018_exp2_k5bb_0dpi_r03,lazazzara2018_cmp008,37790.280001626,area_de_pico
lazazzara2018_exp2_k5bb_0dpi_r04,lazazzara2018_cmp008,77637.685593416,area_de_pico
lazazzara2018_exp2_k5bb_0dpi_r05,lazazzara2018_cmp008,39534.08190108,area_de_pico
lazazzara2018_exp1_k5bb_6dpi_r01,lazazzara2018_cmp008,81381.74842442,area_de_pico
lazazzara2018_exp1_k5bb_6dpi_r02,lazazzara2018_cmp008,124556.739805548,area_de_pico
lazazzara2018_exp1_k5bb_6dpi_r04,lazazzara2018_cmp008,144981.77044161,area_de_pico
lazazzara2018_exp2_k5bb_6dpi_r01,lazazzara2018_cmp008,53536.456174538,area_de_pico
lazazzara2018_exp2_k5bb_6dpi_r02,lazazzara2018_cmp008,170476.812859532,area_de_pico
lazazzara2018_exp2_k5bb_6dpi_r03,lazazzara2018_cmp008,51513.685368864,area_de_pico
lazazzara2018_exp2_k5bb_6dpi_r04,lazazzara2018_cmp008,78086.23305559,area_de_pico
lazazzara2018_exp2_k5bb_6dpi_r05,lazazzara2018_cmp008,58032.709691555,area_de_pico
lazazzara2018_exp1_so4_0dpi_r01,lazazzara2018_cmp008,141500.968647506,area_de_pico
lazazzara2018_exp1_so4_0dpi_r02,lazazzara2018_cmp008,38298.0,area_de_pico
lazazzara2018_exp1_so4_0dpi_r03,lazazzara2018_cmp008,21107.0,area_de_pico
lazazzara2018_exp1_so4_0dpi_r04,lazazzara2018_cmp008,54220.0,area_de_pico
lazazzara2018_exp1_so4_0dpi_r05,lazazzara2018_cmp008,54097.0,area_de_pico
lazazzara2018_exp2_so4_0dpi_r01,lazazzara2018_cmp008,144113.916502115,area_de_pico
lazazzara2018_exp2_so4_0dpi_r02,lazazzara2018_cmp008,27027.413466289,area_de_pico
lazazzara2018_exp2_so4_0dpi_r03,lazazzara2018_cmp008,74089.132647357,area_de_pico
lazazzara2018_exp2_so4_0dpi_r04,lazazzara2018_cmp008,124848.238225563,area_de_pico
lazazzara2018_exp2_so4_0dpi_r05,lazazzara2018_cmp008,58937.568683702,area_de_pico
lazazzara2018_exp1_so4_6dpi_r01,lazazzara2018_cmp008,29787.39047986,area_de_pico
lazazzara2018_exp1_so4_6dpi_r02,lazazzara2018_cmp008,27201.91805754,area_de_pico
lazazzara2018_exp1_so4_6dpi_r03,lazazzara2018_cmp008,9368.0,area_de_pico
lazazzara2018_exp1_so4_6dpi_r04,lazazzara2018_cmp008,7555.0,area_de_pico
lazazzara2018_exp1_so4_6dpi_r05,lazazzara2018_cmp008,38964.0,area_de_pico
lazazzara2018_exp2_so4_6dpi_r01,lazazzara2018_cmp008,142194.926429515,area_de_pico
lazazzara2018_exp2_so4_6dpi_r02,lazazzara2018_cmp008,94367.700888212,area_de_pico
lazazzara2018_exp2_so4_6dpi_r03,lazazzara2018_cmp008,140941.722492252,area_de_pico
lazazzara2018_exp2_so4_6dpi_r04,lazazzara2018_cmp008,37223.80434501,area_de_pico
lazazzara2018_exp2_so4_6dpi_r05,lazazzara2018_cmp008,32105.484159239,area_de_pico
lazazzara2018_exp1_solaris_0dpi_r01,lazazzara2018_cmp008,52183.0,area_de_pico
lazazzara2018_exp1_solaris_0dpi_r02,lazazzara2018_cmp008,19330.0,area_de_pico
lazazzara2018_exp1_solaris_0dpi_r03,lazazzara2018_cmp008,44596.149851436,area_de_pico
lazazzara2018_exp1_solaris_0dpi_r04,lazazzara2018_cmp008,59562.573596392,area_de_pico
lazazzara2018_exp1_solaris_0dpi_r05,lazazzara2018_cmp008,110171.622427544,area_de_pico
lazazzara2018_exp2_solaris_0dpi_r01,lazazzara2018_cmp008,149434.12236821,area_de_pico
lazazzara2018_exp2_solaris_0dpi_r02,lazazzara2018_cmp008,110651.896545368,area_de_pico
lazazzara2018_exp2_solaris_0dpi_r03,lazazzara2018_cmp008,141325.881566653,area_de_pico
lazazzara2018_exp2_solaris_0dpi_r04,lazazzara2018_cmp008,82313.099991724,area_de_pico
lazazzara2018_exp2_solaris_0dpi_r05,lazazzara2018_cmp008,173661.64396556,area_de_pico
lazazzara2018_exp1_solaris_6dpi_r01,lazazzara2018_cmp008,39269.0,area_de_pico
lazazzara2018_exp1_solaris_6dpi_r02,lazazzara2018_cmp008,69383.776217923,area_de_pico
lazazzara2018_exp1_solaris_6dpi_r03,lazazzara2018_cmp008,75557.637189844,area_de_pico
lazazzara2018_exp1_solaris_6dpi_r04,lazazzara2018_cmp008,33557.0,area_de_pico
lazazzara2018_exp1_solaris_6dpi_r05,lazazzara2018_cmp008,109415.938562834,area_de_pico
lazazzara2018_exp2_solaris_6dpi_r01,lazazzara2018_cmp008,68455.28448841,area_de_pico
lazazzara2018_exp2_solaris_6dpi_r02,lazazzara2018_cmp008,143728.757156911,area_de_pico
lazazzara2018_exp2_solaris_6dpi_r03,lazazzara2018_cmp008,115964.261871587,area_de_pico
lazazzara2018_exp2_solaris_6dpi_r04,lazazzara2018_cmp008,137190.224392104,area_de_pico
lazazzara2018_exp2_solaris_6dpi_r05,lazazzara2018_cmp008,113374.466671938,area_de_pico
lazazzara2018_exp1_pinotnoir_0dpi_r01,lazazzara2018_cmp009,14377051.5248202,area_de_pico
lazazzara2018_exp1_pinotnoir_0dpi_r02,lazazzara2018_cmp009,2496365.73016142,area_de_pico
lazazzara2018_exp1_pinotnoir_0dpi_r03,lazazzara2018_cmp009,16223284.4622063,area_de_pico
lazazzara2018_exp1_pinotnoir_0dpi_r04,lazazzara2018_cmp009,6044912.71449096,area_de_pico
lazazzara2018_exp1_pinotnoir_0dpi_r05,lazazzara2018_cmp009,3632886.56780766,area_de_pico
lazazzara2018_exp2_pinotnoir_0dpi_r01,lazazzara2018_cmp009,2561138.51447241,area_de_pico
lazazzara2018_exp2_pinotnoir_0dpi_r02,lazazzara2018_cmp009,4588670.68222602,area_de_pico
lazazzara2018_exp2_pinotnoir_0dpi_r03,lazazzara2018_cmp009,3092544.01249814,area_de_pico
lazazzara2018_exp2_pinotnoir_0dpi_r04,lazazzara2018_cmp009,1114037.89826187,area_de_pico
lazazzara2018_exp2_pinotnoir_0dpi_r05,lazazzara2018_cmp009,1867741.3703726,area_de_pico
lazazzara2018_exp1_pinotnoir_6dpi_r01,lazazzara2018_cmp009,3872953.699833,area_de_pico
lazazzara2018_exp1_pinotnoir_6dpi_r02,lazazzara2018_cmp009,6589507.77740747,area_de_pico
lazazzara2018_exp1_pinotnoir_6dpi_r03,lazazzara2018_cmp009,2363727.91276582,area_de_pico
lazazzara2018_exp1_pinotnoir_6dpi_r04,lazazzara2018_cmp009,7604244.71784338,area_de_pico
lazazzara2018_exp1_pinotnoir_6dpi_r05,lazazzara2018_cmp009,3239206.25592208,area_de_pico
lazazzara2018_exp2_pinotnoir_6dpi_r01,lazazzara2018_cmp009,1587343.09890436,area_de_pico
lazazzara2018_exp2_pinotnoir_6dpi_r02,lazazzara2018_cmp009,4301265.28075205,area_de_pico
lazazzara2018_exp2_pinotnoir_6dpi_r03,lazazzara2018_cmp009,3579872.71127514,area_de_pico
lazazzara2018_exp2_pinotnoir_6dpi_r04,lazazzara2018_cmp009,3635766.11691711,area_de_pico
lazazzara2018_exp2_pinotnoir_6dpi_r05,lazazzara2018_cmp009,3276423.85742528,area_de_pico
lazazzara2018_exp1_bc4_0dpi_r01,lazazzara2018_cmp009,6542072.29703555,area_de_pico
lazazzara2018_exp1_bc4_0dpi_r02,lazazzara2018_cmp009,15402560.049821,area_de_pico
lazazzara2018_exp1_bc4_0dpi_r03,lazazzara2018_cmp009,9767724.09879606,area_de_pico
lazazzara2018_exp1_bc4_0dpi_r04,lazazzara2018_cmp009,3820394.64527075,area_de_pico
lazazzara2018_exp1_bc4_0dpi_r05,lazazzara2018_cmp009,4568412.74935366,area_de_pico
lazazzara2018_exp2_bc4_0dpi_r01,lazazzara2018_cmp009,2271350.2700641,area_de_pico
lazazzara2018_exp2_bc4_0dpi_r02,lazazzara2018_cmp009,7707856.04256304,area_de_pico
lazazzara2018_exp2_bc4_0dpi_r03,lazazzara2018_cmp009,3409998.18154597,area_de_pico
lazazzara2018_exp2_bc4_0dpi_r04,lazazzara2018_cmp009,5682281.51082292,area_de_pico
lazazzara2018_exp2_bc4_0dpi_r05,lazazzara2018_cmp009,7147273.9931934,area_de_pico
lazazzara2018_exp1_bc4_6dpi_r01,lazazzara2018_cmp009,7841670.99582314,area_de_pico
lazazzara2018_exp1_bc4_6dpi_r02,lazazzara2018_cmp009,8282577.36169959,area_de_pico
lazazzara2018_exp1_bc4_6dpi_r03,lazazzara2018_cmp009,3984589.60289065,area_de_pico
lazazzara2018_exp1_bc4_6dpi_r04,lazazzara2018_cmp009,8991037.4438882,area_de_pico
lazazzara2018_exp1_bc4_6dpi_r05,lazazzara2018_cmp009,3446986.6767893,area_de_pico
lazazzara2018_exp2_bc4_6dpi_r01,lazazzara2018_cmp009,3689242.89001978,area_de_pico
lazazzara2018_exp2_bc4_6dpi_r02,lazazzara2018_cmp009,11584394.7801124,area_de_pico
lazazzara2018_exp2_bc4_6dpi_r03,lazazzara2018_cmp009,4512070.27482757,area_de_pico
lazazzara2018_exp2_bc4_6dpi_r04,lazazzara2018_cmp009,5869323.00445378,area_de_pico
lazazzara2018_exp2_bc4_6dpi_r05,lazazzara2018_cmp009,3480062.59506467,area_de_pico
lazazzara2018_exp1_k5bb_0dpi_r01,lazazzara2018_cmp009,9985100.10396628,area_de_pico
lazazzara2018_exp1_k5bb_0dpi_r02,lazazzara2018_cmp009,11389396.0490087,area_de_pico
lazazzara2018_exp1_k5bb_0dpi_r03,lazazzara2018_cmp009,8156660.64274406,area_de_pico
lazazzara2018_exp1_k5bb_0dpi_r04,lazazzara2018_cmp009,4946033.18361508,area_de_pico
lazazzara2018_exp1_k5bb_0dpi_r05,lazazzara2018_cmp009,13044927.3517794,area_de_pico
lazazzara2018_exp2_k5bb_0dpi_r01,lazazzara2018_cmp009,6168188.66817508,area_de_pico
lazazzara2018_exp2_k5bb_0dpi_r02,lazazzara2018_cmp009,8240736.81670826,area_de_pico
lazazzara2018_exp2_k5bb_0dpi_r03,lazazzara2018_cmp009,3626355.30053509,area_de_pico
lazazzara2018_exp2_k5bb_0dpi_r04,lazazzara2018_cmp009,11631006.0078568,area_de_pico
lazazzara2018_exp2_k5bb_0dpi_r05,lazazzara2018_cmp009,5479397.13808734,area_de_pico
lazazzara2018_exp1_k5bb_6dpi_r01,lazazzara2018_cmp009,8904875.33981852,area_de_pico
lazazzara2018_exp1_k5bb_6dpi_r02,lazazzara2018_cmp009,9577978.45320129,area_de_pico
lazazzara2018_exp1_k5bb_6dpi_r04,lazazzara2018_cmp009,9998464.29299085,area_de_pico
lazazzara2018_exp2_k5bb_6dpi_r01,lazazzara2018_cmp009,5138294.718625,area_de_pico
lazazzara2018_exp2_k5bb_6dpi_r02,lazazzara2018_cmp009,14181812.6381227,area_de_pico
lazazzara2018_exp2_k5bb_6dpi_r03,lazazzara2018_cmp009,6641709.68641018,area_de_pico
lazazzara2018_exp2_k5bb_6dpi_r04,lazazzara2018_cmp009,5049555.81589956,area_de_pico
lazazzara2018_exp2_k5bb_6dpi_r05,lazazzara2018_cmp009,2989975.56136386,area_de_pico
lazazzara2018_exp1_so4_0dpi_r01,lazazzara2018_cmp009,7441764.38392446,area_de_pico
lazazzara2018_exp1_so4_0dpi_r02,lazazzara2018_cmp009,13967218.0964736,area_de_pico
lazazzara2018_exp1_so4_0dpi_r03,lazazzara2018_cmp009,7424734.28079529,area_de_pico
lazazzara2018_exp1_so4_0dpi_r04,lazazzara2018_cmp009,11384678.2044632,area_de_pico
lazazzara2018_exp1_so4_0dpi_r05,lazazzara2018_cmp009,11311489.14908,area_de_pico
lazazzara2018_exp2_so4_0dpi_r01,lazazzara2018_cmp009,5179166.93483954,area_de_pico
lazazzara2018_exp2_so4_0dpi_r02,lazazzara2018_cmp009,9199484.40671001,area_de_pico
lazazzara2018_exp2_so4_0dpi_r03,lazazzara2018_cmp009,4967812.88064612,area_de_pico
lazazzara2018_exp2_so4_0dpi_r04,lazazzara2018_cmp009,3349336.0385971,area_de_pico
lazazzara2018_exp2_so4_0dpi_r05,lazazzara2018_cmp009,3343671.23866339,area_de_pico
lazazzara2018_exp1_so4_6dpi_r01,lazazzara2018_cmp009,8886536.96166889,area_de_pico
lazazzara2018_exp1_so4_6dpi_r02,lazazzara2018_cmp009,13828167.6418284,area_de_pico
lazazzara2018_exp1_so4_6dpi_r03,lazazzara2018_cmp009,6547405.86046189,area_de_pico
lazazzara2018_exp1_so4_6dpi_r04,lazazzara2018_cmp009,4402210.50697368,area_de_pico
lazazzara2018_exp1_so4_6dpi_r05,lazazzara2018_cmp009,5770292.82221691,area_de_pico
lazazzara2018_exp2_so4_6dpi_r01,lazazzara2018_cmp009,2199163.16345587,area_de_pico
lazazzara2018_exp2_so4_6dpi_r02,lazazzara2018_cmp009,2816391.05039482,area_de_pico
lazazzara2018_exp2_so4_6dpi_r03,lazazzara2018_cmp009,1326724.2741216,area_de_pico
lazazzara2018_exp2_so4_6dpi_r04,lazazzara2018_cmp009,4947332.11603105,area_de_pico
lazazzara2018_exp2_so4_6dpi_r05,lazazzara2018_cmp009,893448.778784657,area_de_pico
lazazzara2018_exp1_solaris_0dpi_r01,lazazzara2018_cmp009,16633367.4184629,area_de_pico
lazazzara2018_exp1_solaris_0dpi_r02,lazazzara2018_cmp009,7650375.955778,area_de_pico
lazazzara2018_exp1_solaris_0dpi_r03,lazazzara2018_cmp009,11208147.6461682,area_de_pico
lazazzara2018_exp1_solaris_0dpi_r04,lazazzara2018_cmp009,9900393.00112361,area_de_pico
lazazzara2018_exp1_solaris_0dpi_r05,lazazzara2018_cmp009,7424880.81051671,area_de_pico
lazazzara2018_exp2_solaris_0dpi_r01,lazazzara2018_cmp009,3725086.234057,area_de_pico
lazazzara2018_exp2_solaris_0dpi_r02,lazazzara2018_cmp009,8780162.99325379,area_de_pico
lazazzara2018_exp2_solaris_0dpi_r03,lazazzara2018_cmp009,3445678.2261343,area_de_pico
lazazzara2018_exp2_solaris_0dpi_r04,lazazzara2018_cmp009,9822395.93156331,area_de_pico
lazazzara2018_exp2_solaris_0dpi_r05,lazazzara2018_cmp009,7774777.09820118,area_de_pico
lazazzara2018_exp1_solaris_6dpi_r01,lazazzara2018_cmp009,13250493.0505078,area_de_pico
lazazzara2018_exp1_solaris_6dpi_r02,lazazzara2018_cmp009,8499856.28602445,area_de_pico
lazazzara2018_exp1_solaris_6dpi_r03,lazazzara2018_cmp009,13297557.266411,area_de_pico
lazazzara2018_exp1_solaris_6dpi_r04,lazazzara2018_cmp009,8691283.1842586,area_de_pico
lazazzara2018_exp1_solaris_6dpi_r05,lazazzara2018_cmp009,15354185.4246021,area_de_pico
lazazzara2018_exp2_solaris_6dpi_r01,lazazzara2018_cmp009,10209473.7002917,area_de_pico
lazazzara2018_exp2_solaris_6dpi_r02,lazazzara2018_cmp009,15439694.9476907,area_de_pico
lazazzara2018_exp2_solaris_6dpi_r03,lazazzara2018_cmp009,7258838.22799777,area_de_pico
lazazzara2018_exp2_solaris_6dpi_r04,lazazzara2018_cmp009,9912596.52425674,area_de_pico
lazazzara2018_exp2_solaris_6dpi_r05,lazazzara2018_cmp009,10713115.2818544,area_de_pico
lazazzara2018_exp1_pinotnoir_0dpi_r01,lazazzara2018_cmp010,3511071.45245838,area_de_pico
lazazzara2018_exp1_pinotnoir_0dpi_r02,lazazzara2018_cmp010,810655.53201966,area_de_pico
lazazzara2018_exp1_pinotnoir_0dpi_r03,lazazzara2018_cmp010,3733008.74167083,area_de_pico
lazazzara2018_exp1_pinotnoir_0dpi_r04,lazazzara2018_cmp010,1507669.74500829,area_de_pico
lazazzara2018_exp1_pinotnoir_0dpi_r05,lazazzara2018_cmp010,988279.96377356,area_de_pico
lazazzara2018_exp2_pinotnoir_0dpi_r01,lazazzara2018_cmp010,522315.12622799,area_de_pico
lazazzara2018_exp2_pinotnoir_0dpi_r02,lazazzara2018_cmp010,935113.083584744,area_de_pico
lazazzara2018_exp2_pinotnoir_0dpi_r03,lazazzara2018_cmp010,756528.311735691,area_de_pico
lazazzara2018_exp2_pinotnoir_0dpi_r04,lazazzara2018_cmp010,329935.90460363,area_de_pico
lazazzara2018_exp2_pinotnoir_0dpi_r05,lazazzara2018_cmp010,436952.13389326,area_de_pico
lazazzara2018_exp1_pinotnoir_6dpi_r01,lazazzara2018_cmp010,1054263.37797626,area_de_pico
lazazzara2018_exp1_pinotnoir_6dpi_r02,lazazzara2018_cmp010,1616380.1773365,area_de_pico
lazazzara2018_exp1_pinotnoir_6dpi_r03,lazazzara2018_cmp010,869517.26310047,area_de_pico
lazazzara2018_exp1_pinotnoir_6dpi_r04,lazazzara2018_cmp010,2100167.4217548,area_de_pico
lazazzara2018_exp1_pinotnoir_6dpi_r05,lazazzara2018_cmp010,1025882.34849432,area_de_pico
lazazzara2018_exp2_pinotnoir_6dpi_r01,lazazzara2018_cmp010,594278.15105328,area_de_pico
lazazzara2018_exp2_pinotnoir_6dpi_r02,lazazzara2018_cmp010,793936.38247875,area_de_pico
lazazzara2018_exp2_pinotnoir_6dpi_r03,lazazzara2018_cmp010,744493.51329811,area_de_pico
lazazzara2018_exp2_pinotnoir_6dpi_r04,lazazzara2018_cmp010,761136.46986349,area_de_pico
lazazzara2018_exp2_pinotnoir_6dpi_r05,lazazzara2018_cmp010,639953.941414962,area_de_pico
lazazzara2018_exp1_bc4_0dpi_r01,lazazzara2018_cmp010,1814971.97613739,area_de_pico
lazazzara2018_exp1_bc4_0dpi_r02,lazazzara2018_cmp010,3338403.42624144,area_de_pico
lazazzara2018_exp1_bc4_0dpi_r03,lazazzara2018_cmp010,2019561.75177862,area_de_pico
lazazzara2018_exp1_bc4_0dpi_r04,lazazzara2018_cmp010,1243053.0167057,area_de_pico
lazazzara2018_exp1_bc4_0dpi_r05,lazazzara2018_cmp010,1113361.19335408,area_de_pico
lazazzara2018_exp2_bc4_0dpi_r01,lazazzara2018_cmp010,439567.217038202,area_de_pico
lazazzara2018_exp2_bc4_0dpi_r02,lazazzara2018_cmp010,1320404.68644623,area_de_pico
lazazzara2018_exp2_bc4_0dpi_r03,lazazzara2018_cmp010,630353.093208618,area_de_pico
lazazzara2018_exp2_bc4_0dpi_r04,lazazzara2018_cmp010,1007364.28141555,area_de_pico
lazazzara2018_exp2_bc4_0dpi_r05,lazazzara2018_cmp010,1310730.22367816,area_de_pico
lazazzara2018_exp1_bc4_6dpi_r01,lazazzara2018_cmp010,1868517.99258585,area_de_pico
lazazzara2018_exp1_bc4_6dpi_r02,lazazzara2018_cmp010,1791911.23185212,area_de_pico
lazazzara2018_exp1_bc4_6dpi_r03,lazazzara2018_cmp010,1040102.59691475,area_de_pico
lazazzara2018_exp1_bc4_6dpi_r04,lazazzara2018_cmp010,1711842.3291411,area_de_pico
lazazzara2018_exp1_bc4_6dpi_r05,lazazzara2018_cmp010,1046417.02409113,area_de_pico
lazazzara2018_exp2_bc4_6dpi_r01,lazazzara2018_cmp010,813803.120591415,area_de_pico
lazazzara2018_exp2_bc4_6dpi_r02,lazazzara2018_cmp010,1888975.02245076,area_de_pico
lazazzara2018_exp2_bc4_6dpi_r03,lazazzara2018_cmp010,986022.898943898,area_de_pico
lazazzara2018_exp2_bc4_6dpi_r04,lazazzara2018_cmp010,1034706.18803517,area_de_pico
lazazzara2018_exp2_bc4_6dpi_r05,lazazzara2018_cmp010,762871.81840139,area_de_pico
lazazzara2018_exp1_k5bb_0dpi_r01,lazazzara2018_cmp010,2308456.64471899,area_de_pico
lazazzara2018_exp1_k5bb_0dpi_r02,lazazzara2018_cmp010,2554225.14976961,area_de_pico
lazazzara2018_exp1_k5bb_0dpi_r03,lazazzara2018_cmp010,2065372.36665953,area_de_pico
lazazzara2018_exp1_k5bb_0dpi_r04,lazazzara2018_cmp010,1453383.59583809,area_de_pico
lazazzara2018_exp1_k5bb_0dpi_r05,lazazzara2018_cmp010,2705271.2983451,area_de_pico
lazazzara2018_exp2_k5bb_0dpi_r01,lazazzara2018_cmp010,1318273.90408204,area_de_pico
lazazzara2018_exp2_k5bb_0dpi_r02,lazazzara2018_cmp010,1591644.8457816,area_de_pico
lazazzara2018_exp2_k5bb_0dpi_r03,lazazzara2018_cmp010,780089.004565009,area_de_pico
lazazzara2018_exp2_k5bb_0dpi_r04,lazazzara2018_cmp010,1966457.76442219,area_de_pico
lazazzara2018_exp2_k5bb_0dpi_r05,lazazzara2018_cmp010,1058615.21474415,area_de_pico
lazazzara2018_exp1_k5bb_6dpi_r01,lazazzara2018_cmp010,1984841.37878471,area_de_pico
lazazzara2018_exp1_k5bb_6dpi_r02,lazazzara2018_cmp010,2213579.4850266,area_de_pico
lazazzara2018_exp1_k5bb_6dpi_r04,lazazzara2018_cmp010,2430100.6090024,area_de_pico
lazazzara2018_exp2_k5bb_6dpi_r01,lazazzara2018_cmp010,1003370.94471697,area_de_pico
lazazzara2018_exp2_k5bb_6dpi_r02,lazazzara2018_cmp010,2218326.87433967,area_de_pico
lazazzara2018_exp2_k5bb_6dpi_r03,lazazzara2018_cmp010,1151005.12854511,area_de_pico
lazazzara2018_exp2_k5bb_6dpi_r04,lazazzara2018_cmp010,1027998.77562096,area_de_pico
lazazzara2018_exp2_k5bb_6dpi_r05,lazazzara2018_cmp010,642317.312804766,area_de_pico
lazazzara2018_exp1_so4_0dpi_r01,lazazzara2018_cmp010,2170923.40752832,area_de_pico
lazazzara2018_exp1_so4_0dpi_r02,lazazzara2018_cmp010,3203511.49858766,area_de_pico
lazazzara2018_exp1_so4_0dpi_r03,lazazzara2018_cmp010,1919188.86087895,area_de_pico
lazazzara2018_exp1_so4_0dpi_r04,lazazzara2018_cmp010,2625538.39636006,area_de_pico
lazazzara2018_exp1_so4_0dpi_r05,lazazzara2018_cmp010,2531290.53971931,area_de_pico
lazazzara2018_exp2_so4_0dpi_r01,lazazzara2018_cmp010,1199877.78009659,area_de_pico
lazazzara2018_exp2_so4_0dpi_r02,lazazzara2018_cmp010,1580112.30987731,area_de_pico
lazazzara2018_exp2_so4_0dpi_r03,lazazzara2018_cmp010,972430.753590542,area_de_pico
lazazzara2018_exp2_so4_0dpi_r04,lazazzara2018_cmp010,677602.645880796,area_de_pico
lazazzara2018_exp2_so4_0dpi_r05,lazazzara2018_cmp010,679053.74534523,area_de_pico
lazazzara2018_exp1_so4_6dpi_r01,lazazzara2018_cmp010,2224481.0465312,area_de_pico
lazazzara2018_exp1_so4_6dpi_r02,lazazzara2018_cmp010,3082105.01193229,area_de_pico
lazazzara2018_exp1_so4_6dpi_r03,lazazzara2018_cmp010,1739943.95679189,area_de_pico
lazazzara2018_exp1_so4_6dpi_r04,lazazzara2018_cmp010,1309272.99621411,area_de_pico
lazazzara2018_exp1_so4_6dpi_r05,lazazzara2018_cmp010,1567356.34877014,area_de_pico
lazazzara2018_exp2_so4_6dpi_r01,lazazzara2018_cmp010,579830.65525167,area_de_pico
lazazzara2018_exp2_so4_6dpi_r02,lazazzara2018_cmp010,599712.946856013,area_de_pico
lazazzara2018_exp2_so4_6dpi_r03,lazazzara2018_cmp010,339438.63078309,area_de_pico
lazazzara2018_exp2_so4_6dpi_r04,lazazzara2018_cmp010,955138.45935581,area_de_pico
lazazzara2018_exp2_so4_6dpi_r05,lazazzara2018_cmp010,323441.185218476,area_de_pico
lazazzara2018_exp1_solaris_0dpi_r01,lazazzara2018_cmp010,3006499.27932138,area_de_pico
lazazzara2018_exp1_solaris_0dpi_r02,lazazzara2018_cmp010,1776028.44523472,area_de_pico
lazazzara2018_exp1_solaris_0dpi_r03,lazazzara2018_cmp010,2401926.68703232,area_de_pico
lazazzara2018_exp1_solaris_0dpi_r04,lazazzara2018_cmp010,2237775.63565292,area_de_pico
lazazzara2018_exp1_solaris_0dpi_r05,lazazzara2018_cmp010,1954254.6611947,area_de_pico
lazazzara2018_exp2_solaris_0dpi_r01,lazazzara2018_cmp010,840240.377955278,area_de_pico
lazazzara2018_exp2_solaris_0dpi_r02,lazazzara2018_cmp010,1763382.1987387,area_de_pico
lazazzara2018_exp2_solaris_0dpi_r03,lazazzara2018_cmp010,963273.437765796,area_de_pico
lazazzara2018_exp2_solaris_0dpi_r04,lazazzara2018_cmp010,1835821.15394409,area_de_pico
lazazzara2018_exp2_solaris_0dpi_r05,lazazzara2018_cmp010,1425432.58333367,area_de_pico
lazazzara2018_exp1_solaris_6dpi_r01,lazazzara2018_cmp010,2753678.70684963,area_de_pico
lazazzara2018_exp1_solaris_6dpi_r02,lazazzara2018_cmp010,1808771.17219824,area_de_pico
lazazzara2018_exp1_solaris_6dpi_r03,lazazzara2018_cmp010,2310908.42388343,area_de_pico
lazazzara2018_exp1_solaris_6dpi_r04,lazazzara2018_cmp010,2039296.31389214,area_de_pico
lazazzara2018_exp1_solaris_6dpi_r05,lazazzara2018_cmp010,2536759.5245126,area_de_pico
lazazzara2018_exp2_solaris_6dpi_r01,lazazzara2018_cmp010,1867073.43990124,area_de_pico
lazazzara2018_exp2_solaris_6dpi_r02,lazazzara2018_cmp010,2403840.48434375,area_de_pico
lazazzara2018_exp2_solaris_6dpi_r03,lazazzara2018_cmp010,1324818.19867243,area_de_pico
lazazzara2018_exp2_solaris_6dpi_r04,lazazzara2018_cmp010,2016855.96732977,area_de_pico
lazazzara2018_exp2_solaris_6dpi_r05,lazazzara2018_cmp010,1871175.75533716,area_de_pico
lazazzara2018_exp1_pinotnoir_0dpi_r01,lazazzara2018_cmp011,13630.002709662,area_de_pico
lazazzara2018_exp1_pinotnoir_0dpi_r02,lazazzara2018_cmp011,2008.0,area_de_pico
lazazzara2018_exp1_pinotnoir_0dpi_r03,lazazzara2018_cmp011,22123.0748602144,area_de_pico
lazazzara2018_exp1_pinotnoir_0dpi_r04,lazazzara2018_cmp011,6649.2129873858,area_de_pico
lazazzara2018_exp1_pinotnoir_0dpi_r05,lazazzara2018_cmp011,33101.307464764,area_de_pico
lazazzara2018_exp2_pinotnoir_0dpi_r01,lazazzara2018_cmp011,2589.6781559,area_de_pico
lazazzara2018_exp2_pinotnoir_0dpi_r02,lazazzara2018_cmp011,25601.2729180038,area_de_pico
lazazzara2018_exp2_pinotnoir_0dpi_r03,lazazzara2018_cmp011,1991.359971858,area_de_pico
lazazzara2018_exp2_pinotnoir_0dpi_r04,lazazzara2018_cmp011,6180.0,area_de_pico
lazazzara2018_exp2_pinotnoir_0dpi_r05,lazazzara2018_cmp011,674.942062704,area_de_pico
lazazzara2018_exp1_pinotnoir_6dpi_r01,lazazzara2018_cmp011,9409.196660955,area_de_pico
lazazzara2018_exp1_pinotnoir_6dpi_r02,lazazzara2018_cmp011,7874.176918332,area_de_pico
lazazzara2018_exp1_pinotnoir_6dpi_r03,lazazzara2018_cmp011,8945.0,area_de_pico
lazazzara2018_exp1_pinotnoir_6dpi_r04,lazazzara2018_cmp011,22619.0,area_de_pico
lazazzara2018_exp1_pinotnoir_6dpi_r05,lazazzara2018_cmp011,20660.984199191,area_de_pico
lazazzara2018_exp2_pinotnoir_6dpi_r01,lazazzara2018_cmp011,2557.2070435,area_de_pico
lazazzara2018_exp2_pinotnoir_6dpi_r02,lazazzara2018_cmp011,4086.237482082,area_de_pico
lazazzara2018_exp2_pinotnoir_6dpi_r03,lazazzara2018_cmp011,9964.10057352,area_de_pico
lazazzara2018_exp2_pinotnoir_6dpi_r04,lazazzara2018_cmp011,1285.20131865,area_de_pico
lazazzara2018_exp2_pinotnoir_6dpi_r05,lazazzara2018_cmp011,1487.48214602,area_de_pico
lazazzara2018_exp1_bc4_0dpi_r01,lazazzara2018_cmp011,13253.5265732378,area_de_pico
lazazzara2018_exp1_bc4_0dpi_r02,lazazzara2018_cmp011,20612.196697593,area_de_pico
lazazzara2018_exp1_bc4_0dpi_r03,lazazzara2018_cmp011,35206.7115459132,area_de_pico
lazazzara2018_exp1_bc4_0dpi_r04,lazazzara2018_cmp011,12875.937805048,area_de_pico
lazazzara2018_exp1_bc4_0dpi_r05,lazazzara2018_cmp011,30803.0,area_de_pico
lazazzara2018_exp2_bc4_0dpi_r01,lazazzara2018_cmp011,7569.713255282,area_de_pico
lazazzara2018_exp2_bc4_0dpi_r02,lazazzara2018_cmp011,9801.449102309,area_de_pico
lazazzara2018_exp2_bc4_0dpi_r03,lazazzara2018_cmp011,6634.0,area_de_pico
lazazzara2018_exp2_bc4_0dpi_r04,lazazzara2018_cmp011,15461.16270282,area_de_pico
lazazzara2018_exp2_bc4_0dpi_r05,lazazzara2018_cmp011,4405.55357983,area_de_pico
lazazzara2018_exp1_bc4_6dpi_r01,lazazzara2018_cmp011,75865.0,area_de_pico
lazazzara2018_exp1_bc4_6dpi_r02,lazazzara2018_cmp011,135421.0,area_de_pico
lazazzara2018_exp1_bc4_6dpi_r03,lazazzara2018_cmp011,120981.0,area_de_pico
lazazzara2018_exp1_bc4_6dpi_r04,lazazzara2018_cmp011,430400.0,area_de_pico
lazazzara2018_exp1_bc4_6dpi_r05,lazazzara2018_cmp011,78053.0,area_de_pico
lazazzara2018_exp2_bc4_6dpi_r01,lazazzara2018_cmp011,4637.16513864,area_de_pico
lazazzara2018_exp2_bc4_6dpi_r02,lazazzara2018_cmp011,10446.057256463,area_de_pico
lazazzara2018_exp2_bc4_6dpi_r03,lazazzara2018_cmp011,20936.43118009,area_de_pico
lazazzara2018_exp2_bc4_6dpi_r04,lazazzara2018_cmp011,8164.67903482,area_de_pico
lazazzara2018_exp2_bc4_6dpi_r05,lazazzara2018_cmp011,19498.533246534,area_de_pico
lazazzara2018_exp1_k5bb_0dpi_r01,lazazzara2018_cmp011,25886.6563155416,area_de_pico
lazazzara2018_exp1_k5bb_0dpi_r02,lazazzara2018_cmp011,61813.9748398715,area_de_pico
lazazzara2018_exp1_k5bb_0dpi_r03,lazazzara2018_cmp011,106701.685092426,area_de_pico
lazazzara2018_exp1_k5bb_0dpi_r04,lazazzara2018_cmp011,24005.3558664748,area_de_pico
lazazzara2018_exp1_k5bb_0dpi_r05,lazazzara2018_cmp011,20343.0,area_de_pico
lazazzara2018_exp2_k5bb_0dpi_r01,lazazzara2018_cmp011,43592.0,area_de_pico
lazazzara2018_exp2_k5bb_0dpi_r02,lazazzara2018_cmp011,15084.249996325,area_de_pico
lazazzara2018_exp2_k5bb_0dpi_r03,lazazzara2018_cmp011,7872.780381632,area_de_pico
lazazzara2018_exp2_k5bb_0dpi_r04,lazazzara2018_cmp011,14570.453048331,area_de_pico
lazazzara2018_exp2_k5bb_0dpi_r05,lazazzara2018_cmp011,20424.4333688432,area_de_pico
lazazzara2018_exp1_k5bb_6dpi_r01,lazazzara2018_cmp011,27292.0548908009,area_de_pico
lazazzara2018_exp1_k5bb_6dpi_r02,lazazzara2018_cmp011,119361.0,area_de_pico
lazazzara2018_exp1_k5bb_6dpi_r04,lazazzara2018_cmp011,192531.0,area_de_pico
lazazzara2018_exp2_k5bb_6dpi_r01,lazazzara2018_cmp011,11936.067844404,area_de_pico
lazazzara2018_exp2_k5bb_6dpi_r02,lazazzara2018_cmp011,28367.433653521,area_de_pico
lazazzara2018_exp2_k5bb_6dpi_r03,lazazzara2018_cmp011,12146.1599049732,area_de_pico
lazazzara2018_exp2_k5bb_6dpi_r04,lazazzara2018_cmp011,13911.610730698,area_de_pico
lazazzara2018_exp2_k5bb_6dpi_r05,lazazzara2018_cmp011,1881.9387862,area_de_pico
lazazzara2018_exp1_so4_0dpi_r01,lazazzara2018_cmp011,6094.9630141908,area_de_pico
lazazzara2018_exp1_so4_0dpi_r02,lazazzara2018_cmp011,35109.5635496749,area_de_pico
lazazzara2018_exp1_so4_0dpi_r03,lazazzara2018_cmp011,51065.107125753,area_de_pico
lazazzara2018_exp1_so4_0dpi_r04,lazazzara2018_cmp011,19590.5476829574,area_de_pico
lazazzara2018_exp1_so4_0dpi_r05,lazazzara2018_cmp011,10224.0438265552,area_de_pico
lazazzara2018_exp2_so4_0dpi_r01,lazazzara2018_cmp011,10443.560721902,area_de_pico
lazazzara2018_exp2_so4_0dpi_r02,lazazzara2018_cmp011,17427.6770116902,area_de_pico
lazazzara2018_exp2_so4_0dpi_r03,lazazzara2018_cmp011,10162.891300022,area_de_pico
lazazzara2018_exp2_so4_0dpi_r04,lazazzara2018_cmp011,7214.9620502725,area_de_pico
lazazzara2018_exp2_so4_0dpi_r05,lazazzara2018_cmp011,7330.090863348,area_de_pico
lazazzara2018_exp1_so4_6dpi_r01,lazazzara2018_cmp011,43449.142304847,area_de_pico
lazazzara2018_exp1_so4_6dpi_r02,lazazzara2018_cmp011,27491.514557928,area_de_pico
lazazzara2018_exp1_so4_6dpi_r03,lazazzara2018_cmp011,88183.0,area_de_pico
lazazzara2018_exp1_so4_6dpi_r04,lazazzara2018_cmp011,304850.783643011,area_de_pico
lazazzara2018_exp1_so4_6dpi_r05,lazazzara2018_cmp011,68680.8803449732,area_de_pico
lazazzara2018_exp2_so4_6dpi_r01,lazazzara2018_cmp011,4503.029800944,area_de_pico
lazazzara2018_exp2_so4_6dpi_r02,lazazzara2018_cmp011,1392.13781722,area_de_pico
lazazzara2018_exp2_so4_6dpi_r03,lazazzara2018_cmp011,727.0419435,area_de_pico
lazazzara2018_exp2_so4_6dpi_r04,lazazzara2018_cmp011,7837.277489206,area_de_pico
lazazzara2018_exp2_so4_6dpi_r05,lazazzara2018_cmp011,238.3112779,area_de_pico
lazazzara2018_exp1_solaris_0dpi_r01,lazazzara2018_cmp011,16198.6475110408,area_de_pico
lazazzara2018_exp1_solaris_0dpi_r02,lazazzara2018_cmp011,145220.0,area_de_pico
lazazzara2018_exp1_solaris_0dpi_r03,lazazzara2018_cmp011,16084.370882928,area_de_pico
lazazzara2018_exp1_solaris_0dpi_r04,lazazzara2018_cmp011,12078.144794292,area_de_pico
lazazzara2018_exp1_solaris_0dpi_r05,lazazzara2018_cmp011,6901.341495957,area_de_pico
lazazzara2018_exp2_solaris_0dpi_r01,lazazzara2018_cmp011,8969.584615069,area_de_pico
lazazzara2018_exp2_solaris_0dpi_r02,lazazzara2018_cmp011,16515.6956615201,area_de_pico
lazazzara2018_exp2_solaris_0dpi_r03,lazazzara2018_cmp011,4745.31619906,area_de_pico
lazazzara2018_exp2_solaris_0dpi_r04,lazazzara2018_cmp011,12108.78559242,area_de_pico
lazazzara2018_exp2_solaris_0dpi_r05,lazazzara2018_cmp011,41618.5259976416,area_de_pico
lazazzara2018_exp1_solaris_6dpi_r01,lazazzara2018_cmp011,137760.0,area_de_pico
lazazzara2018_exp1_solaris_6dpi_r02,lazazzara2018_cmp011,69726.0,area_de_pico
lazazzara2018_exp1_solaris_6dpi_r03,lazazzara2018_cmp011,609242.0,area_de_pico
lazazzara2018_exp1_solaris_6dpi_r04,lazazzara2018_cmp011,33036.0,area_de_pico
lazazzara2018_exp1_solaris_6dpi_r05,lazazzara2018_cmp011,509657.0,area_de_pico
lazazzara2018_exp2_solaris_6dpi_r01,lazazzara2018_cmp011,12310.853375287,area_de_pico
lazazzara2018_exp2_solaris_6dpi_r02,lazazzara2018_cmp011,18333.6598254596,area_de_pico
lazazzara2018_exp2_solaris_6dpi_r03,lazazzara2018_cmp011,8297.23645338,area_de_pico
lazazzara2018_exp2_solaris_6dpi_r04,lazazzara2018_cmp011,9770.123248396,area_de_pico
lazazzara2018_exp2_solaris_6dpi_r05,lazazzara2018_cmp011,9016.075319069,area_de_pico
lazazzara2018_exp1_pinotnoir_0dpi_r01,lazazzara2018_cmp012,201656.999179731,area_de_pico
lazazzara2018_exp1_pinotnoir_0dpi_r02,lazazzara2018_cmp012,115222.184217855,area_de_pico
lazazzara2018_exp1_pinotnoir_0dpi_r03,lazazzara2018_cmp012,179929.73553686,area_de_pico
lazazzara2018_exp1_pinotnoir_0dpi_r04,lazazzara2018_cmp012,185748.4032527,area_de_pico
lazazzara2018_exp1_pinotnoir_0dpi_r05,lazazzara2018_cmp012,174560.422940166,area_de_pico
lazazzara2018_exp2_pinotnoir_0dpi_r01,lazazzara2018_cmp012,6230.9879271,area_de_pico
lazazzara2018_exp2_pinotnoir_0dpi_r02,lazazzara2018_cmp012,1137.47543652,area_de_pico
lazazzara2018_exp2_pinotnoir_0dpi_r03,lazazzara2018_cmp012,2073.78810944,area_de_pico
lazazzara2018_exp2_pinotnoir_0dpi_r04,lazazzara2018_cmp012,20997.593080984,area_de_pico
lazazzara2018_exp2_pinotnoir_0dpi_r05,lazazzara2018_cmp012,11161.035083862,area_de_pico
lazazzara2018_exp1_pinotnoir_6dpi_r01,lazazzara2018_cmp012,14040.414798633,area_de_pico
lazazzara2018_exp1_pinotnoir_6dpi_r02,lazazzara2018_cmp012,1248.39263488,area_de_pico
lazazzara2018_exp1_pinotnoir_6dpi_r03,lazazzara2018_cmp012,47149.24065192,area_de_pico
lazazzara2018_exp1_pinotnoir_6dpi_r04,lazazzara2018_cmp012,7913.32742045,area_de_pico
lazazzara2018_exp1_pinotnoir_6dpi_r05,lazazzara2018_cmp012,127328.960290913,area_de_pico
lazazzara2018_exp2_pinotnoir_6dpi_r01,lazazzara2018_cmp012,11536.84179843,area_de_pico
lazazzara2018_exp2_pinotnoir_6dpi_r02,lazazzara2018_cmp012,3277.32764051841,area_de_pico
lazazzara2018_exp2_pinotnoir_6dpi_r03,lazazzara2018_cmp012,6928.215624806,area_de_pico
lazazzara2018_exp2_pinotnoir_6dpi_r04,lazazzara2018_cmp012,13609.453540992,area_de_pico
lazazzara2018_exp2_pinotnoir_6dpi_r05,lazazzara2018_cmp012,10226.7358026,area_de_pico
lazazzara2018_exp1_bc4_0dpi_r01,lazazzara2018_cmp012,140639.21253975,area_de_pico
lazazzara2018_exp1_bc4_0dpi_r02,lazazzara2018_cmp012,307.237125146,area_de_pico
lazazzara2018_exp1_bc4_0dpi_r03,lazazzara2018_cmp012,244676.365122435,area_de_pico
lazazzara2018_exp1_bc4_0dpi_r04,lazazzara2018_cmp012,136690.777946274,area_de_pico
lazazzara2018_exp1_bc4_0dpi_r05,lazazzara2018_cmp012,12155.66618305,area_de_pico
lazazzara2018_exp2_bc4_0dpi_r01,lazazzara2018_cmp012,8091.0123009,area_de_pico
lazazzara2018_exp2_bc4_0dpi_r02,lazazzara2018_cmp012,5576.77093095,area_de_pico
lazazzara2018_exp2_bc4_0dpi_r03,lazazzara2018_cmp012,5876.99107637,area_de_pico
lazazzara2018_exp2_bc4_0dpi_r04,lazazzara2018_cmp012,6087.397060038,area_de_pico
lazazzara2018_exp2_bc4_0dpi_r05,lazazzara2018_cmp012,16151.82350483,area_de_pico
lazazzara2018_exp1_bc4_6dpi_r01,lazazzara2018_cmp012,4178.75517057,area_de_pico
lazazzara2018_exp1_bc4_6dpi_r02,lazazzara2018_cmp012,1617.39136605,area_de_pico
lazazzara2018_exp1_bc4_6dpi_r03,lazazzara2018_cmp012,2448.906976632,area_de_pico
lazazzara2018_exp1_bc4_6dpi_r04,lazazzara2018_cmp012,2545.47472165,area_de_pico
lazazzara2018_exp1_bc4_6dpi_r05,lazazzara2018_cmp012,1350.91283693,area_de_pico
lazazzara2018_exp2_bc4_6dpi_r01,lazazzara2018_cmp012,27686.7046975369,area_de_pico
lazazzara2018_exp2_bc4_6dpi_r02,lazazzara2018_cmp012,46472.2345696826,area_de_pico
lazazzara2018_exp2_bc4_6dpi_r03,lazazzara2018_cmp012,23724.199073725,area_de_pico
lazazzara2018_exp2_bc4_6dpi_r04,lazazzara2018_cmp012,6269.73101614,area_de_pico
lazazzara2018_exp2_bc4_6dpi_r05,lazazzara2018_cmp012,14429.370270485,area_de_pico
lazazzara2018_exp1_k5bb_0dpi_r01,lazazzara2018_cmp012,143478.936914382,area_de_pico
lazazzara2018_exp1_k5bb_0dpi_r02,lazazzara2018_cmp012,114169.8790103,area_de_pico
lazazzara2018_exp1_k5bb_0dpi_r03,lazazzara2018_cmp012,119777.26607121,area_de_pico
lazazzara2018_exp1_k5bb_0dpi_r04,lazazzara2018_cmp012,190090.792383001,area_de_pico
lazazzara2018_exp1_k5bb_0dpi_r05,lazazzara2018_cmp012,148010.0168694,area_de_pico
lazazzara2018_exp2_k5bb_0dpi_r01,lazazzara2018_cmp012,10074.99574296,area_de_pico
lazazzara2018_exp2_k5bb_0dpi_r02,lazazzara2018_cmp012,26106.183090548,area_de_pico
lazazzara2018_exp2_k5bb_0dpi_r03,lazazzara2018_cmp012,2213.125104037,area_de_pico
lazazzara2018_exp2_k5bb_0dpi_r04,lazazzara2018_cmp012,24418.34360877,area_de_pico
lazazzara2018_exp2_k5bb_0dpi_r05,lazazzara2018_cmp012,17549.06063768,area_de_pico
lazazzara2018_exp1_k5bb_6dpi_r01,lazazzara2018_cmp012,115261.994708115,area_de_pico
lazazzara2018_exp1_k5bb_6dpi_r02,lazazzara2018_cmp012,132190.522265764,area_de_pico
lazazzara2018_exp1_k5bb_6dpi_r04,lazazzara2018_cmp012,14246.655213864,area_de_pico
lazazzara2018_exp2_k5bb_6dpi_r01,lazazzara2018_cmp012,28612.477380232,area_de_pico
lazazzara2018_exp2_k5bb_6dpi_r02,lazazzara2018_cmp012,16137.21564261,area_de_pico
lazazzara2018_exp2_k5bb_6dpi_r03,lazazzara2018_cmp012,33984.833140442,area_de_pico
lazazzara2018_exp2_k5bb_6dpi_r04,lazazzara2018_cmp012,6079.46312498,area_de_pico
lazazzara2018_exp2_k5bb_6dpi_r05,lazazzara2018_cmp012,25176.0050988948,area_de_pico
lazazzara2018_exp1_so4_0dpi_r01,lazazzara2018_cmp012,1461.0564017868,area_de_pico
lazazzara2018_exp1_so4_0dpi_r02,lazazzara2018_cmp012,1453.19630799,area_de_pico
lazazzara2018_exp1_so4_0dpi_r03,lazazzara2018_cmp012,98955.653375906,area_de_pico
lazazzara2018_exp1_so4_0dpi_r04,lazazzara2018_cmp012,189479.15593426,area_de_pico
lazazzara2018_exp1_so4_0dpi_r05,lazazzara2018_cmp012,441.7304562608,area_de_pico
lazazzara2018_exp2_so4_0dpi_r01,lazazzara2018_cmp012,44981.419984274,area_de_pico
lazazzara2018_exp2_so4_0dpi_r02,lazazzara2018_cmp012,3679.4273956,area_de_pico
lazazzara2018_exp2_so4_0dpi_r03,lazazzara2018_cmp012,29121.06959581,area_de_pico
lazazzara2018_exp2_so4_0dpi_r04,lazazzara2018_cmp012,23053.779765094,area_de_pico
lazazzara2018_exp2_so4_0dpi_r05,lazazzara2018_cmp012,4981.02039439,area_de_pico
lazazzara2018_exp1_so4_6dpi_r01,lazazzara2018_cmp012,79077.95988234,area_de_pico
lazazzara2018_exp1_so4_6dpi_r02,lazazzara2018_cmp012,163321.62630594,area_de_pico
lazazzara2018_exp1_so4_6dpi_r03,lazazzara2018_cmp012,154891.56797334,area_de_pico
lazazzara2018_exp1_so4_6dpi_r04,lazazzara2018_cmp012,2625.8826736701,area_de_pico
lazazzara2018_exp1_so4_6dpi_r05,lazazzara2018_cmp012,227321.18038851,area_de_pico
lazazzara2018_exp2_so4_6dpi_r01,lazazzara2018_cmp012,10626.592786138,area_de_pico
lazazzara2018_exp2_so4_6dpi_r02,lazazzara2018_cmp012,4973.87350602,area_de_pico
lazazzara2018_exp2_so4_6dpi_r03,lazazzara2018_cmp012,47650.8605764184,area_de_pico
lazazzara2018_exp2_so4_6dpi_r04,lazazzara2018_cmp012,12030.95159191,area_de_pico
lazazzara2018_exp2_so4_6dpi_r05,lazazzara2018_cmp012,49974.7234604908,area_de_pico
lazazzara2018_exp1_solaris_0dpi_r01,lazazzara2018_cmp012,6283.5596537034,area_de_pico
lazazzara2018_exp1_solaris_0dpi_r02,lazazzara2018_cmp012,4402.29498185,area_de_pico
lazazzara2018_exp1_solaris_0dpi_r03,lazazzara2018_cmp012,9890.9810520845,area_de_pico
lazazzara2018_exp1_solaris_0dpi_r04,lazazzara2018_cmp012,1468.39680192,area_de_pico
lazazzara2018_exp1_solaris_0dpi_r05,lazazzara2018_cmp012,2372.400439785,area_de_pico
lazazzara2018_exp2_solaris_0dpi_r01,lazazzara2018_cmp012,71748.547956728,area_de_pico
lazazzara2018_exp2_solaris_0dpi_r02,lazazzara2018_cmp012,38000.75698854,area_de_pico
lazazzara2018_exp2_solaris_0dpi_r03,lazazzara2018_cmp012,67811.21879569,area_de_pico
lazazzara2018_exp2_solaris_0dpi_r04,lazazzara2018_cmp012,35219.0369578,area_de_pico
lazazzara2018_exp2_solaris_0dpi_r05,lazazzara2018_cmp012,74713.312297875,area_de_pico
lazazzara2018_exp1_solaris_6dpi_r01,lazazzara2018_cmp012,208767.773254098,area_de_pico
lazazzara2018_exp1_solaris_6dpi_r02,lazazzara2018_cmp012,6394.4569416622,area_de_pico
lazazzara2018_exp1_solaris_6dpi_r03,lazazzara2018_cmp012,15742.0670090314,area_de_pico
lazazzara2018_exp1_solaris_6dpi_r04,lazazzara2018_cmp012,6741.119256526,area_de_pico
lazazzara2018_exp1_solaris_6dpi_r05,lazazzara2018_cmp012,10523.9258523,area_de_pico
lazazzara2018_exp2_solaris_6dpi_r01,lazazzara2018_cmp012,30359.738214014,area_de_pico
lazazzara2018_exp2_solaris_6dpi_r02,lazazzara2018_cmp012,55237.18273227,area_de_pico
lazazzara2018_exp2_solaris_6dpi_r03,lazazzara2018_cmp012,47377.42993711,area_de_pico
lazazzara2018_exp2_solaris_6dpi_r04,lazazzara2018_cmp012,71628.69937914,area_de_pico
lazazzara2018_exp2_solaris_6dpi_r05,lazazzara2018_cmp012,51367.241442614,area_de_pico
lazazzara2018_exp1_pinotnoir_0dpi_r01,lazazzara2018_cmp013,0.0,area_de_pico
lazazzara2018_exp1_pinotnoir_0dpi_r02,lazazzara2018_cmp013,0.0,area_de_pico
lazazzara2018_exp1_pinotnoir_0dpi_r03,lazazzara2018_cmp013,0.0,area_de_pico
lazazzara2018_exp1_pinotnoir_0dpi_r04,lazazzara2018_cmp013,0.0,area_de_pico
lazazzara2018_exp1_pinotnoir_0dpi_r05,lazazzara2018_cmp013,0.0,area_de_pico
lazazzara2018_exp2_pinotnoir_0dpi_r01,lazazzara2018_cmp013,0.0,area_de_pico
lazazzara2018_exp2_pinotnoir_0dpi_r02,lazazzara2018_cmp013,0.0,area_de_pico
lazazzara2018_exp2_pinotnoir_0dpi_r03,lazazzara2018_cmp013,0.0,area_de_pico
lazazzara2018_exp2_pinotnoir_0dpi_r04,lazazzara2018_cmp013,0.0,area_de_pico
lazazzara2018_exp2_pinotnoir_0dpi_r05,lazazzara2018_cmp013,0.0,area_de_pico
lazazzara2018_exp1_pinotnoir_6dpi_r01,lazazzara2018_cmp013,0.0,area_de_pico
lazazzara2018_exp1_pinotnoir_6dpi_r02,lazazzara2018_cmp013,0.0,area_de_pico
lazazzara2018_exp1_pinotnoir_6dpi_r03,lazazzara2018_cmp013,0.0,area_de_pico
lazazzara2018_exp1_pinotnoir_6dpi_r04,lazazzara2018_cmp013,0.0,area_de_pico
lazazzara2018_exp1_pinotnoir_6dpi_r05,lazazzara2018_cmp013,0.0,area_de_pico
lazazzara2018_exp2_pinotnoir_6dpi_r01,lazazzara2018_cmp013,0.0,area_de_pico
lazazzara2018_exp2_pinotnoir_6dpi_r02,lazazzara2018_cmp013,0.0,area_de_pico
lazazzara2018_exp2_pinotnoir_6dpi_r03,lazazzara2018_cmp013,0.0,area_de_pico
lazazzara2018_exp2_pinotnoir_6dpi_r04,lazazzara2018_cmp013,0.0,area_de_pico
lazazzara2018_exp2_pinotnoir_6dpi_r05,lazazzara2018_cmp013,0.0,area_de_pico
lazazzara2018_exp1_bc4_0dpi_r01,lazazzara2018_cmp013,0.0,area_de_pico
lazazzara2018_exp1_bc4_0dpi_r02,lazazzara2018_cmp013,0.0,area_de_pico
lazazzara2018_exp1_bc4_0dpi_r03,lazazzara2018_cmp013,0.0,area_de_pico
lazazzara2018_exp1_bc4_0dpi_r04,lazazzara2018_cmp013,0.0,area_de_pico
lazazzara2018_exp1_bc4_0dpi_r05,lazazzara2018_cmp013,0.0,area_de_pico
lazazzara2018_exp2_bc4_0dpi_r01,lazazzara2018_cmp013,0.0,area_de_pico
lazazzara2018_exp2_bc4_0dpi_r02,lazazzara2018_cmp013,0.0,area_de_pico
lazazzara2018_exp2_bc4_0dpi_r03,lazazzara2018_cmp013,0.0,area_de_pico
lazazzara2018_exp2_bc4_0dpi_r04,lazazzara2018_cmp013,0.0,area_de_pico
lazazzara2018_exp2_bc4_0dpi_r05,lazazzara2018_cmp013,0.0,area_de_pico
lazazzara2018_exp1_bc4_6dpi_r01,lazazzara2018_cmp013,205193.87833347,area_de_pico
lazazzara2018_exp1_bc4_6dpi_r02,lazazzara2018_cmp013,355351.59297189,area_de_pico
lazazzara2018_exp1_bc4_6dpi_r03,lazazzara2018_cmp013,191056.662604693,area_de_pico
lazazzara2018_exp1_bc4_6dpi_r04,lazazzara2018_cmp013,1650876.55170604,area_de_pico
lazazzara2018_exp1_bc4_6dpi_r05,lazazzara2018_cmp013,0.0,area_de_pico
lazazzara2018_exp2_bc4_6dpi_r01,lazazzara2018_cmp013,0.0,area_de_pico
lazazzara2018_exp2_bc4_6dpi_r02,lazazzara2018_cmp013,79450.84408105,area_de_pico
lazazzara2018_exp2_bc4_6dpi_r03,lazazzara2018_cmp013,37485.899310038,area_de_pico
lazazzara2018_exp2_bc4_6dpi_r04,lazazzara2018_cmp013,35437.49360236,area_de_pico
lazazzara2018_exp2_bc4_6dpi_r05,lazazzara2018_cmp013,40844.62051945,area_de_pico
lazazzara2018_exp1_k5bb_0dpi_r01,lazazzara2018_cmp013,0.0,area_de_pico
lazazzara2018_exp1_k5bb_0dpi_r02,lazazzara2018_cmp013,0.0,area_de_pico
lazazzara2018_exp1_k5bb_0dpi_r03,lazazzara2018_cmp013,0.0,area_de_pico
lazazzara2018_exp1_k5bb_0dpi_r04,lazazzara2018_cmp013,0.0,area_de_pico
lazazzara2018_exp1_k5bb_0dpi_r05,lazazzara2018_cmp013,0.0,area_de_pico
lazazzara2018_exp2_k5bb_0dpi_r01,lazazzara2018_cmp013,0.0,area_de_pico
lazazzara2018_exp2_k5bb_0dpi_r02,lazazzara2018_cmp013,0.0,area_de_pico
lazazzara2018_exp2_k5bb_0dpi_r03,lazazzara2018_cmp013,0.0,area_de_pico
lazazzara2018_exp2_k5bb_0dpi_r04,lazazzara2018_cmp013,0.0,area_de_pico
lazazzara2018_exp2_k5bb_0dpi_r05,lazazzara2018_cmp013,0.0,area_de_pico
lazazzara2018_exp1_k5bb_6dpi_r01,lazazzara2018_cmp013,0.0,area_de_pico
lazazzara2018_exp1_k5bb_6dpi_r02,lazazzara2018_cmp013,0.0,area_de_pico
lazazzara2018_exp1_k5bb_6dpi_r04,lazazzara2018_cmp013,38397.254566018,area_de_pico
lazazzara2018_exp2_k5bb_6dpi_r01,lazazzara2018_cmp013,0.0,area_de_pico
lazazzara2018_exp2_k5bb_6dpi_r02,lazazzara2018_cmp013,45623.035133251,area_de_pico
lazazzara2018_exp2_k5bb_6dpi_r03,lazazzara2018_cmp013,0.0,area_de_pico
lazazzara2018_exp2_k5bb_6dpi_r04,lazazzara2018_cmp013,0.0,area_de_pico
lazazzara2018_exp2_k5bb_6dpi_r05,lazazzara2018_cmp013,0.0,area_de_pico
lazazzara2018_exp1_so4_0dpi_r01,lazazzara2018_cmp013,0.0,area_de_pico
lazazzara2018_exp1_so4_0dpi_r02,lazazzara2018_cmp013,0.0,area_de_pico
lazazzara2018_exp1_so4_0dpi_r03,lazazzara2018_cmp013,0.0,area_de_pico
lazazzara2018_exp1_so4_0dpi_r04,lazazzara2018_cmp013,0.0,area_de_pico
lazazzara2018_exp1_so4_0dpi_r05,lazazzara2018_cmp013,0.0,area_de_pico
lazazzara2018_exp2_so4_0dpi_r01,lazazzara2018_cmp013,0.0,area_de_pico
lazazzara2018_exp2_so4_0dpi_r02,lazazzara2018_cmp013,0.0,area_de_pico
lazazzara2018_exp2_so4_0dpi_r03,lazazzara2018_cmp013,0.0,area_de_pico
lazazzara2018_exp2_so4_0dpi_r04,lazazzara2018_cmp013,0.0,area_de_pico
lazazzara2018_exp2_so4_0dpi_r05,lazazzara2018_cmp013,0.0,area_de_pico
lazazzara2018_exp1_so4_6dpi_r01,lazazzara2018_cmp013,5744.653018272,area_de_pico
lazazzara2018_exp1_so4_6dpi_r02,lazazzara2018_cmp013,0.0,area_de_pico
lazazzara2018_exp1_so4_6dpi_r03,lazazzara2018_cmp013,0.0,area_de_pico
lazazzara2018_exp1_so4_6dpi_r04,lazazzara2018_cmp013,0.0,area_de_pico
lazazzara2018_exp1_so4_6dpi_r05,lazazzara2018_cmp013,0.0,area_de_pico
lazazzara2018_exp2_so4_6dpi_r01,lazazzara2018_cmp013,0.0,area_de_pico
lazazzara2018_exp2_so4_6dpi_r02,lazazzara2018_cmp013,0.0,area_de_pico
lazazzara2018_exp2_so4_6dpi_r03,lazazzara2018_cmp013,0.0,area_de_pico
lazazzara2018_exp2_so4_6dpi_r04,lazazzara2018_cmp013,0.0,area_de_pico
lazazzara2018_exp2_so4_6dpi_r05,lazazzara2018_cmp013,0.0,area_de_pico
lazazzara2018_exp1_solaris_0dpi_r01,lazazzara2018_cmp013,0.0,area_de_pico
lazazzara2018_exp1_solaris_0dpi_r02,lazazzara2018_cmp013,77332.402126776,area_de_pico
lazazzara2018_exp1_solaris_0dpi_r03,lazazzara2018_cmp013,0.0,area_de_pico
lazazzara2018_exp1_solaris_0dpi_r04,lazazzara2018_cmp013,0.0,area_de_pico
lazazzara2018_exp1_solaris_0dpi_r05,lazazzara2018_cmp013,0.0,area_de_pico
lazazzara2018_exp2_solaris_0dpi_r01,lazazzara2018_cmp013,0.0,area_de_pico
lazazzara2018_exp2_solaris_0dpi_r02,lazazzara2018_cmp013,0.0,area_de_pico
lazazzara2018_exp2_solaris_0dpi_r03,lazazzara2018_cmp013,0.0,area_de_pico
lazazzara2018_exp2_solaris_0dpi_r04,lazazzara2018_cmp013,0.0,area_de_pico
lazazzara2018_exp2_solaris_0dpi_r05,lazazzara2018_cmp013,0.0,area_de_pico
lazazzara2018_exp1_solaris_6dpi_r01,lazazzara2018_cmp013,60242.97139041,area_de_pico
lazazzara2018_exp1_solaris_6dpi_r02,lazazzara2018_cmp013,72638.43073068,area_de_pico
lazazzara2018_exp1_solaris_6dpi_r03,lazazzara2018_cmp013,462071.888045164,area_de_pico
lazazzara2018_exp1_solaris_6dpi_r04,lazazzara2018_cmp013,168396.06263427,area_de_pico
lazazzara2018_exp1_solaris_6dpi_r05,lazazzara2018_cmp013,404808.641101175,area_de_pico
lazazzara2018_exp2_solaris_6dpi_r01,lazazzara2018_cmp013,0.0,area_de_pico
lazazzara2018_exp2_solaris_6dpi_r02,lazazzara2018_cmp013,0.0,area_de_pico
lazazzara2018_exp2_solaris_6dpi_r03,lazazzara2018_cmp013,0.0,area_de_pico
lazazzara2018_exp2_solaris_6dpi_r04,lazazzara2018_cmp013,0.0,area_de_pico
lazazzara2018_exp2_solaris_6dpi_r05,lazazzara2018_cmp013,0.0,area_de_pico
lazazzara2018_exp1_pinotnoir_0dpi_r01,lazazzara2018_cmp014,0.0,area_de_pico
lazazzara2018_exp1_pinotnoir_0dpi_r02,lazazzara2018_cmp014,0.0,area_de_pico
lazazzara2018_exp1_pinotnoir_0dpi_r03,lazazzara2018_cmp014,0.0,area_de_pico
lazazzara2018_exp1_pinotnoir_0dpi_r04,lazazzara2018_cmp014,0.0,area_de_pico
lazazzara2018_exp1_pinotnoir_0dpi_r05,lazazzara2018_cmp014,0.0,area_de_pico
lazazzara2018_exp2_pinotnoir_0dpi_r01,lazazzara2018_cmp014,0.0,area_de_pico
lazazzara2018_exp2_pinotnoir_0dpi_r02,lazazzara2018_cmp014,0.0,area_de_pico
lazazzara2018_exp2_pinotnoir_0dpi_r03,lazazzara2018_cmp014,0.0,area_de_pico
lazazzara2018_exp2_pinotnoir_0dpi_r04,lazazzara2018_cmp014,0.0,area_de_pico
lazazzara2018_exp2_pinotnoir_0dpi_r05,lazazzara2018_cmp014,0.0,area_de_pico
lazazzara2018_exp1_pinotnoir_6dpi_r01,lazazzara2018_cmp014,0.0,area_de_pico
lazazzara2018_exp1_pinotnoir_6dpi_r02,lazazzara2018_cmp014,0.0,area_de_pico
lazazzara2018_exp1_pinotnoir_6dpi_r03,lazazzara2018_cmp014,0.0,area_de_pico
lazazzara2018_exp1_pinotnoir_6dpi_r04,lazazzara2018_cmp014,0.0,area_de_pico
lazazzara2018_exp1_pinotnoir_6dpi_r05,lazazzara2018_cmp014,0.0,area_de_pico
lazazzara2018_exp2_pinotnoir_6dpi_r01,lazazzara2018_cmp014,0.0,area_de_pico
lazazzara2018_exp2_pinotnoir_6dpi_r02,lazazzara2018_cmp014,0.0,area_de_pico
lazazzara2018_exp2_pinotnoir_6dpi_r03,lazazzara2018_cmp014,0.0,area_de_pico
lazazzara2018_exp2_pinotnoir_6dpi_r04,lazazzara2018_cmp014,0.0,area_de_pico
lazazzara2018_exp2_pinotnoir_6dpi_r05,lazazzara2018_cmp014,0.0,area_de_pico
lazazzara2018_exp1_bc4_0dpi_r01,lazazzara2018_cmp014,0.0,area_de_pico
lazazzara2018_exp1_bc4_0dpi_r02,lazazzara2018_cmp014,0.0,area_de_pico
lazazzara2018_exp1_bc4_0dpi_r03,lazazzara2018_cmp014,8643.57641344,area_de_pico
lazazzara2018_exp1_bc4_0dpi_r04,lazazzara2018_cmp014,0.0,area_de_pico
lazazzara2018_exp1_bc4_0dpi_r05,lazazzara2018_cmp014,0.0,area_de_pico
lazazzara2018_exp2_bc4_0dpi_r01,lazazzara2018_cmp014,0.0,area_de_pico
lazazzara2018_exp2_bc4_0dpi_r02,lazazzara2018_cmp014,0.0,area_de_pico
lazazzara2018_exp2_bc4_0dpi_r03,lazazzara2018_cmp014,0.0,area_de_pico
lazazzara2018_exp2_bc4_0dpi_r04,lazazzara2018_cmp014,0.0,area_de_pico
lazazzara2018_exp2_bc4_0dpi_r05,lazazzara2018_cmp014,0.0,area_de_pico
lazazzara2018_exp1_bc4_6dpi_r01,lazazzara2018_cmp014,5089.01677401,area_de_pico
lazazzara2018_exp1_bc4_6dpi_r02,lazazzara2018_cmp014,42773.018509388,area_de_pico
lazazzara2018_exp1_bc4_6dpi_r03,lazazzara2018_cmp014,0.0,area_de_pico
lazazzara2018_exp1_bc4_6dpi_r04,lazazzara2018_cmp014,169472.518196594,area_de_pico
lazazzara2018_exp1_bc4_6dpi_r05,lazazzara2018_cmp014,0.0,area_de_pico
lazazzara2018_exp2_bc4_6dpi_r01,lazazzara2018_cmp014,0.0,area_de_pico
lazazzara2018_exp2_bc4_6dpi_r02,lazazzara2018_cmp014,0.0,area_de_pico
lazazzara2018_exp2_bc4_6dpi_r03,lazazzara2018_cmp014,0.0,area_de_pico
lazazzara2018_exp2_bc4_6dpi_r04,lazazzara2018_cmp014,0.0,area_de_pico
lazazzara2018_exp2_bc4_6dpi_r05,lazazzara2018_cmp014,2695.73737992,area_de_pico
lazazzara2018_exp1_k5bb_0dpi_r01,lazazzara2018_cmp014,0.0,area_de_pico
lazazzara2018_exp1_k5bb_0dpi_r02,lazazzara2018_cmp014,0.0,area_de_pico
lazazzara2018_exp1_k5bb_0dpi_r03,lazazzara2018_cmp014,17915.211028302,area_de_pico
lazazzara2018_exp1_k5bb_0dpi_r04,lazazzara2018_cmp014,0.0,area_de_pico
lazazzara2018_exp1_k5bb_0dpi_r05,lazazzara2018_cmp014,20152.24281967,area_de_pico
lazazzara2018_exp2_k5bb_0dpi_r01,lazazzara2018_cmp014,0.0,area_de_pico
lazazzara2018_exp2_k5bb_0dpi_r02,lazazzara2018_cmp014,0.0,area_de_pico
lazazzara2018_exp2_k5bb_0dpi_r03,lazazzara2018_cmp014,0.0,area_de_pico
lazazzara2018_exp2_k5bb_0dpi_r04,lazazzara2018_cmp014,10690.381728249,area_de_pico
lazazzara2018_exp2_k5bb_0dpi_r05,lazazzara2018_cmp014,0.0,area_de_pico
lazazzara2018_exp1_k5bb_6dpi_r01,lazazzara2018_cmp014,117192.414268764,area_de_pico
lazazzara2018_exp1_k5bb_6dpi_r02,lazazzara2018_cmp014,116553.545870346,area_de_pico
lazazzara2018_exp1_k5bb_6dpi_r04,lazazzara2018_cmp014,243233.808261695,area_de_pico
lazazzara2018_exp2_k5bb_6dpi_r01,lazazzara2018_cmp014,81600.670959555,area_de_pico
lazazzara2018_exp2_k5bb_6dpi_r02,lazazzara2018_cmp014,200268.249364474,area_de_pico
lazazzara2018_exp2_k5bb_6dpi_r03,lazazzara2018_cmp014,46652.300713872,area_de_pico
lazazzara2018_exp2_k5bb_6dpi_r04,lazazzara2018_cmp014,60990.767125013,area_de_pico
lazazzara2018_exp2_k5bb_6dpi_r05,lazazzara2018_cmp014,0.0,area_de_pico
lazazzara2018_exp1_so4_0dpi_r01,lazazzara2018_cmp014,0.0,area_de_pico
lazazzara2018_exp1_so4_0dpi_r02,lazazzara2018_cmp014,0.0,area_de_pico
lazazzara2018_exp1_so4_0dpi_r03,lazazzara2018_cmp014,0.0,area_de_pico
lazazzara2018_exp1_so4_0dpi_r04,lazazzara2018_cmp014,0.0,area_de_pico
lazazzara2018_exp1_so4_0dpi_r05,lazazzara2018_cmp014,0.0,area_de_pico
lazazzara2018_exp2_so4_0dpi_r01,lazazzara2018_cmp014,0.0,area_de_pico
lazazzara2018_exp2_so4_0dpi_r02,lazazzara2018_cmp014,0.0,area_de_pico
lazazzara2018_exp2_so4_0dpi_r03,lazazzara2018_cmp014,0.0,area_de_pico
lazazzara2018_exp2_so4_0dpi_r04,lazazzara2018_cmp014,0.0,area_de_pico
lazazzara2018_exp2_so4_0dpi_r05,lazazzara2018_cmp014,0.0,area_de_pico
lazazzara2018_exp1_so4_6dpi_r01,lazazzara2018_cmp014,346478.049822917,area_de_pico
lazazzara2018_exp1_so4_6dpi_r02,lazazzara2018_cmp014,137161.212914188,area_de_pico
lazazzara2018_exp1_so4_6dpi_r03,lazazzara2018_cmp014,162545.898784048,area_de_pico
lazazzara2018_exp1_so4_6dpi_r04,lazazzara2018_cmp014,280383.982118126,area_de_pico
lazazzara2018_exp1_so4_6dpi_r05,lazazzara2018_cmp014,78753.91692749,area_de_pico
lazazzara2018_exp2_so4_6dpi_r01,lazazzara2018_cmp014,0.0,area_de_pico
lazazzara2018_exp2_so4_6dpi_r02,lazazzara2018_cmp014,0.0,area_de_pico
lazazzara2018_exp2_so4_6dpi_r03,lazazzara2018_cmp014,0.0,area_de_pico
lazazzara2018_exp2_so4_6dpi_r04,lazazzara2018_cmp014,0.0,area_de_pico
lazazzara2018_exp2_so4_6dpi_r05,lazazzara2018_cmp014,0.0,area_de_pico
lazazzara2018_exp1_solaris_0dpi_r01,lazazzara2018_cmp014,0.0,area_de_pico
lazazzara2018_exp1_solaris_0dpi_r02,lazazzara2018_cmp014,16896.066533672,area_de_pico
lazazzara2018_exp1_solaris_0dpi_r03,lazazzara2018_cmp014,0.0,area_de_pico
lazazzara2018_exp1_solaris_0dpi_r04,lazazzara2018_cmp014,0.0,area_de_pico
lazazzara2018_exp1_solaris_0dpi_r05,lazazzara2018_cmp014,0.0,area_de_pico
lazazzara2018_exp2_solaris_0dpi_r01,lazazzara2018_cmp014,0.0,area_de_pico
lazazzara2018_exp2_solaris_0dpi_r02,lazazzara2018_cmp014,0.0,area_de_pico
lazazzara2018_exp2_solaris_0dpi_r03,lazazzara2018_cmp014,0.0,area_de_pico
lazazzara2018_exp2_solaris_0dpi_r04,lazazzara2018_cmp014,0.0,area_de_pico
lazazzara2018_exp2_solaris_0dpi_r05,lazazzara2018_cmp014,0.0,area_de_pico
lazazzara2018_exp1_solaris_6dpi_r01,lazazzara2018_cmp014,0.0,area_de_pico
lazazzara2018_exp1_solaris_6dpi_r02,lazazzara2018_cmp014,24571.827481228,area_de_pico
lazazzara2018_exp1_solaris_6dpi_r03,lazazzara2018_cmp014,216624.540235444,area_de_pico
lazazzara2018_exp1_solaris_6dpi_r04,lazazzara2018_cmp014,18155.98396297,area_de_pico
lazazzara2018_exp1_solaris_6dpi_r05,lazazzara2018_cmp014,260456.51230787,area_de_pico
lazazzara2018_exp2_solaris_6dpi_r01,lazazzara2018_cmp014,0.0,area_de_pico
lazazzara2018_exp2_solaris_6dpi_r02,lazazzara2018_cmp014,0.0,area_de_pico
lazazzara2018_exp2_solaris_6dpi_r03,lazazzara2018_cmp014,0.0,area_de_pico
lazazzara2018_exp2_solaris_6dpi_r04,lazazzara2018_cmp014,0.0,area_de_pico
lazazzara2018_exp2_solaris_6dpi_r05,lazazzara2018_cmp014,0.0,area_de_pico
lazazzara2018_exp1_pinotnoir_0dpi_r01,lazazzara2018_cmp015,0.0,area_de_pico
lazazzara2018_exp1_pinotnoir_0dpi_r02,lazazzara2018_cmp015,0.0,area_de_pico
lazazzara2018_exp1_pinotnoir_0dpi_r03,lazazzara2018_cmp015,0.0,area_de_pico
lazazzara2018_exp1_pinotnoir_0dpi_r04,lazazzara2018_cmp015,0.0,area_de_pico
lazazzara2018_exp1_pinotnoir_0dpi_r05,lazazzara2018_cmp015,0.0,area_de_pico
lazazzara2018_exp2_pinotnoir_0dpi_r01,lazazzara2018_cmp015,0.0,area_de_pico
lazazzara2018_exp2_pinotnoir_0dpi_r02,lazazzara2018_cmp015,0.0,area_de_pico
lazazzara2018_exp2_pinotnoir_0dpi_r03,lazazzara2018_cmp015,0.0,area_de_pico
lazazzara2018_exp2_pinotnoir_0dpi_r04,lazazzara2018_cmp015,0.0,area_de_pico
lazazzara2018_exp2_pinotnoir_0dpi_r05,lazazzara2018_cmp015,0.0,area_de_pico
lazazzara2018_exp1_pinotnoir_6dpi_r01,lazazzara2018_cmp015,0.0,area_de_pico
lazazzara2018_exp1_pinotnoir_6dpi_r02,lazazzara2018_cmp015,0.0,area_de_pico
lazazzara2018_exp1_pinotnoir_6dpi_r03,lazazzara2018_cmp015,0.0,area_de_pico
lazazzara2018_exp1_pinotnoir_6dpi_r04,lazazzara2018_cmp015,0.0,area_de_pico
lazazzara2018_exp1_pinotnoir_6dpi_r05,lazazzara2018_cmp015,0.0,area_de_pico
lazazzara2018_exp2_pinotnoir_6dpi_r01,lazazzara2018_cmp015,0.0,area_de_pico
lazazzara2018_exp2_pinotnoir_6dpi_r02,lazazzara2018_cmp015,0.0,area_de_pico
lazazzara2018_exp2_pinotnoir_6dpi_r03,lazazzara2018_cmp015,0.0,area_de_pico
lazazzara2018_exp2_pinotnoir_6dpi_r04,lazazzara2018_cmp015,0.0,area_de_pico
lazazzara2018_exp2_pinotnoir_6dpi_r05,lazazzara2018_cmp015,0.0,area_de_pico
lazazzara2018_exp1_bc4_0dpi_r01,lazazzara2018_cmp015,0.0,area_de_pico
lazazzara2018_exp1_bc4_0dpi_r02,lazazzara2018_cmp015,0.0,area_de_pico
lazazzara2018_exp1_bc4_0dpi_r03,lazazzara2018_cmp015,0.0,area_de_pico
lazazzara2018_exp1_bc4_0dpi_r04,lazazzara2018_cmp015,0.0,area_de_pico
lazazzara2018_exp1_bc4_0dpi_r05,lazazzara2018_cmp015,0.0,area_de_pico
lazazzara2018_exp2_bc4_0dpi_r01,lazazzara2018_cmp015,0.0,area_de_pico
lazazzara2018_exp2_bc4_0dpi_r02,lazazzara2018_cmp015,13785.811609612,area_de_pico
lazazzara2018_exp2_bc4_0dpi_r03,lazazzara2018_cmp015,0.0,area_de_pico
lazazzara2018_exp2_bc4_0dpi_r04,lazazzara2018_cmp015,0.0,area_de_pico
lazazzara2018_exp2_bc4_0dpi_r05,lazazzara2018_cmp015,0.0,area_de_pico
lazazzara2018_exp1_bc4_6dpi_r01,lazazzara2018_cmp015,148014.11118843,area_de_pico
lazazzara2018_exp1_bc4_6dpi_r02,lazazzara2018_cmp015,197274.119336614,area_de_pico
lazazzara2018_exp1_bc4_6dpi_r03,lazazzara2018_cmp015,149284.869830485,area_de_pico
lazazzara2018_exp1_bc4_6dpi_r04,lazazzara2018_cmp015,857140.987959192,area_de_pico
lazazzara2018_exp1_bc4_6dpi_r05,lazazzara2018_cmp015,106139.529505592,area_de_pico
lazazzara2018_exp2_bc4_6dpi_r01,lazazzara2018_cmp015,4845.64489864,area_de_pico
lazazzara2018_exp2_bc4_6dpi_r02,lazazzara2018_cmp015,47118.805456808,area_de_pico
lazazzara2018_exp2_bc4_6dpi_r03,lazazzara2018_cmp015,20228.250098334,area_de_pico
lazazzara2018_exp2_bc4_6dpi_r04,lazazzara2018_cmp015,22992.174858947,area_de_pico
lazazzara2018_exp2_bc4_6dpi_r05,lazazzara2018_cmp015,25051.133080204,area_de_pico
lazazzara2018_exp1_k5bb_0dpi_r01,lazazzara2018_cmp015,0.0,area_de_pico
lazazzara2018_exp1_k5bb_0dpi_r02,lazazzara2018_cmp015,0.0,area_de_pico
lazazzara2018_exp1_k5bb_0dpi_r03,lazazzara2018_cmp015,0.0,area_de_pico
lazazzara2018_exp1_k5bb_0dpi_r04,lazazzara2018_cmp015,0.0,area_de_pico
lazazzara2018_exp1_k5bb_0dpi_r05,lazazzara2018_cmp015,0.0,area_de_pico
lazazzara2018_exp2_k5bb_0dpi_r01,lazazzara2018_cmp015,0.0,area_de_pico
lazazzara2018_exp2_k5bb_0dpi_r02,lazazzara2018_cmp015,0.0,area_de_pico
lazazzara2018_exp2_k5bb_0dpi_r03,lazazzara2018_cmp015,0.0,area_de_pico
lazazzara2018_exp2_k5bb_0dpi_r04,lazazzara2018_cmp015,0.0,area_de_pico
lazazzara2018_exp2_k5bb_0dpi_r05,lazazzara2018_cmp015,0.0,area_de_pico
lazazzara2018_exp1_k5bb_6dpi_r01,lazazzara2018_cmp015,0.0,area_de_pico
lazazzara2018_exp1_k5bb_6dpi_r02,lazazzara2018_cmp015,0.0,area_de_pico
lazazzara2018_exp1_k5bb_6dpi_r04,lazazzara2018_cmp015,0.0,area_de_pico
lazazzara2018_exp2_k5bb_6dpi_r01,lazazzara2018_cmp015,0.0,area_de_pico
lazazzara2018_exp2_k5bb_6dpi_r02,lazazzara2018_cmp015,0.0,area_de_pico
lazazzara2018_exp2_k5bb_6dpi_r03,lazazzara2018_cmp015,0.0,area_de_pico
lazazzara2018_exp2_k5bb_6dpi_r04,lazazzara2018_cmp015,0.0,area_de_pico
lazazzara2018_exp2_k5bb_6dpi_r05,lazazzara2018_cmp015,0.0,area_de_pico
lazazzara2018_exp1_so4_0dpi_r01,lazazzara2018_cmp015,0.0,area_de_pico
lazazzara2018_exp1_so4_0dpi_r02,lazazzara2018_cmp015,0.0,area_de_pico
lazazzara2018_exp1_so4_0dpi_r03,lazazzara2018_cmp015,0.0,area_de_pico
lazazzara2018_exp1_so4_0dpi_r04,lazazzara2018_cmp015,0.0,area_de_pico
lazazzara2018_exp1_so4_0dpi_r05,lazazzara2018_cmp015,0.0,area_de_pico
lazazzara2018_exp2_so4_0dpi_r01,lazazzara2018_cmp015,0.0,area_de_pico
lazazzara2018_exp2_so4_0dpi_r02,lazazzara2018_cmp015,0.0,area_de_pico
lazazzara2018_exp2_so4_0dpi_r03,lazazzara2018_cmp015,0.0,area_de_pico
lazazzara2018_exp2_so4_0dpi_r04,lazazzara2018_cmp015,0.0,area_de_pico
lazazzara2018_exp2_so4_0dpi_r05,lazazzara2018_cmp015,0.0,area_de_pico
lazazzara2018_exp1_so4_6dpi_r01,lazazzara2018_cmp015,0.0,area_de_pico
lazazzara2018_exp1_so4_6dpi_r02,lazazzara2018_cmp015,0.0,area_de_pico
lazazzara2018_exp1_so4_6dpi_r03,lazazzara2018_cmp015,0.0,area_de_pico
lazazzara2018_exp1_so4_6dpi_r04,lazazzara2018_cmp015,0.0,area_de_pico
lazazzara2018_exp1_so4_6dpi_r05,lazazzara2018_cmp015,0.0,area_de_pico
lazazzara2018_exp2_so4_6dpi_r01,lazazzara2018_cmp015,0.0,area_de_pico
lazazzara2018_exp2_so4_6dpi_r02,lazazzara2018_cmp015,0.0,area_de_pico
lazazzara2018_exp2_so4_6dpi_r03,lazazzara2018_cmp015,0.0,area_de_pico
lazazzara2018_exp2_so4_6dpi_r04,lazazzara2018_cmp015,0.0,area_de_pico
lazazzara2018_exp2_so4_6dpi_r05,lazazzara2018_cmp015,0.0,area_de_pico
lazazzara2018_exp1_solaris_0dpi_r01,lazazzara2018_cmp015,0.0,area_de_pico
lazazzara2018_exp1_solaris_0dpi_r02,lazazzara2018_cmp015,83125.582229851,area_de_pico
lazazzara2018_exp1_solaris_0dpi_r03,lazazzara2018_cmp015,0.0,area_de_pico
lazazzara2018_exp1_solaris_0dpi_r04,lazazzara2018_cmp015,0.0,area_de_pico
lazazzara2018_exp1_solaris_0dpi_r05,lazazzara2018_cmp015,0.0,area_de_pico
lazazzara2018_exp2_solaris_0dpi_r01,lazazzara2018_cmp015,0.0,area_de_pico
lazazzara2018_exp2_solaris_0dpi_r02,lazazzara2018_cmp015,0.0,area_de_pico
lazazzara2018_exp2_solaris_0dpi_r03,lazazzara2018_cmp015,0.0,area_de_pico
lazazzara2018_exp2_solaris_0dpi_r04,lazazzara2018_cmp015,0.0,area_de_pico
lazazzara2018_exp2_solaris_0dpi_r05,lazazzara2018_cmp015,0.0,area_de_pico
lazazzara2018_exp1_solaris_6dpi_r01,lazazzara2018_cmp015,59292.031184317,area_de_pico
lazazzara2018_exp1_solaris_6dpi_r02,lazazzara2018_cmp015,85772.825162999,area_de_pico
lazazzara2018_exp1_solaris_6dpi_r03,lazazzara2018_cmp015,361265.953567868,area_de_pico
lazazzara2018_exp1_solaris_6dpi_r04,lazazzara2018_cmp015,91357.22084856,area_de_pico
lazazzara2018_exp1_solaris_6dpi_r05,lazazzara2018_cmp015,546427.401643512,area_de_pico
lazazzara2018_exp2_solaris_6dpi_r01,lazazzara2018_cmp015,0.0,area_de_pico
lazazzara2018_exp2_solaris_6dpi_r02,lazazzara2018_cmp015,0.0,area_de_pico
lazazzara2018_exp2_solaris_6dpi_r03,lazazzara2018_cmp015,0.0,area_de_pico
lazazzara2018_exp2_solaris_6dpi_r04,lazazzara2018_cmp015,0.0,area_de_pico
lazazzara2018_exp2_solaris_6dpi_r05,lazazzara2018_cmp015,5462.818880384,area_de_pico
lazazzara2018_exp1_pinotnoir_0dpi_r01,lazazzara2018_cmp016,5141.0,area_de_pico
lazazzara2018_exp1_pinotnoir_0dpi_r02,lazazzara2018_cmp016,2525.0,area_de_pico
lazazzara2018_exp1_pinotnoir_0dpi_r03,lazazzara2018_cmp016,4660.538506412,area_de_pico
lazazzara2018_exp1_pinotnoir_0dpi_r04,lazazzara2018_cmp016,6274.87149986,area_de_pico
lazazzara2018_exp1_pinotnoir_0dpi_r05,lazazzara2018_cmp016,3424.0,area_de_pico
lazazzara2018_exp2_pinotnoir_0dpi_r01,lazazzara2018_cmp016,13361.17827556,area_de_pico
lazazzara2018_exp2_pinotnoir_0dpi_r02,lazazzara2018_cmp016,26794.151648858,area_de_pico
lazazzara2018_exp2_pinotnoir_0dpi_r03,lazazzara2018_cmp016,27865.092851192,area_de_pico
lazazzara2018_exp2_pinotnoir_0dpi_r04,lazazzara2018_cmp016,19181.680104734,area_de_pico
lazazzara2018_exp2_pinotnoir_0dpi_r05,lazazzara2018_cmp016,26379.385012885,area_de_pico
lazazzara2018_exp1_pinotnoir_6dpi_r01,lazazzara2018_cmp016,2511.565892208,area_de_pico
lazazzara2018_exp1_pinotnoir_6dpi_r02,lazazzara2018_cmp016,3597.0,area_de_pico
lazazzara2018_exp1_pinotnoir_6dpi_r03,lazazzara2018_cmp016,2472.5353728552,area_de_pico
lazazzara2018_exp1_pinotnoir_6dpi_r04,lazazzara2018_cmp016,2706.0,area_de_pico
lazazzara2018_exp1_pinotnoir_6dpi_r05,lazazzara2018_cmp016,4667.2989565,area_de_pico
lazazzara2018_exp2_pinotnoir_6dpi_r01,lazazzara2018_cmp016,20581.956177495,area_de_pico
lazazzara2018_exp2_pinotnoir_6dpi_r02,lazazzara2018_cmp016,15215.096198915,area_de_pico
lazazzara2018_exp2_pinotnoir_6dpi_r03,lazazzara2018_cmp016,20231.430179276,area_de_pico
lazazzara2018_exp2_pinotnoir_6dpi_r04,lazazzara2018_cmp016,16429.867957936,area_de_pico
lazazzara2018_exp2_pinotnoir_6dpi_r05,lazazzara2018_cmp016,21157.734840536,area_de_pico
lazazzara2018_exp1_bc4_0dpi_r01,lazazzara2018_cmp016,3635.0,area_de_pico
lazazzara2018_exp1_bc4_0dpi_r02,lazazzara2018_cmp016,3614.0,area_de_pico
lazazzara2018_exp1_bc4_0dpi_r03,lazazzara2018_cmp016,7542.0,area_de_pico
lazazzara2018_exp1_bc4_0dpi_r04,lazazzara2018_cmp016,2496.0,area_de_pico
lazazzara2018_exp1_bc4_0dpi_r05,lazazzara2018_cmp016,3038.0,area_de_pico
lazazzara2018_exp2_bc4_0dpi_r01,lazazzara2018_cmp016,11242.80613992,area_de_pico
lazazzara2018_exp2_bc4_0dpi_r02,lazazzara2018_cmp016,24840.895018662,area_de_pico
lazazzara2018_exp2_bc4_0dpi_r03,lazazzara2018_cmp016,10773.125464363,area_de_pico
lazazzara2018_exp2_bc4_0dpi_r04,lazazzara2018_cmp016,17630.533109212,area_de_pico
lazazzara2018_exp2_bc4_0dpi_r05,lazazzara2018_cmp016,14979.5906841,area_de_pico
lazazzara2018_exp1_bc4_6dpi_r01,lazazzara2018_cmp016,7155.683650206,area_de_pico
lazazzara2018_exp1_bc4_6dpi_r02,lazazzara2018_cmp016,3292.7580279328,area_de_pico
lazazzara2018_exp1_bc4_6dpi_r03,lazazzara2018_cmp016,6099.2508324,area_de_pico
lazazzara2018_exp1_bc4_6dpi_r04,lazazzara2018_cmp016,45170.1843659238,area_de_pico
lazazzara2018_exp1_bc4_6dpi_r05,lazazzara2018_cmp016,7486.0,area_de_pico
lazazzara2018_exp2_bc4_6dpi_r01,lazazzara2018_cmp016,16875.356954685,area_de_pico
lazazzara2018_exp2_bc4_6dpi_r02,lazazzara2018_cmp016,23616.645182275,area_de_pico
lazazzara2018_exp2_bc4_6dpi_r03,lazazzara2018_cmp016,2259.491671848,area_de_pico
lazazzara2018_exp2_bc4_6dpi_r04,lazazzara2018_cmp016,13155.805722112,area_de_pico
lazazzara2018_exp2_bc4_6dpi_r05,lazazzara2018_cmp016,20701.413016766,area_de_pico
lazazzara2018_exp1_k5bb_0dpi_r01,lazazzara2018_cmp016,23703.324001183,area_de_pico
lazazzara2018_exp1_k5bb_0dpi_r02,lazazzara2018_cmp016,3420.128078928,area_de_pico
lazazzara2018_exp1_k5bb_0dpi_r03,lazazzara2018_cmp016,2450.0,area_de_pico
lazazzara2018_exp1_k5bb_0dpi_r04,lazazzara2018_cmp016,4973.540784128,area_de_pico
lazazzara2018_exp1_k5bb_0dpi_r05,lazazzara2018_cmp016,5946.0,area_de_pico
lazazzara2018_exp2_k5bb_0dpi_r01,lazazzara2018_cmp016,23066.281658784,area_de_pico
lazazzara2018_exp2_k5bb_0dpi_r02,lazazzara2018_cmp016,14413.01500806,area_de_pico
lazazzara2018_exp2_k5bb_0dpi_r03,lazazzara2018_cmp016,14175.030776477,area_de_pico
lazazzara2018_exp2_k5bb_0dpi_r04,lazazzara2018_cmp016,26767.086075811,area_de_pico
lazazzara2018_exp2_k5bb_0dpi_r05,lazazzara2018_cmp016,12841.833655704,area_de_pico
lazazzara2018_exp1_k5bb_6dpi_r01,lazazzara2018_cmp016,4192.92324614,area_de_pico
lazazzara2018_exp1_k5bb_6dpi_r02,lazazzara2018_cmp016,20128.01105773,area_de_pico
lazazzara2018_exp1_k5bb_6dpi_r04,lazazzara2018_cmp016,3048.0,area_de_pico
lazazzara2018_exp2_k5bb_6dpi_r01,lazazzara2018_cmp016,27018.439766912,area_de_pico
lazazzara2018_exp2_k5bb_6dpi_r02,lazazzara2018_cmp016,25622.911448946,area_de_pico
lazazzara2018_exp2_k5bb_6dpi_r03,lazazzara2018_cmp016,12570.983600142,area_de_pico
lazazzara2018_exp2_k5bb_6dpi_r04,lazazzara2018_cmp016,19926.710304571,area_de_pico
lazazzara2018_exp2_k5bb_6dpi_r05,lazazzara2018_cmp016,12728.499234486,area_de_pico
lazazzara2018_exp1_so4_0dpi_r01,lazazzara2018_cmp016,28652.534693395,area_de_pico
lazazzara2018_exp1_so4_0dpi_r02,lazazzara2018_cmp016,4408.0,area_de_pico
lazazzara2018_exp1_so4_0dpi_r03,lazazzara2018_cmp016,3470.0,area_de_pico
lazazzara2018_exp1_so4_0dpi_r04,lazazzara2018_cmp016,4280.0,area_de_pico
lazazzara2018_exp1_so4_0dpi_r05,lazazzara2018_cmp016,3783.0,area_de_pico
lazazzara2018_exp2_so4_0dpi_r01,lazazzara2018_cmp016,19717.318017756,area_de_pico
lazazzara2018_exp2_so4_0dpi_r02,lazazzara2018_cmp016,23170.809313726,area_de_pico
lazazzara2018_exp2_so4_0dpi_r03,lazazzara2018_cmp016,13257.525270944,area_de_pico
lazazzara2018_exp2_so4_0dpi_r04,lazazzara2018_cmp016,15105.00763374,area_de_pico
lazazzara2018_exp2_so4_0dpi_r05,lazazzara2018_cmp016,16094.757998002,area_de_pico
lazazzara2018_exp1_so4_6dpi_r01,lazazzara2018_cmp016,4503.9623288135,area_de_pico
lazazzara2018_exp1_so4_6dpi_r02,lazazzara2018_cmp016,10114.0,area_de_pico
lazazzara2018_exp1_so4_6dpi_r03,lazazzara2018_cmp016,5304.0,area_de_pico
lazazzara2018_exp1_so4_6dpi_r04,lazazzara2018_cmp016,8661.8160496,area_de_pico
lazazzara2018_exp1_so4_6dpi_r05,lazazzara2018_cmp016,2579.805979496,area_de_pico
lazazzara2018_exp2_so4_6dpi_r01,lazazzara2018_cmp016,28219.039647719,area_de_pico
lazazzara2018_exp2_so4_6dpi_r02,lazazzara2018_cmp016,14008.776126718,area_de_pico
lazazzara2018_exp2_so4_6dpi_r03,lazazzara2018_cmp016,33308.005191942,area_de_pico
lazazzara2018_exp2_so4_6dpi_r04,lazazzara2018_cmp016,17619.146353368,area_de_pico
lazazzara2018_exp2_so4_6dpi_r05,lazazzara2018_cmp016,27803.820775981,area_de_pico
lazazzara2018_exp1_solaris_0dpi_r01,lazazzara2018_cmp016,17501.92293802,area_de_pico
lazazzara2018_exp1_solaris_0dpi_r02,lazazzara2018_cmp016,4174.0,area_de_pico
lazazzara2018_exp1_solaris_0dpi_r03,lazazzara2018_cmp016,3214.0,area_de_pico
lazazzara2018_exp1_solaris_0dpi_r04,lazazzara2018_cmp016,2640.0,area_de_pico
lazazzara2018_exp1_solaris_0dpi_r05,lazazzara2018_cmp016,3156.18991828,area_de_pico
lazazzara2018_exp2_solaris_0dpi_r01,lazazzara2018_cmp016,16934.023142811,area_de_pico
lazazzara2018_exp2_solaris_0dpi_r02,lazazzara2018_cmp016,33190.459057925,area_de_pico
lazazzara2018_exp2_solaris_0dpi_r03,lazazzara2018_cmp016,27980.692553016,area_de_pico
lazazzara2018_exp2_solaris_0dpi_r04,lazazzara2018_cmp016,17672.355943803,area_de_pico
lazazzara2018_exp2_solaris_0dpi_r05,lazazzara2018_cmp016,28923.419857228,area_de_pico
lazazzara2018_exp1_solaris_6dpi_r01,lazazzara2018_cmp016,5284.350555516,area_de_pico
lazazzara2018_exp1_solaris_6dpi_r02,lazazzara2018_cmp016,10185.0,area_de_pico
lazazzara2018_exp1_solaris_6dpi_r03,lazazzara2018_cmp016,22568.0,area_de_pico
lazazzara2018_exp1_solaris_6dpi_r04,lazazzara2018_cmp016,14165.34502156,area_de_pico
lazazzara2018_exp1_solaris_6dpi_r05,lazazzara2018_cmp016,32544.0601079662,area_de_pico
lazazzara2018_exp2_solaris_6dpi_r01,lazazzara2018_cmp016,23749.916742685,area_de_pico
lazazzara2018_exp2_solaris_6dpi_r02,lazazzara2018_cmp016,25192.165864,area_de_pico
lazazzara2018_exp2_solaris_6dpi_r03,lazazzara2018_cmp016,24889.148497534,area_de_pico
lazazzara2018_exp2_solaris_6dpi_r04,lazazzara2018_cmp016,24039.431192318,area_de_pico
lazazzara2018_exp2_solaris_6dpi_r05,lazazzara2018_cmp016,27011.874502377,area_de_pico
lazazzara2018_exp1_pinotnoir_0dpi_r01,lazazzara2018_cmp017,259039.483939912,area_de_pico
lazazzara2018_exp1_pinotnoir_0dpi_r02,lazazzara2018_cmp017,215427.001107264,area_de_pico
lazazzara2018_exp1_pinotnoir_0dpi_r03,lazazzara2018_cmp017,154301.857345998,area_de_pico
lazazzara2018_exp1_pinotnoir_0dpi_r04,lazazzara2018_cmp017,1093443.20474412,area_de_pico
lazazzara2018_exp1_pinotnoir_0dpi_r05,lazazzara2018_cmp017,518479.022137311,area_de_pico
lazazzara2018_exp2_pinotnoir_0dpi_r01,lazazzara2018_cmp017,84884.823721284,area_de_pico
lazazzara2018_exp2_pinotnoir_0dpi_r02,lazazzara2018_cmp017,85683.295230296,area_de_pico
lazazzara2018_exp2_pinotnoir_0dpi_r03,lazazzara2018_cmp017,115600.525246213,area_de_pico
lazazzara2018_exp2_pinotnoir_0dpi_r04,lazazzara2018_cmp017,280772.364395049,area_de_pico
lazazzara2018_exp2_pinotnoir_0dpi_r05,lazazzara2018_cmp017,110503.471726987,area_de_pico
lazazzara2018_exp1_pinotnoir_6dpi_r01,lazazzara2018_cmp017,584983.615779053,area_de_pico
lazazzara2018_exp1_pinotnoir_6dpi_r02,lazazzara2018_cmp017,401200.157517457,area_de_pico
lazazzara2018_exp1_pinotnoir_6dpi_r03,lazazzara2018_cmp017,104176.204476355,area_de_pico
lazazzara2018_exp1_pinotnoir_6dpi_r04,lazazzara2018_cmp017,117425.505514577,area_de_pico
lazazzara2018_exp1_pinotnoir_6dpi_r05,lazazzara2018_cmp017,1057235.80907395,area_de_pico
lazazzara2018_exp2_pinotnoir_6dpi_r01,lazazzara2018_cmp017,151942.80315843,area_de_pico
lazazzara2018_exp2_pinotnoir_6dpi_r02,lazazzara2018_cmp017,70112.716849046,area_de_pico
lazazzara2018_exp2_pinotnoir_6dpi_r03,lazazzara2018_cmp017,121932.379177787,area_de_pico
lazazzara2018_exp2_pinotnoir_6dpi_r04,lazazzara2018_cmp017,53999.000034638,area_de_pico
lazazzara2018_exp2_pinotnoir_6dpi_r05,lazazzara2018_cmp017,56330.19669843,area_de_pico
lazazzara2018_exp1_bc4_0dpi_r01,lazazzara2018_cmp017,828237.840134318,area_de_pico
lazazzara2018_exp1_bc4_0dpi_r02,lazazzara2018_cmp017,203424.070288161,area_de_pico
lazazzara2018_exp1_bc4_0dpi_r03,lazazzara2018_cmp017,396849.025670352,area_de_pico
lazazzara2018_exp1_bc4_0dpi_r04,lazazzara2018_cmp017,224720.124278416,area_de_pico
lazazzara2018_exp1_bc4_0dpi_r05,lazazzara2018_cmp017,129732.833133553,area_de_pico
lazazzara2018_exp2_bc4_0dpi_r01,lazazzara2018_cmp017,158945.397009321,area_de_pico
lazazzara2018_exp2_bc4_0dpi_r02,lazazzara2018_cmp017,69134.462060369,area_de_pico
lazazzara2018_exp2_bc4_0dpi_r03,lazazzara2018_cmp017,63760.16287172,area_de_pico
lazazzara2018_exp2_bc4_0dpi_r04,lazazzara2018_cmp017,110423.631158286,area_de_pico
lazazzara2018_exp2_bc4_0dpi_r05,lazazzara2018_cmp017,214860.80128598,area_de_pico
lazazzara2018_exp1_bc4_6dpi_r01,lazazzara2018_cmp017,116053.929897686,area_de_pico
lazazzara2018_exp1_bc4_6dpi_r02,lazazzara2018_cmp017,85476.007259649,area_de_pico
lazazzara2018_exp1_bc4_6dpi_r03,lazazzara2018_cmp017,118628.226686816,area_de_pico
lazazzara2018_exp1_bc4_6dpi_r04,lazazzara2018_cmp017,103627.002180918,area_de_pico
lazazzara2018_exp1_bc4_6dpi_r05,lazazzara2018_cmp017,156478.870424111,area_de_pico
lazazzara2018_exp2_bc4_6dpi_r01,lazazzara2018_cmp017,181573.818455024,area_de_pico
lazazzara2018_exp2_bc4_6dpi_r02,lazazzara2018_cmp017,73700.923527758,area_de_pico
lazazzara2018_exp2_bc4_6dpi_r03,lazazzara2018_cmp017,116297.49280081,area_de_pico
lazazzara2018_exp2_bc4_6dpi_r04,lazazzara2018_cmp017,50847.434229487,area_de_pico
lazazzara2018_exp2_bc4_6dpi_r05,lazazzara2018_cmp017,184782.782685205,area_de_pico
lazazzara2018_exp1_k5bb_0dpi_r01,lazazzara2018_cmp017,419014.38244535,area_de_pico
lazazzara2018_exp1_k5bb_0dpi_r02,lazazzara2018_cmp017,453285.201168683,area_de_pico
lazazzara2018_exp1_k5bb_0dpi_r03,lazazzara2018_cmp017,500324.142238414,area_de_pico
lazazzara2018_exp1_k5bb_0dpi_r04,lazazzara2018_cmp017,299341.653403489,area_de_pico
lazazzara2018_exp1_k5bb_0dpi_r05,lazazzara2018_cmp017,174300.245524843,area_de_pico
lazazzara2018_exp2_k5bb_0dpi_r01,lazazzara2018_cmp017,288733.688544779,area_de_pico
lazazzara2018_exp2_k5bb_0dpi_r02,lazazzara2018_cmp017,95377.466529546,area_de_pico
lazazzara2018_exp2_k5bb_0dpi_r03,lazazzara2018_cmp017,154868.102044872,area_de_pico
lazazzara2018_exp2_k5bb_0dpi_r04,lazazzara2018_cmp017,142229.2014411,area_de_pico
lazazzara2018_exp2_k5bb_0dpi_r05,lazazzara2018_cmp017,78817.625838972,area_de_pico
lazazzara2018_exp1_k5bb_6dpi_r01,lazazzara2018_cmp017,182115.258709896,area_de_pico
lazazzara2018_exp1_k5bb_6dpi_r02,lazazzara2018_cmp017,623937.610585936,area_de_pico
lazazzara2018_exp1_k5bb_6dpi_r04,lazazzara2018_cmp017,252341.118162842,area_de_pico
lazazzara2018_exp2_k5bb_6dpi_r01,lazazzara2018_cmp017,108517.684791018,area_de_pico
lazazzara2018_exp2_k5bb_6dpi_r02,lazazzara2018_cmp017,212929.27283706,area_de_pico
lazazzara2018_exp2_k5bb_6dpi_r03,lazazzara2018_cmp017,248126.017731868,area_de_pico
lazazzara2018_exp2_k5bb_6dpi_r04,lazazzara2018_cmp017,238927.915714181,area_de_pico
lazazzara2018_exp2_k5bb_6dpi_r05,lazazzara2018_cmp017,274323.216226432,area_de_pico
lazazzara2018_exp1_so4_0dpi_r01,lazazzara2018_cmp017,190192.689627298,area_de_pico
lazazzara2018_exp1_so4_0dpi_r02,lazazzara2018_cmp017,332633.316615786,area_de_pico
lazazzara2018_exp1_so4_0dpi_r03,lazazzara2018_cmp017,309858.629504141,area_de_pico
lazazzara2018_exp1_so4_0dpi_r04,lazazzara2018_cmp017,242417.185600648,area_de_pico
lazazzara2018_exp1_so4_0dpi_r05,lazazzara2018_cmp017,283189.699693125,area_de_pico
lazazzara2018_exp2_so4_0dpi_r01,lazazzara2018_cmp017,283612.291821419,area_de_pico
lazazzara2018_exp2_so4_0dpi_r02,lazazzara2018_cmp017,260059.338628298,area_de_pico
lazazzara2018_exp2_so4_0dpi_r03,lazazzara2018_cmp017,188386.582120426,area_de_pico
lazazzara2018_exp2_so4_0dpi_r04,lazazzara2018_cmp017,530182.09531763,area_de_pico
lazazzara2018_exp2_so4_0dpi_r05,lazazzara2018_cmp017,667357.188174706,area_de_pico
lazazzara2018_exp1_so4_6dpi_r01,lazazzara2018_cmp017,302780.651651819,area_de_pico
lazazzara2018_exp1_so4_6dpi_r02,lazazzara2018_cmp017,152656.620932022,area_de_pico
lazazzara2018_exp1_so4_6dpi_r03,lazazzara2018_cmp017,419053.916920484,area_de_pico
lazazzara2018_exp1_so4_6dpi_r04,lazazzara2018_cmp017,506750.553147537,area_de_pico
lazazzara2018_exp1_so4_6dpi_r05,lazazzara2018_cmp017,249110.662298726,area_de_pico
lazazzara2018_exp2_so4_6dpi_r01,lazazzara2018_cmp017,355549.752722579,area_de_pico
lazazzara2018_exp2_so4_6dpi_r02,lazazzara2018_cmp017,430106.676358918,area_de_pico
lazazzara2018_exp2_so4_6dpi_r03,lazazzara2018_cmp017,269043.469379584,area_de_pico
lazazzara2018_exp2_so4_6dpi_r04,lazazzara2018_cmp017,90516.340362363,area_de_pico
lazazzara2018_exp2_so4_6dpi_r05,lazazzara2018_cmp017,1500425.49837886,area_de_pico
lazazzara2018_exp1_solaris_0dpi_r01,lazazzara2018_cmp017,129170.815662325,area_de_pico
lazazzara2018_exp1_solaris_0dpi_r02,lazazzara2018_cmp017,115519.415818495,area_de_pico
lazazzara2018_exp1_solaris_0dpi_r03,lazazzara2018_cmp017,167023.541343728,area_de_pico
lazazzara2018_exp1_solaris_0dpi_r04,lazazzara2018_cmp017,95196.70018801,area_de_pico
lazazzara2018_exp1_solaris_0dpi_r05,lazazzara2018_cmp017,156472.034391112,area_de_pico
lazazzara2018_exp2_solaris_0dpi_r01,lazazzara2018_cmp017,42112.26573197,area_de_pico
lazazzara2018_exp2_solaris_0dpi_r02,lazazzara2018_cmp017,75843.807501645,area_de_pico
lazazzara2018_exp2_solaris_0dpi_r03,lazazzara2018_cmp017,72789.007783282,area_de_pico
lazazzara2018_exp2_solaris_0dpi_r04,lazazzara2018_cmp017,75634.360729334,area_de_pico
lazazzara2018_exp2_solaris_0dpi_r05,lazazzara2018_cmp017,72714.251698392,area_de_pico
lazazzara2018_exp1_solaris_6dpi_r01,lazazzara2018_cmp017,112689.31672299,area_de_pico
lazazzara2018_exp1_solaris_6dpi_r02,lazazzara2018_cmp017,108820.990973149,area_de_pico
lazazzara2018_exp1_solaris_6dpi_r03,lazazzara2018_cmp017,95244.671247882,area_de_pico
lazazzara2018_exp1_solaris_6dpi_r04,lazazzara2018_cmp017,111752.050839586,area_de_pico
lazazzara2018_exp1_solaris_6dpi_r05,lazazzara2018_cmp017,128989.135165464,area_de_pico
lazazzara2018_exp2_solaris_6dpi_r01,lazazzara2018_cmp017,86106.807307895,area_de_pico
lazazzara2018_exp2_solaris_6dpi_r02,lazazzara2018_cmp017,61894.36199073,area_de_pico
lazazzara2018_exp2_solaris_6dpi_r03,lazazzara2018_cmp017,58900.968025481,area_de_pico
lazazzara2018_exp2_solaris_6dpi_r04,lazazzara2018_cmp017,63817.517386568,area_de_pico
lazazzara2018_exp2_solaris_6dpi_r05,lazazzara2018_cmp017,72254.334982597,area_de_pico
lazazzara2018_exp1_pinotnoir_0dpi_r01,lazazzara2018_cmp018,261310.379074896,area_de_pico
lazazzara2018_exp1_pinotnoir_0dpi_r02,lazazzara2018_cmp018,7658.232583268,area_de_pico
lazazzara2018_exp1_pinotnoir_0dpi_r03,lazazzara2018_cmp018,402227.0,area_de_pico
lazazzara2018_exp1_pinotnoir_0dpi_r04,lazazzara2018_cmp018,267213.511814126,area_de_pico
lazazzara2018_exp1_pinotnoir_0dpi_r05,lazazzara2018_cmp018,7365.0,area_de_pico
lazazzara2018_exp2_pinotnoir_0dpi_r01,lazazzara2018_cmp018,2473.92002767,area_de_pico
lazazzara2018_exp2_pinotnoir_0dpi_r02,lazazzara2018_cmp018,7937.09069665,area_de_pico
lazazzara2018_exp2_pinotnoir_0dpi_r03,lazazzara2018_cmp018,4485.35862116,area_de_pico
lazazzara2018_exp2_pinotnoir_0dpi_r04,lazazzara2018_cmp018,1270.74043569,area_de_pico
lazazzara2018_exp2_pinotnoir_0dpi_r05,lazazzara2018_cmp018,1304.99870968,area_de_pico
lazazzara2018_exp1_pinotnoir_6dpi_r01,lazazzara2018_cmp018,11246.0,area_de_pico
lazazzara2018_exp1_pinotnoir_6dpi_r02,lazazzara2018_cmp018,15872.0,area_de_pico
lazazzara2018_exp1_pinotnoir_6dpi_r03,lazazzara2018_cmp018,6386.155815012,area_de_pico
lazazzara2018_exp1_pinotnoir_6dpi_r04,lazazzara2018_cmp018,49313.0,area_de_pico
lazazzara2018_exp1_pinotnoir_6dpi_r05,lazazzara2018_cmp018,8231.0,area_de_pico
lazazzara2018_exp2_pinotnoir_6dpi_r01,lazazzara2018_cmp018,2436.01190922,area_de_pico
lazazzara2018_exp2_pinotnoir_6dpi_r02,lazazzara2018_cmp018,9598.32553792,area_de_pico
lazazzara2018_exp2_pinotnoir_6dpi_r03,lazazzara2018_cmp018,4990.6468626,area_de_pico
lazazzara2018_exp2_pinotnoir_6dpi_r04,lazazzara2018_cmp018,6508.0,area_de_pico
lazazzara2018_exp2_pinotnoir_6dpi_r05,lazazzara2018_cmp018,7710.47536821,area_de_pico
lazazzara2018_exp1_bc4_0dpi_r01,lazazzara2018_cmp018,108948.0,area_de_pico
lazazzara2018_exp1_bc4_0dpi_r02,lazazzara2018_cmp018,29326.0,area_de_pico
lazazzara2018_exp1_bc4_0dpi_r03,lazazzara2018_cmp018,166689.0,area_de_pico
lazazzara2018_exp1_bc4_0dpi_r04,lazazzara2018_cmp018,5941.0,area_de_pico
lazazzara2018_exp1_bc4_0dpi_r05,lazazzara2018_cmp018,75819.0,area_de_pico
lazazzara2018_exp2_bc4_0dpi_r01,lazazzara2018_cmp018,2171.2885282,area_de_pico
lazazzara2018_exp2_bc4_0dpi_r02,lazazzara2018_cmp018,29610.624903782,area_de_pico
lazazzara2018_exp2_bc4_0dpi_r03,lazazzara2018_cmp018,6203.85270072,area_de_pico
lazazzara2018_exp2_bc4_0dpi_r04,lazazzara2018_cmp018,11475.391012211,area_de_pico
lazazzara2018_exp2_bc4_0dpi_r05,lazazzara2018_cmp018,28246.29739772,area_de_pico
lazazzara2018_exp1_bc4_6dpi_r01,lazazzara2018_cmp018,583820.683675481,area_de_pico
lazazzara2018_exp1_bc4_6dpi_r02,lazazzara2018_cmp018,594207.972278472,area_de_pico
lazazzara2018_exp1_bc4_6dpi_r03,lazazzara2018_cmp018,368494.513497069,area_de_pico
lazazzara2018_exp1_bc4_6dpi_r04,lazazzara2018_cmp018,2387929.29682457,area_de_pico
lazazzara2018_exp1_bc4_6dpi_r05,lazazzara2018_cmp018,192229.354164342,area_de_pico
lazazzara2018_exp2_bc4_6dpi_r01,lazazzara2018_cmp018,19749.42199008,area_de_pico
lazazzara2018_exp2_bc4_6dpi_r02,lazazzara2018_cmp018,98053.88607989,area_de_pico
lazazzara2018_exp2_bc4_6dpi_r03,lazazzara2018_cmp018,47265.104518574,area_de_pico
lazazzara2018_exp2_bc4_6dpi_r04,lazazzara2018_cmp018,50418.98951935,area_de_pico
lazazzara2018_exp2_bc4_6dpi_r05,lazazzara2018_cmp018,57142.976802684,area_de_pico
lazazzara2018_exp1_k5bb_0dpi_r01,lazazzara2018_cmp018,131952.16055808,area_de_pico
lazazzara2018_exp1_k5bb_0dpi_r02,lazazzara2018_cmp018,43270.0,area_de_pico
lazazzara2018_exp1_k5bb_0dpi_r03,lazazzara2018_cmp018,186836.0,area_de_pico
lazazzara2018_exp1_k5bb_0dpi_r04,lazazzara2018_cmp018,19844.0,area_de_pico
lazazzara2018_exp1_k5bb_0dpi_r05,lazazzara2018_cmp018,41802.447975992,area_de_pico
lazazzara2018_exp2_k5bb_0dpi_r01,lazazzara2018_cmp018,8924.153212366,area_de_pico
lazazzara2018_exp2_k5bb_0dpi_r02,lazazzara2018_cmp018,11887.81430291,area_de_pico
lazazzara2018_exp2_k5bb_0dpi_r03,lazazzara2018_cmp018,5737.91309487,area_de_pico
lazazzara2018_exp2_k5bb_0dpi_r04,lazazzara2018_cmp018,26429.809898192,area_de_pico
lazazzara2018_exp2_k5bb_0dpi_r05,lazazzara2018_cmp018,10389.50205765,area_de_pico
lazazzara2018_exp1_k5bb_6dpi_r01,lazazzara2018_cmp018,186516.28483396,area_de_pico
lazazzara2018_exp1_k5bb_6dpi_r02,lazazzara2018_cmp018,56845.7337492,area_de_pico
lazazzara2018_exp1_k5bb_6dpi_r04,lazazzara2018_cmp018,238989.620050435,area_de_pico
lazazzara2018_exp2_k5bb_6dpi_r01,lazazzara2018_cmp018,121405.280003653,area_de_pico
lazazzara2018_exp2_k5bb_6dpi_r02,lazazzara2018_cmp018,174743.041755912,area_de_pico
lazazzara2018_exp2_k5bb_6dpi_r03,lazazzara2018_cmp018,38634.858892726,area_de_pico
lazazzara2018_exp2_k5bb_6dpi_r04,lazazzara2018_cmp018,55252.31940182,area_de_pico
lazazzara2018_exp2_k5bb_6dpi_r05,lazazzara2018_cmp018,22496.51374276,area_de_pico
lazazzara2018_exp1_so4_0dpi_r01,lazazzara2018_cmp018,123410.0,area_de_pico
lazazzara2018_exp1_so4_0dpi_r02,lazazzara2018_cmp018,49359.2656798,area_de_pico
lazazzara2018_exp1_so4_0dpi_r03,lazazzara2018_cmp018,97845.0,area_de_pico
lazazzara2018_exp1_so4_0dpi_r04,lazazzara2018_cmp018,41482.0,area_de_pico
lazazzara2018_exp1_so4_0dpi_r05,lazazzara2018_cmp018,51834.0,area_de_pico
lazazzara2018_exp2_so4_0dpi_r01,lazazzara2018_cmp018,5813.787432847,area_de_pico
lazazzara2018_exp2_so4_0dpi_r02,lazazzara2018_cmp018,18963.01548999,area_de_pico
lazazzara2018_exp2_so4_0dpi_r03,lazazzara2018_cmp018,10608.122654918,area_de_pico
lazazzara2018_exp2_so4_0dpi_r04,lazazzara2018_cmp018,12507.30382809,area_de_pico
lazazzara2018_exp2_so4_0dpi_r05,lazazzara2018_cmp018,7252.11233393,area_de_pico
lazazzara2018_exp1_so4_6dpi_r01,lazazzara2018_cmp018,339918.91720781,area_de_pico
lazazzara2018_exp1_so4_6dpi_r02,lazazzara2018_cmp018,132465.146708516,area_de_pico
lazazzara2018_exp1_so4_6dpi_r03,lazazzara2018_cmp018,260797.0,area_de_pico
lazazzara2018_exp1_so4_6dpi_r04,lazazzara2018_cmp018,158110.680400997,area_de_pico
lazazzara2018_exp1_so4_6dpi_r05,lazazzara2018_cmp018,31839.0,area_de_pico
lazazzara2018_exp2_so4_6dpi_r01,lazazzara2018_cmp018,10779.842993285,area_de_pico
lazazzara2018_exp2_so4_6dpi_r02,lazazzara2018_cmp018,11266.331455983,area_de_pico
lazazzara2018_exp2_so4_6dpi_r03,lazazzara2018_cmp018,2073.05121708,area_de_pico
lazazzara2018_exp2_so4_6dpi_r04,lazazzara2018_cmp018,13012.342093625,area_de_pico
lazazzara2018_exp2_so4_6dpi_r05,lazazzara2018_cmp018,4915.54920291,area_de_pico
lazazzara2018_exp1_solaris_0dpi_r01,lazazzara2018_cmp018,58444.0,area_de_pico
lazazzara2018_exp1_solaris_0dpi_r02,lazazzara2018_cmp018,360663.55817686,area_de_pico
lazazzara2018_exp1_solaris_0dpi_r03,lazazzara2018_cmp018,10145.2855998,area_de_pico
lazazzara2018_exp1_solaris_0dpi_r04,lazazzara2018_cmp018,204902.0,area_de_pico
lazazzara2018_exp1_solaris_0dpi_r05,lazazzara2018_cmp018,212343.888066856,area_de_pico
lazazzara2018_exp2_solaris_0dpi_r01,lazazzara2018_cmp018,7688.998685824,area_de_pico
lazazzara2018_exp2_solaris_0dpi_r02,lazazzara2018_cmp018,12153.04190898,area_de_pico
lazazzara2018_exp2_solaris_0dpi_r03,lazazzara2018_cmp018,6629.77024295,area_de_pico
lazazzara2018_exp2_solaris_0dpi_r04,lazazzara2018_cmp018,20563.721637861,area_de_pico
lazazzara2018_exp2_solaris_0dpi_r05,lazazzara2018_cmp018,2232.115337918,area_de_pico
lazazzara2018_exp1_solaris_6dpi_r01,lazazzara2018_cmp018,217943.22549471,area_de_pico
lazazzara2018_exp1_solaris_6dpi_r02,lazazzara2018_cmp018,744227.436601028,area_de_pico
lazazzara2018_exp1_solaris_6dpi_r03,lazazzara2018_cmp018,1276449.32684776,area_de_pico
lazazzara2018_exp1_solaris_6dpi_r04,lazazzara2018_cmp018,358626.335906852,area_de_pico
lazazzara2018_exp1_solaris_6dpi_r05,lazazzara2018_cmp018,1846562.92304202,area_de_pico
lazazzara2018_exp2_solaris_6dpi_r01,lazazzara2018_cmp018,26470.25137544,area_de_pico
lazazzara2018_exp2_solaris_6dpi_r02,lazazzara2018_cmp018,26102.385089664,area_de_pico
lazazzara2018_exp2_solaris_6dpi_r03,lazazzara2018_cmp018,19411.42544334,area_de_pico
lazazzara2018_exp2_solaris_6dpi_r04,lazazzara2018_cmp018,30855.741717308,area_de_pico
lazazzara2018_exp2_solaris_6dpi_r05,lazazzara2018_cmp018,42597.71549018,area_de_pico
lazazzara2018_exp1_pinotnoir_0dpi_r01,lazazzara2018_cmp019,1397.0,area_de_pico
lazazzara2018_exp1_pinotnoir_0dpi_r02,lazazzara2018_cmp019,2525.0,area_de_pico
lazazzara2018_exp1_pinotnoir_0dpi_r03,lazazzara2018_cmp019,2987.0,area_de_pico
lazazzara2018_exp1_pinotnoir_0dpi_r04,lazazzara2018_cmp019,6760.974660944,area_de_pico
lazazzara2018_exp1_pinotnoir_0dpi_r05,lazazzara2018_cmp019,5101.884208283,area_de_pico
lazazzara2018_exp2_pinotnoir_0dpi_r01,lazazzara2018_cmp019,7493.37262815,area_de_pico
lazazzara2018_exp2_pinotnoir_0dpi_r02,lazazzara2018_cmp019,4679.359315716,area_de_pico
lazazzara2018_exp2_pinotnoir_0dpi_r03,lazazzara2018_cmp019,18498.463535475,area_de_pico
lazazzara2018_exp2_pinotnoir_0dpi_r04,lazazzara2018_cmp019,46227.96721958,area_de_pico
lazazzara2018_exp2_pinotnoir_0dpi_r05,lazazzara2018_cmp019,16441.733624483,area_de_pico
lazazzara2018_exp1_pinotnoir_6dpi_r01,lazazzara2018_cmp019,4560.9006048,area_de_pico
lazazzara2018_exp1_pinotnoir_6dpi_r02,lazazzara2018_cmp019,3670.0,area_de_pico
lazazzara2018_exp1_pinotnoir_6dpi_r03,lazazzara2018_cmp019,446.255203722,area_de_pico
lazazzara2018_exp1_pinotnoir_6dpi_r04,lazazzara2018_cmp019,3020.0,area_de_pico
lazazzara2018_exp1_pinotnoir_6dpi_r05,lazazzara2018_cmp019,43959.61770134,area_de_pico
lazazzara2018_exp2_pinotnoir_6dpi_r01,lazazzara2018_cmp019,2424.19927264,area_de_pico
lazazzara2018_exp2_pinotnoir_6dpi_r02,lazazzara2018_cmp019,2147.21718276,area_de_pico
lazazzara2018_exp2_pinotnoir_6dpi_r03,lazazzara2018_cmp019,1979.49313892,area_de_pico
lazazzara2018_exp2_pinotnoir_6dpi_r04,lazazzara2018_cmp019,972.31311501,area_de_pico
lazazzara2018_exp2_pinotnoir_6dpi_r05,lazazzara2018_cmp019,4622.0375085,area_de_pico
lazazzara2018_exp1_bc4_0dpi_r01,lazazzara2018_cmp019,103202.232376434,area_de_pico
lazazzara2018_exp1_bc4_0dpi_r02,lazazzara2018_cmp019,6564.492164482,area_de_pico
lazazzara2018_exp1_bc4_0dpi_r03,lazazzara2018_cmp019,1084084.45773951,area_de_pico
lazazzara2018_exp1_bc4_0dpi_r04,lazazzara2018_cmp019,1785.0,area_de_pico
lazazzara2018_exp1_bc4_0dpi_r05,lazazzara2018_cmp019,1407.0,area_de_pico
lazazzara2018_exp2_bc4_0dpi_r01,lazazzara2018_cmp019,136.5392475,area_de_pico
lazazzara2018_exp2_bc4_0dpi_r02,lazazzara2018_cmp019,1236.482134272,area_de_pico
lazazzara2018_exp2_bc4_0dpi_r03,lazazzara2018_cmp019,6497.5912017,area_de_pico
lazazzara2018_exp2_bc4_0dpi_r04,lazazzara2018_cmp019,6796.3557718038,area_de_pico
lazazzara2018_exp2_bc4_0dpi_r05,lazazzara2018_cmp019,1620.031255546,area_de_pico
lazazzara2018_exp1_bc4_6dpi_r01,lazazzara2018_cmp019,1937.0,area_de_pico
lazazzara2018_exp1_bc4_6dpi_r02,lazazzara2018_cmp019,1217.0,area_de_pico
lazazzara2018_exp1_bc4_6dpi_r03,lazazzara2018_cmp019,2766.0,area_de_pico
lazazzara2018_exp1_bc4_6dpi_r04,lazazzara2018_cmp019,1840.0,area_de_pico
lazazzara2018_exp1_bc4_6dpi_r05,lazazzara2018_cmp019,1791.0,area_de_pico
lazazzara2018_exp2_bc4_6dpi_r01,lazazzara2018_cmp019,10615.4526217,area_de_pico
lazazzara2018_exp2_bc4_6dpi_r02,lazazzara2018_cmp019,3420.5785119168,area_de_pico
lazazzara2018_exp2_bc4_6dpi_r03,lazazzara2018_cmp019,1258.3263987252,area_de_pico
lazazzara2018_exp2_bc4_6dpi_r04,lazazzara2018_cmp019,1696.472496183,area_de_pico
lazazzara2018_exp2_bc4_6dpi_r05,lazazzara2018_cmp019,1372.5721021651,area_de_pico
lazazzara2018_exp1_k5bb_0dpi_r01,lazazzara2018_cmp019,7725.347348082,area_de_pico
lazazzara2018_exp1_k5bb_0dpi_r02,lazazzara2018_cmp019,10173.6082876152,area_de_pico
lazazzara2018_exp1_k5bb_0dpi_r03,lazazzara2018_cmp019,296872.867568972,area_de_pico
lazazzara2018_exp1_k5bb_0dpi_r04,lazazzara2018_cmp019,615532.99466581,area_de_pico
lazazzara2018_exp1_k5bb_0dpi_r05,lazazzara2018_cmp019,142730.276639728,area_de_pico
lazazzara2018_exp2_k5bb_0dpi_r01,lazazzara2018_cmp019,12686.471722165,area_de_pico
lazazzara2018_exp2_k5bb_0dpi_r02,lazazzara2018_cmp019,2846.32773472,area_de_pico
lazazzara2018_exp2_k5bb_0dpi_r03,lazazzara2018_cmp019,26098.382121748,area_de_pico
lazazzara2018_exp2_k5bb_0dpi_r04,lazazzara2018_cmp019,22644.686718602,area_de_pico
lazazzara2018_exp2_k5bb_0dpi_r05,lazazzara2018_cmp019,13173.328979175,area_de_pico
lazazzara2018_exp1_k5bb_6dpi_r01,lazazzara2018_cmp019,3830.07053186,area_de_pico
lazazzara2018_exp1_k5bb_6dpi_r02,lazazzara2018_cmp019,106827.501024418,area_de_pico
lazazzara2018_exp1_k5bb_6dpi_r04,lazazzara2018_cmp019,8973.21362549,area_de_pico
lazazzara2018_exp2_k5bb_6dpi_r01,lazazzara2018_cmp019,16815.110807053,area_de_pico
lazazzara2018_exp2_k5bb_6dpi_r02,lazazzara2018_cmp019,39918.83955417,area_de_pico
lazazzara2018_exp2_k5bb_6dpi_r03,lazazzara2018_cmp019,14391.232009072,area_de_pico
lazazzara2018_exp2_k5bb_6dpi_r04,lazazzara2018_cmp019,18645.013262312,area_de_pico
lazazzara2018_exp2_k5bb_6dpi_r05,lazazzara2018_cmp019,326172.577964342,area_de_pico
lazazzara2018_exp1_so4_0dpi_r01,lazazzara2018_cmp019,3890.2553996382,area_de_pico
lazazzara2018_exp1_so4_0dpi_r02,lazazzara2018_cmp019,2106.0,area_de_pico
lazazzara2018_exp1_so4_0dpi_r03,lazazzara2018_cmp019,1718.0,area_de_pico
lazazzara2018_exp1_so4_0dpi_r04,lazazzara2018_cmp019,8729.445628334,area_de_pico
lazazzara2018_exp1_so4_0dpi_r05,lazazzara2018_cmp019,1877.0,area_de_pico
lazazzara2018_exp2_so4_0dpi_r01,lazazzara2018_cmp019,1396.462184696,area_de_pico
lazazzara2018_exp2_so4_0dpi_r02,lazazzara2018_cmp019,32852.631958068,area_de_pico
lazazzara2018_exp2_so4_0dpi_r03,lazazzara2018_cmp019,55454.865682546,area_de_pico
lazazzara2018_exp2_so4_0dpi_r04,lazazzara2018_cmp019,66117.172991696,area_de_pico
lazazzara2018_exp2_so4_0dpi_r05,lazazzara2018_cmp019,40703.950466471,area_de_pico
lazazzara2018_exp1_so4_6dpi_r01,lazazzara2018_cmp019,1152.0,area_de_pico
lazazzara2018_exp1_so4_6dpi_r02,lazazzara2018_cmp019,3277.4970016867,area_de_pico
lazazzara2018_exp1_so4_6dpi_r03,lazazzara2018_cmp019,6055.573870961,area_de_pico
lazazzara2018_exp1_so4_6dpi_r04,lazazzara2018_cmp019,5084.982230262,area_de_pico
lazazzara2018_exp1_so4_6dpi_r05,lazazzara2018_cmp019,1983.0,area_de_pico
lazazzara2018_exp2_so4_6dpi_r01,lazazzara2018_cmp019,391167.509770444,area_de_pico
lazazzara2018_exp2_so4_6dpi_r02,lazazzara2018_cmp019,169132.469117214,area_de_pico
lazazzara2018_exp2_so4_6dpi_r03,lazazzara2018_cmp019,434651.008361244,area_de_pico
lazazzara2018_exp2_so4_6dpi_r04,lazazzara2018_cmp019,5602.348937681,area_de_pico
lazazzara2018_exp2_so4_6dpi_r05,lazazzara2018_cmp019,15177.19550296,area_de_pico
lazazzara2018_exp1_solaris_0dpi_r01,lazazzara2018_cmp019,1556.755335624,area_de_pico
lazazzara2018_exp1_solaris_0dpi_r02,lazazzara2018_cmp019,2945.0,area_de_pico
lazazzara2018_exp1_solaris_0dpi_r03,lazazzara2018_cmp019,5503.0,area_de_pico
lazazzara2018_exp1_solaris_0dpi_r04,lazazzara2018_cmp019,1918.0,area_de_pico
lazazzara2018_exp1_solaris_0dpi_r05,lazazzara2018_cmp019,1173.0,area_de_pico
lazazzara2018_exp2_solaris_0dpi_r01,lazazzara2018_cmp019,2738.884713385,area_de_pico
lazazzara2018_exp2_solaris_0dpi_r02,lazazzara2018_cmp019,5891.8959101578,area_de_pico
lazazzara2018_exp2_solaris_0dpi_r03,lazazzara2018_cmp019,301.7507512,area_de_pico
lazazzara2018_exp2_solaris_0dpi_r04,lazazzara2018_cmp019,3646.78337223,area_de_pico
lazazzara2018_exp2_solaris_0dpi_r05,lazazzara2018_cmp019,2596.590909256,area_de_pico
lazazzara2018_exp1_solaris_6dpi_r01,lazazzara2018_cmp019,2088.0,area_de_pico
lazazzara2018_exp1_solaris_6dpi_r02,lazazzara2018_cmp019,6589.98724883,area_de_pico
lazazzara2018_exp1_solaris_6dpi_r03,lazazzara2018_cmp019,1875.6919474603,area_de_pico
lazazzara2018_exp1_solaris_6dpi_r04,lazazzara2018_cmp019,1047.0,area_de_pico
lazazzara2018_exp1_solaris_6dpi_r05,lazazzara2018_cmp019,1958.0,area_de_pico
lazazzara2018_exp2_solaris_6dpi_r01,lazazzara2018_cmp019,4349.6723657936,area_de_pico
lazazzara2018_exp2_solaris_6dpi_r02,lazazzara2018_cmp019,1098.0,area_de_pico
lazazzara2018_exp2_solaris_6dpi_r03,lazazzara2018_cmp019,2943.075880077,area_de_pico
lazazzara2018_exp2_solaris_6dpi_r04,lazazzara2018_cmp019,12328.12373013,area_de_pico
lazazzara2018_exp2_solaris_6dpi_r05,lazazzara2018_cmp019,2766.402135643,area_de_pico
lazazzara2018_exp1_pinotnoir_0dpi_r01,lazazzara2018_cmp020,22684.0,area_de_pico
lazazzara2018_exp1_pinotnoir_0dpi_r02,lazazzara2018_cmp020,1984022.0,area_de_pico
lazazzara2018_exp1_pinotnoir_0dpi_r03,lazazzara2018_cmp020,4371226.08881686,area_de_pico
lazazzara2018_exp1_pinotnoir_0dpi_r04,lazazzara2018_cmp020,8724.5124373,area_de_pico
lazazzara2018_exp1_pinotnoir_0dpi_r05,lazazzara2018_cmp020,4169911.48266325,area_de_pico
lazazzara2018_exp2_pinotnoir_0dpi_r01,lazazzara2018_cmp020,2638162.84955778,area_de_pico
lazazzara2018_exp2_pinotnoir_0dpi_r02,lazazzara2018_cmp020,8436295.20266918,area_de_pico
lazazzara2018_exp2_pinotnoir_0dpi_r03,lazazzara2018_cmp020,9598377.10873234,area_de_pico
lazazzara2018_exp2_pinotnoir_0dpi_r04,lazazzara2018_cmp020,229312.019042306,area_de_pico
lazazzara2018_exp2_pinotnoir_0dpi_r05,lazazzara2018_cmp020,6011536.74756043,area_de_pico
lazazzara2018_exp1_pinotnoir_6dpi_r01,lazazzara2018_cmp020,2735820.0,area_de_pico
lazazzara2018_exp1_pinotnoir_6dpi_r02,lazazzara2018_cmp020,2389766.6921039,area_de_pico
lazazzara2018_exp1_pinotnoir_6dpi_r03,lazazzara2018_cmp020,206258.0,area_de_pico
lazazzara2018_exp1_pinotnoir_6dpi_r04,lazazzara2018_cmp020,1997033.14758483,area_de_pico
lazazzara2018_exp1_pinotnoir_6dpi_r05,lazazzara2018_cmp020,27537.0,area_de_pico
lazazzara2018_exp2_pinotnoir_6dpi_r01,lazazzara2018_cmp020,1875728.55185394,area_de_pico
lazazzara2018_exp2_pinotnoir_6dpi_r02,lazazzara2018_cmp020,3628536.3552966,area_de_pico
lazazzara2018_exp2_pinotnoir_6dpi_r03,lazazzara2018_cmp020,4961839.42859895,area_de_pico
lazazzara2018_exp2_pinotnoir_6dpi_r04,lazazzara2018_cmp020,2476948.69637345,area_de_pico
lazazzara2018_exp2_pinotnoir_6dpi_r05,lazazzara2018_cmp020,5406198.92064332,area_de_pico
lazazzara2018_exp1_bc4_0dpi_r01,lazazzara2018_cmp020,27040.92587364,area_de_pico
lazazzara2018_exp1_bc4_0dpi_r02,lazazzara2018_cmp020,43885.0,area_de_pico
lazazzara2018_exp1_bc4_0dpi_r03,lazazzara2018_cmp020,37857.0,area_de_pico
lazazzara2018_exp1_bc4_0dpi_r04,lazazzara2018_cmp020,1670350.0,area_de_pico
lazazzara2018_exp1_bc4_0dpi_r05,lazazzara2018_cmp020,3066413.0,area_de_pico
lazazzara2018_exp2_bc4_0dpi_r01,lazazzara2018_cmp020,3112450.66013728,area_de_pico
lazazzara2018_exp2_bc4_0dpi_r02,lazazzara2018_cmp020,7410877.47870213,area_de_pico
lazazzara2018_exp2_bc4_0dpi_r03,lazazzara2018_cmp020,4711102.4584668,area_de_pico
lazazzara2018_exp2_bc4_0dpi_r04,lazazzara2018_cmp020,5634288.11423766,area_de_pico
lazazzara2018_exp2_bc4_0dpi_r05,lazazzara2018_cmp020,10393162.6240203,area_de_pico
lazazzara2018_exp1_bc4_6dpi_r01,lazazzara2018_cmp020,8844.34880356,area_de_pico
lazazzara2018_exp1_bc4_6dpi_r02,lazazzara2018_cmp020,3725995.93991228,area_de_pico
lazazzara2018_exp1_bc4_6dpi_r03,lazazzara2018_cmp020,33512.44811476,area_de_pico
lazazzara2018_exp1_bc4_6dpi_r04,lazazzara2018_cmp020,13744.0,area_de_pico
lazazzara2018_exp1_bc4_6dpi_r05,lazazzara2018_cmp020,2902997.0,area_de_pico
lazazzara2018_exp2_bc4_6dpi_r01,lazazzara2018_cmp020,6222015.25520438,area_de_pico
lazazzara2018_exp2_bc4_6dpi_r02,lazazzara2018_cmp020,4986785.47864843,area_de_pico
lazazzara2018_exp2_bc4_6dpi_r03,lazazzara2018_cmp020,8082271.04652195,area_de_pico
lazazzara2018_exp2_bc4_6dpi_r04,lazazzara2018_cmp020,4365562.43853796,area_de_pico
lazazzara2018_exp2_bc4_6dpi_r05,lazazzara2018_cmp020,13675799.969954,area_de_pico
lazazzara2018_exp1_k5bb_0dpi_r01,lazazzara2018_cmp020,3829709.86945033,area_de_pico
lazazzara2018_exp1_k5bb_0dpi_r02,lazazzara2018_cmp020,6094255.54918396,area_de_pico
lazazzara2018_exp1_k5bb_0dpi_r03,lazazzara2018_cmp020,2610991.0,area_de_pico
lazazzara2018_exp1_k5bb_0dpi_r04,lazazzara2018_cmp020,14343.0,area_de_pico
lazazzara2018_exp1_k5bb_0dpi_r05,lazazzara2018_cmp020,1175119.26140721,area_de_pico
lazazzara2018_exp2_k5bb_0dpi_r01,lazazzara2018_cmp020,7037779.28073996,area_de_pico
lazazzara2018_exp2_k5bb_0dpi_r02,lazazzara2018_cmp020,5504972.23496498,area_de_pico
lazazzara2018_exp2_k5bb_0dpi_r03,lazazzara2018_cmp020,5765891.99692627,area_de_pico
lazazzara2018_exp2_k5bb_0dpi_r04,lazazzara2018_cmp020,12295692.9755935,area_de_pico
lazazzara2018_exp2_k5bb_0dpi_r05,lazazzara2018_cmp020,2894583.73773865,area_de_pico
lazazzara2018_exp1_k5bb_6dpi_r01,lazazzara2018_cmp020,14265.0,area_de_pico
lazazzara2018_exp1_k5bb_6dpi_r02,lazazzara2018_cmp020,16722.54843416,area_de_pico
lazazzara2018_exp1_k5bb_6dpi_r04,lazazzara2018_cmp020,1342104.14944105,area_de_pico
lazazzara2018_exp2_k5bb_6dpi_r01,lazazzara2018_cmp020,3099307.6537193,area_de_pico
lazazzara2018_exp2_k5bb_6dpi_r02,lazazzara2018_cmp020,15194238.5055194,area_de_pico
lazazzara2018_exp2_k5bb_6dpi_r03,lazazzara2018_cmp020,7272494.1229827,area_de_pico
lazazzara2018_exp2_k5bb_6dpi_r04,lazazzara2018_cmp020,5748450.24916542,area_de_pico
lazazzara2018_exp2_k5bb_6dpi_r05,lazazzara2018_cmp020,6486038.41053926,area_de_pico
lazazzara2018_exp1_so4_0dpi_r01,lazazzara2018_cmp020,3629968.67397038,area_de_pico
lazazzara2018_exp1_so4_0dpi_r02,lazazzara2018_cmp020,45614.7333084,area_de_pico
lazazzara2018_exp1_so4_0dpi_r03,lazazzara2018_cmp020,14447.0,area_de_pico
lazazzara2018_exp1_so4_0dpi_r04,lazazzara2018_cmp020,940031.11515375,area_de_pico
lazazzara2018_exp1_so4_0dpi_r05,lazazzara2018_cmp020,1661058.2927338,area_de_pico
lazazzara2018_exp2_so4_0dpi_r01,lazazzara2018_cmp020,5549761.3819373,area_de_pico
lazazzara2018_exp2_so4_0dpi_r02,lazazzara2018_cmp020,8780546.34822041,area_de_pico
lazazzara2018_exp2_so4_0dpi_r03,lazazzara2018_cmp020,4216476.16962132,area_de_pico
lazazzara2018_exp2_so4_0dpi_r04,lazazzara2018_cmp020,5911075.00550333,area_de_pico
lazazzara2018_exp2_so4_0dpi_r05,lazazzara2018_cmp020,2616321.80527538,area_de_pico
lazazzara2018_exp1_so4_6dpi_r01,lazazzara2018_cmp020,3388994.71871936,area_de_pico
lazazzara2018_exp1_so4_6dpi_r02,lazazzara2018_cmp020,4174.30313344,area_de_pico
lazazzara2018_exp1_so4_6dpi_r03,lazazzara2018_cmp020,2389652.0,area_de_pico
lazazzara2018_exp1_so4_6dpi_r04,lazazzara2018_cmp020,385282.0,area_de_pico
lazazzara2018_exp1_so4_6dpi_r05,lazazzara2018_cmp020,3209108.0,area_de_pico
lazazzara2018_exp2_so4_6dpi_r01,lazazzara2018_cmp020,3346050.79428974,area_de_pico
lazazzara2018_exp2_so4_6dpi_r02,lazazzara2018_cmp020,2185183.52048895,area_de_pico
lazazzara2018_exp2_so4_6dpi_r03,lazazzara2018_cmp020,2095896.77340605,area_de_pico
lazazzara2018_exp2_so4_6dpi_r04,lazazzara2018_cmp020,2493486.32898119,area_de_pico
lazazzara2018_exp2_so4_6dpi_r05,lazazzara2018_cmp020,2427127.38139783,area_de_pico
lazazzara2018_exp1_solaris_0dpi_r01,lazazzara2018_cmp020,8021817.37427136,area_de_pico
lazazzara2018_exp1_solaris_0dpi_r02,lazazzara2018_cmp020,39094.0,area_de_pico
lazazzara2018_exp1_solaris_0dpi_r03,lazazzara2018_cmp020,18613.0,area_de_pico
lazazzara2018_exp1_solaris_0dpi_r04,lazazzara2018_cmp020,3116790.94168774,area_de_pico
lazazzara2018_exp1_solaris_0dpi_r05,lazazzara2018_cmp020,2555303.25684859,area_de_pico
lazazzara2018_exp2_solaris_0dpi_r01,lazazzara2018_cmp020,2833306.56583602,area_de_pico
lazazzara2018_exp2_solaris_0dpi_r02,lazazzara2018_cmp020,8015201.11540954,area_de_pico
lazazzara2018_exp2_solaris_0dpi_r03,lazazzara2018_cmp020,10102028.4885533,area_de_pico
lazazzara2018_exp2_solaris_0dpi_r04,lazazzara2018_cmp020,6681532.48080134,area_de_pico
lazazzara2018_exp2_solaris_0dpi_r05,lazazzara2018_cmp020,9259845.96663927,area_de_pico
lazazzara2018_exp1_solaris_6dpi_r01,lazazzara2018_cmp020,26099.0,area_de_pico
lazazzara2018_exp1_solaris_6dpi_r02,lazazzara2018_cmp020,7359.0,area_de_pico
lazazzara2018_exp1_solaris_6dpi_r03,lazazzara2018_cmp020,102867.0,area_de_pico
lazazzara2018_exp1_solaris_6dpi_r04,lazazzara2018_cmp020,446556.0,area_de_pico
lazazzara2018_exp1_solaris_6dpi_r05,lazazzara2018_cmp020,2052632.95953973,area_de_pico
lazazzara2018_exp2_solaris_6dpi_r01,lazazzara2018_cmp020,8973646.17092306,area_de_pico
lazazzara2018_exp2_solaris_6dpi_r02,lazazzara2018_cmp020,10210998.1053424,area_de_pico
lazazzara2018_exp2_solaris_6dpi_r03,lazazzara2018_cmp020,11054261.5808889,area_de_pico
lazazzara2018_exp2_solaris_6dpi_r04,lazazzara2018_cmp020,9899019.57262926,area_de_pico
lazazzara2018_exp2_solaris_6dpi_r05,lazazzara2018_cmp020,12774389.4710375,area_de_pico
lazazzara2018_exp1_pinotnoir_0dpi_r01,lazazzara2018_cmp021,200188.64869646,area_de_pico
lazazzara2018_exp1_pinotnoir_0dpi_r02,lazazzara2018_cmp021,446497.0,area_de_pico
lazazzara2018_exp1_pinotnoir_0dpi_r03,lazazzara2018_cmp021,330301.00747091,area_de_pico
lazazzara2018_exp1_pinotnoir_0dpi_r04,lazazzara2018_cmp021,38217.245886,area_de_pico
lazazzara2018_exp1_pinotnoir_0dpi_r05,lazazzara2018_cmp021,842791.14823391,area_de_pico
lazazzara2018_exp2_pinotnoir_0dpi_r01,lazazzara2018_cmp021,10801.59542303,area_de_pico
lazazzara2018_exp2_pinotnoir_0dpi_r02,lazazzara2018_cmp021,150612.06304517,area_de_pico
lazazzara2018_exp2_pinotnoir_0dpi_r03,lazazzara2018_cmp021,98493.03531509,area_de_pico
lazazzara2018_exp2_pinotnoir_0dpi_r04,lazazzara2018_cmp021,63442.042639616,area_de_pico
lazazzara2018_exp2_pinotnoir_0dpi_r05,lazazzara2018_cmp021,25423.749611,area_de_pico
lazazzara2018_exp1_pinotnoir_6dpi_r01,lazazzara2018_cmp021,24590.45423763,area_de_pico
lazazzara2018_exp1_pinotnoir_6dpi_r02,lazazzara2018_cmp021,38995.3711736,area_de_pico
lazazzara2018_exp1_pinotnoir_6dpi_r03,lazazzara2018_cmp021,69676.0,area_de_pico
lazazzara2018_exp1_pinotnoir_6dpi_r04,lazazzara2018_cmp021,229607.94504798,area_de_pico
lazazzara2018_exp1_pinotnoir_6dpi_r05,lazazzara2018_cmp021,303105.0,area_de_pico
lazazzara2018_exp2_pinotnoir_6dpi_r01,lazazzara2018_cmp021,152498.27360396,area_de_pico
lazazzara2018_exp2_pinotnoir_6dpi_r02,lazazzara2018_cmp021,20930.8926513,area_de_pico
lazazzara2018_exp2_pinotnoir_6dpi_r03,lazazzara2018_cmp021,35019.7537676,area_de_pico
lazazzara2018_exp2_pinotnoir_6dpi_r04,lazazzara2018_cmp021,114068.33517784,area_de_pico
lazazzara2018_exp2_pinotnoir_6dpi_r05,lazazzara2018_cmp021,87530.86250258,area_de_pico
lazazzara2018_exp1_bc4_0dpi_r01,lazazzara2018_cmp021,212134.72094946,area_de_pico
lazazzara2018_exp1_bc4_0dpi_r02,lazazzara2018_cmp021,295839.86306319,area_de_pico
lazazzara2018_exp1_bc4_0dpi_r03,lazazzara2018_cmp021,172270.85324855,area_de_pico
lazazzara2018_exp1_bc4_0dpi_r04,lazazzara2018_cmp021,91006.0,area_de_pico
lazazzara2018_exp1_bc4_0dpi_r05,lazazzara2018_cmp021,194787.8279574,area_de_pico
lazazzara2018_exp2_bc4_0dpi_r01,lazazzara2018_cmp021,73088.47074728,area_de_pico
lazazzara2018_exp2_bc4_0dpi_r02,lazazzara2018_cmp021,19524.781513253,area_de_pico
lazazzara2018_exp2_bc4_0dpi_r03,lazazzara2018_cmp021,26562.39352881,area_de_pico
lazazzara2018_exp2_bc4_0dpi_r04,lazazzara2018_cmp021,82488.79552175,area_de_pico
lazazzara2018_exp2_bc4_0dpi_r05,lazazzara2018_cmp021,42973.6398536,area_de_pico
lazazzara2018_exp1_bc4_6dpi_r01,lazazzara2018_cmp021,16285.5395932,area_de_pico
lazazzara2018_exp1_bc4_6dpi_r02,lazazzara2018_cmp021,187914.0,area_de_pico
lazazzara2018_exp1_bc4_6dpi_r03,lazazzara2018_cmp021,476422.91520113,area_de_pico
lazazzara2018_exp1_bc4_6dpi_r04,lazazzara2018_cmp021,8886.68410287,area_de_pico
lazazzara2018_exp1_bc4_6dpi_r05,lazazzara2018_cmp021,423967.0,area_de_pico
lazazzara2018_exp2_bc4_6dpi_r01,lazazzara2018_cmp021,42508.91265807,area_de_pico
lazazzara2018_exp2_bc4_6dpi_r02,lazazzara2018_cmp021,240584.63721725,area_de_pico
lazazzara2018_exp2_bc4_6dpi_r03,lazazzara2018_cmp021,143276.38969494,area_de_pico
lazazzara2018_exp2_bc4_6dpi_r04,lazazzara2018_cmp021,150996.08913217,area_de_pico
lazazzara2018_exp2_bc4_6dpi_r05,lazazzara2018_cmp021,48898.22684379,area_de_pico
lazazzara2018_exp1_k5bb_0dpi_r01,lazazzara2018_cmp021,955815.6156704,area_de_pico
lazazzara2018_exp1_k5bb_0dpi_r02,lazazzara2018_cmp021,893515.0,area_de_pico
lazazzara2018_exp1_k5bb_0dpi_r03,lazazzara2018_cmp021,775771.0,area_de_pico
lazazzara2018_exp1_k5bb_0dpi_r04,lazazzara2018_cmp021,1005938.48013496,area_de_pico
lazazzara2018_exp1_k5bb_0dpi_r05,lazazzara2018_cmp021,555052.0,area_de_pico
lazazzara2018_exp2_k5bb_0dpi_r01,lazazzara2018_cmp021,481856.91887448,area_de_pico
lazazzara2018_exp2_k5bb_0dpi_r02,lazazzara2018_cmp021,20888.630629312,area_de_pico
lazazzara2018_exp2_k5bb_0dpi_r03,lazazzara2018_cmp021,105308.9477725,area_de_pico
lazazzara2018_exp2_k5bb_0dpi_r04,lazazzara2018_cmp021,195504.07864285,area_de_pico
lazazzara2018_exp2_k5bb_0dpi_r05,lazazzara2018_cmp021,17553.68280826,area_de_pico
lazazzara2018_exp1_k5bb_6dpi_r01,lazazzara2018_cmp021,713131.0,area_de_pico
lazazzara2018_exp1_k5bb_6dpi_r02,lazazzara2018_cmp021,186786.27194178,area_de_pico
lazazzara2018_exp1_k5bb_6dpi_r04,lazazzara2018_cmp021,147251.6149068,area_de_pico
lazazzara2018_exp2_k5bb_6dpi_r01,lazazzara2018_cmp021,8931.13442095,area_de_pico
lazazzara2018_exp2_k5bb_6dpi_r02,lazazzara2018_cmp021,232570.25638059,area_de_pico
lazazzara2018_exp2_k5bb_6dpi_r03,lazazzara2018_cmp021,119315.70065595,area_de_pico
lazazzara2018_exp2_k5bb_6dpi_r04,lazazzara2018_cmp021,138669.54458654,area_de_pico
lazazzara2018_exp2_k5bb_6dpi_r05,lazazzara2018_cmp021,13377.13787344,area_de_pico
lazazzara2018_exp1_so4_0dpi_r01,lazazzara2018_cmp021,245118.03752877,area_de_pico
lazazzara2018_exp1_so4_0dpi_r02,lazazzara2018_cmp021,846007.94387634,area_de_pico
lazazzara2018_exp1_so4_0dpi_r03,lazazzara2018_cmp021,170708.93716798,area_de_pico
lazazzara2018_exp1_so4_0dpi_r04,lazazzara2018_cmp021,229731.61395384,area_de_pico
lazazzara2018_exp1_so4_0dpi_r05,lazazzara2018_cmp021,199943.99424659,area_de_pico
lazazzara2018_exp2_so4_0dpi_r01,lazazzara2018_cmp021,213745.31059946,area_de_pico
lazazzara2018_exp2_so4_0dpi_r02,lazazzara2018_cmp021,249595.29905346,area_de_pico
lazazzara2018_exp2_so4_0dpi_r03,lazazzara2018_cmp021,167998.28931786,area_de_pico
lazazzara2018_exp2_so4_0dpi_r04,lazazzara2018_cmp021,130638.321416407,area_de_pico
lazazzara2018_exp2_so4_0dpi_r05,lazazzara2018_cmp021,147268.64883843,area_de_pico
lazazzara2018_exp1_so4_6dpi_r01,lazazzara2018_cmp021,371606.76320372,area_de_pico
lazazzara2018_exp1_so4_6dpi_r02,lazazzara2018_cmp021,8898.5711103,area_de_pico
lazazzara2018_exp1_so4_6dpi_r03,lazazzara2018_cmp021,651653.0,area_de_pico
lazazzara2018_exp1_so4_6dpi_r04,lazazzara2018_cmp021,227040.0,area_de_pico
lazazzara2018_exp1_so4_6dpi_r05,lazazzara2018_cmp021,282177.36117091,area_de_pico
lazazzara2018_exp2_so4_6dpi_r01,lazazzara2018_cmp021,115622.203810276,area_de_pico
lazazzara2018_exp2_so4_6dpi_r02,lazazzara2018_cmp021,68912.7706391,area_de_pico
lazazzara2018_exp2_so4_6dpi_r03,lazazzara2018_cmp021,51316.99944506,area_de_pico
lazazzara2018_exp2_so4_6dpi_r04,lazazzara2018_cmp021,44241.00947934,area_de_pico
lazazzara2018_exp2_so4_6dpi_r05,lazazzara2018_cmp021,83317.63362665,area_de_pico
lazazzara2018_exp1_solaris_0dpi_r01,lazazzara2018_cmp021,269677.27167073,area_de_pico
lazazzara2018_exp1_solaris_0dpi_r02,lazazzara2018_cmp021,7798.6986846,area_de_pico
lazazzara2018_exp1_solaris_0dpi_r03,lazazzara2018_cmp021,204477.80354946,area_de_pico
lazazzara2018_exp1_solaris_0dpi_r04,lazazzara2018_cmp021,186576.28127488,area_de_pico
lazazzara2018_exp1_solaris_0dpi_r05,lazazzara2018_cmp021,751410.0,area_de_pico
lazazzara2018_exp2_solaris_0dpi_r01,lazazzara2018_cmp021,167979.3248076,area_de_pico
lazazzara2018_exp2_solaris_0dpi_r02,lazazzara2018_cmp021,260752.48479252,area_de_pico
lazazzara2018_exp2_solaris_0dpi_r03,lazazzara2018_cmp021,104256.12056864,area_de_pico
lazazzara2018_exp2_solaris_0dpi_r04,lazazzara2018_cmp021,221424.08186123,area_de_pico
lazazzara2018_exp2_solaris_0dpi_r05,lazazzara2018_cmp021,209071.91393564,area_de_pico
lazazzara2018_exp1_solaris_6dpi_r01,lazazzara2018_cmp021,249814.7087436,area_de_pico
lazazzara2018_exp1_solaris_6dpi_r02,lazazzara2018_cmp021,811507.6934913,area_de_pico
lazazzara2018_exp1_solaris_6dpi_r03,lazazzara2018_cmp021,837817.0,area_de_pico
lazazzara2018_exp1_solaris_6dpi_r04,lazazzara2018_cmp021,416942.0,area_de_pico
lazazzara2018_exp1_solaris_6dpi_r05,lazazzara2018_cmp021,883427.0,area_de_pico
lazazzara2018_exp2_solaris_6dpi_r01,lazazzara2018_cmp021,262405.092318,area_de_pico
lazazzara2018_exp2_solaris_6dpi_r02,lazazzara2018_cmp021,482210.3421789,area_de_pico
lazazzara2018_exp2_solaris_6dpi_r03,lazazzara2018_cmp021,166189.35484865,area_de_pico
lazazzara2018_exp2_solaris_6dpi_r04,lazazzara2018_cmp021,117058.65197131,area_de_pico
lazazzara2018_exp2_solaris_6dpi_r05,lazazzara2018_cmp021,195454.26812628,area_de_pico
lazazzara2018_exp1_pinotnoir_0dpi_r01,lazazzara2018_cmp022,0.0,area_de_pico
lazazzara2018_exp1_pinotnoir_0dpi_r02,lazazzara2018_cmp022,0.0,area_de_pico
lazazzara2018_exp1_pinotnoir_0dpi_r03,lazazzara2018_cmp022,0.0,area_de_pico
lazazzara2018_exp1_pinotnoir_0dpi_r04,lazazzara2018_cmp022,0.0,area_de_pico
lazazzara2018_exp1_pinotnoir_0dpi_r05,lazazzara2018_cmp022,0.0,area_de_pico
lazazzara2018_exp2_pinotnoir_0dpi_r01,lazazzara2018_cmp022,0.0,area_de_pico
lazazzara2018_exp2_pinotnoir_0dpi_r02,lazazzara2018_cmp022,0.0,area_de_pico
lazazzara2018_exp2_pinotnoir_0dpi_r03,lazazzara2018_cmp022,0.0,area_de_pico
lazazzara2018_exp2_pinotnoir_0dpi_r04,lazazzara2018_cmp022,0.0,area_de_pico
lazazzara2018_exp2_pinotnoir_0dpi_r05,lazazzara2018_cmp022,0.0,area_de_pico
lazazzara2018_exp1_pinotnoir_6dpi_r01,lazazzara2018_cmp022,0.0,area_de_pico
lazazzara2018_exp1_pinotnoir_6dpi_r02,lazazzara2018_cmp022,0.0,area_de_pico
lazazzara2018_exp1_pinotnoir_6dpi_r03,lazazzara2018_cmp022,0.0,area_de_pico
lazazzara2018_exp1_pinotnoir_6dpi_r04,lazazzara2018_cmp022,0.0,area_de_pico
lazazzara2018_exp1_pinotnoir_6dpi_r05,lazazzara2018_cmp022,0.0,area_de_pico
lazazzara2018_exp2_pinotnoir_6dpi_r01,lazazzara2018_cmp022,0.0,area_de_pico
lazazzara2018_exp2_pinotnoir_6dpi_r02,lazazzara2018_cmp022,0.0,area_de_pico
lazazzara2018_exp2_pinotnoir_6dpi_r03,lazazzara2018_cmp022,0.0,area_de_pico
lazazzara2018_exp2_pinotnoir_6dpi_r04,lazazzara2018_cmp022,0.0,area_de_pico
lazazzara2018_exp2_pinotnoir_6dpi_r05,lazazzara2018_cmp022,0.0,area_de_pico
lazazzara2018_exp1_bc4_0dpi_r01,lazazzara2018_cmp022,0.0,area_de_pico
lazazzara2018_exp1_bc4_0dpi_r02,lazazzara2018_cmp022,0.0,area_de_pico
lazazzara2018_exp1_bc4_0dpi_r03,lazazzara2018_cmp022,0.0,area_de_pico
lazazzara2018_exp1_bc4_0dpi_r04,lazazzara2018_cmp022,0.0,area_de_pico
lazazzara2018_exp1_bc4_0dpi_r05,lazazzara2018_cmp022,0.0,area_de_pico
lazazzara2018_exp2_bc4_0dpi_r01,lazazzara2018_cmp022,0.0,area_de_pico
lazazzara2018_exp2_bc4_0dpi_r02,lazazzara2018_cmp022,88290.14478051,area_de_pico
lazazzara2018_exp2_bc4_0dpi_r03,lazazzara2018_cmp022,0.0,area_de_pico
lazazzara2018_exp2_bc4_0dpi_r04,lazazzara2018_cmp022,0.0,area_de_pico
lazazzara2018_exp2_bc4_0dpi_r05,lazazzara2018_cmp022,0.0,area_de_pico
lazazzara2018_exp1_bc4_6dpi_r01,lazazzara2018_cmp022,1718011.69446625,area_de_pico
lazazzara2018_exp1_bc4_6dpi_r02,lazazzara2018_cmp022,2917842.28985698,area_de_pico
lazazzara2018_exp1_bc4_6dpi_r03,lazazzara2018_cmp022,1940085.77948582,area_de_pico
lazazzara2018_exp1_bc4_6dpi_r04,lazazzara2018_cmp022,12370659.1174334,area_de_pico
lazazzara2018_exp1_bc4_6dpi_r05,lazazzara2018_cmp022,1089016.88884305,area_de_pico
lazazzara2018_exp2_bc4_6dpi_r01,lazazzara2018_cmp022,0.0,area_de_pico
lazazzara2018_exp2_bc4_6dpi_r02,lazazzara2018_cmp022,570424.17938784,area_de_pico
lazazzara2018_exp2_bc4_6dpi_r03,lazazzara2018_cmp022,290247.55631316,area_de_pico
lazazzara2018_exp2_bc4_6dpi_r04,lazazzara2018_cmp022,287459.167004775,area_de_pico
lazazzara2018_exp2_bc4_6dpi_r05,lazazzara2018_cmp022,332054.44614602,area_de_pico
lazazzara2018_exp1_k5bb_0dpi_r01,lazazzara2018_cmp022,0.0,area_de_pico
lazazzara2018_exp1_k5bb_0dpi_r02,lazazzara2018_cmp022,0.0,area_de_pico
lazazzara2018_exp1_k5bb_0dpi_r03,lazazzara2018_cmp022,44722.45401806,area_de_pico
lazazzara2018_exp1_k5bb_0dpi_r04,lazazzara2018_cmp022,0.0,area_de_pico
lazazzara2018_exp1_k5bb_0dpi_r05,lazazzara2018_cmp022,0.0,area_de_pico
lazazzara2018_exp2_k5bb_0dpi_r01,lazazzara2018_cmp022,0.0,area_de_pico
lazazzara2018_exp2_k5bb_0dpi_r02,lazazzara2018_cmp022,0.0,area_de_pico
lazazzara2018_exp2_k5bb_0dpi_r03,lazazzara2018_cmp022,0.0,area_de_pico
lazazzara2018_exp2_k5bb_0dpi_r04,lazazzara2018_cmp022,0.0,area_de_pico
lazazzara2018_exp2_k5bb_0dpi_r05,lazazzara2018_cmp022,0.0,area_de_pico
lazazzara2018_exp1_k5bb_6dpi_r01,lazazzara2018_cmp022,295346.585668696,area_de_pico
lazazzara2018_exp1_k5bb_6dpi_r02,lazazzara2018_cmp022,0.0,area_de_pico
lazazzara2018_exp1_k5bb_6dpi_r04,lazazzara2018_cmp022,430146.16142047,area_de_pico
lazazzara2018_exp2_k5bb_6dpi_r01,lazazzara2018_cmp022,364893.11336842,area_de_pico
lazazzara2018_exp2_k5bb_6dpi_r02,lazazzara2018_cmp022,0.0,area_de_pico
lazazzara2018_exp2_k5bb_6dpi_r03,lazazzara2018_cmp022,0.0,area_de_pico
lazazzara2018_exp2_k5bb_6dpi_r04,lazazzara2018_cmp022,0.0,area_de_pico
lazazzara2018_exp2_k5bb_6dpi_r05,lazazzara2018_cmp022,0.0,area_de_pico
lazazzara2018_exp1_so4_0dpi_r01,lazazzara2018_cmp022,0.0,area_de_pico
lazazzara2018_exp1_so4_0dpi_r02,lazazzara2018_cmp022,0.0,area_de_pico
lazazzara2018_exp1_so4_0dpi_r03,lazazzara2018_cmp022,0.0,area_de_pico
lazazzara2018_exp1_so4_0dpi_r04,lazazzara2018_cmp022,0.0,area_de_pico
lazazzara2018_exp1_so4_0dpi_r05,lazazzara2018_cmp022,0.0,area_de_pico
lazazzara2018_exp2_so4_0dpi_r01,lazazzara2018_cmp022,0.0,area_de_pico
lazazzara2018_exp2_so4_0dpi_r02,lazazzara2018_cmp022,0.0,area_de_pico
lazazzara2018_exp2_so4_0dpi_r03,lazazzara2018_cmp022,0.0,area_de_pico
lazazzara2018_exp2_so4_0dpi_r04,lazazzara2018_cmp022,0.0,area_de_pico
lazazzara2018_exp2_so4_0dpi_r05,lazazzara2018_cmp022,0.0,area_de_pico
lazazzara2018_exp1_so4_6dpi_r01,lazazzara2018_cmp022,624647.924539713,area_de_pico
lazazzara2018_exp1_so4_6dpi_r02,lazazzara2018_cmp022,423679.397916216,area_de_pico
lazazzara2018_exp1_so4_6dpi_r03,lazazzara2018_cmp022,256684.249744688,area_de_pico
lazazzara2018_exp1_so4_6dpi_r04,lazazzara2018_cmp022,945348.836150167,area_de_pico
lazazzara2018_exp1_so4_6dpi_r05,lazazzara2018_cmp022,152918.54619966,area_de_pico
lazazzara2018_exp2_so4_6dpi_r01,lazazzara2018_cmp022,0.0,area_de_pico
lazazzara2018_exp2_so4_6dpi_r02,lazazzara2018_cmp022,0.0,area_de_pico
lazazzara2018_exp2_so4_6dpi_r03,lazazzara2018_cmp022,0.0,area_de_pico
lazazzara2018_exp2_so4_6dpi_r04,lazazzara2018_cmp022,0.0,area_de_pico
lazazzara2018_exp2_so4_6dpi_r05,lazazzara2018_cmp022,0.0,area_de_pico
lazazzara2018_exp1_solaris_0dpi_r01,lazazzara2018_cmp022,0.0,area_de_pico
lazazzara2018_exp1_solaris_0dpi_r02,lazazzara2018_cmp022,739917.0586035,area_de_pico
lazazzara2018_exp1_solaris_0dpi_r03,lazazzara2018_cmp022,0.0,area_de_pico
lazazzara2018_exp1_solaris_0dpi_r04,lazazzara2018_cmp022,0.0,area_de_pico
lazazzara2018_exp1_solaris_0dpi_r05,lazazzara2018_cmp022,0.0,area_de_pico
lazazzara2018_exp2_solaris_0dpi_r01,lazazzara2018_cmp022,0.0,area_de_pico
lazazzara2018_exp2_solaris_0dpi_r02,lazazzara2018_cmp022,0.0,area_de_pico
lazazzara2018_exp2_solaris_0dpi_r03,lazazzara2018_cmp022,0.0,area_de_pico
lazazzara2018_exp2_solaris_0dpi_r04,lazazzara2018_cmp022,0.0,area_de_pico
lazazzara2018_exp2_solaris_0dpi_r05,lazazzara2018_cmp022,0.0,area_de_pico
lazazzara2018_exp1_solaris_6dpi_r01,lazazzara2018_cmp022,409580.55437386,area_de_pico
lazazzara2018_exp1_solaris_6dpi_r02,lazazzara2018_cmp022,681909.49924354,area_de_pico
lazazzara2018_exp1_solaris_6dpi_r03,lazazzara2018_cmp022,2360049.1097721,area_de_pico
lazazzara2018_exp1_solaris_6dpi_r04,lazazzara2018_cmp022,750804.5421926,area_de_pico
lazazzara2018_exp1_solaris_6dpi_r05,lazazzara2018_cmp022,2712496.68340222,area_de_pico
lazazzara2018_exp2_solaris_6dpi_r01,lazazzara2018_cmp022,0.0,area_de_pico
lazazzara2018_exp2_solaris_6dpi_r02,lazazzara2018_cmp022,0.0,area_de_pico
lazazzara2018_exp2_solaris_6dpi_r03,lazazzara2018_cmp022,0.0,area_de_pico
lazazzara2018_exp2_solaris_6dpi_r04,lazazzara2018_cmp022,0.0,area_de_pico
lazazzara2018_exp2_solaris_6dpi_r05,lazazzara2018_cmp022,0.0,area_de_pico
lazazzara2018_exp1_pinotnoir_0dpi_r01,lazazzara2018_cmp023,1667.0,area_de_pico
lazazzara2018_exp1_pinotnoir_0dpi_r02,lazazzara2018_cmp023,142655.067600183,area_de_pico
lazazzara2018_exp1_pinotnoir_0dpi_r03,lazazzara2018_cmp023,168746.892922082,area_de_pico
lazazzara2018_exp1_pinotnoir_0dpi_r04,lazazzara2018_cmp023,142042.657818262,area_de_pico
lazazzara2018_exp1_pinotnoir_0dpi_r05,lazazzara2018_cmp023,320127.534588419,area_de_pico
lazazzara2018_exp2_pinotnoir_0dpi_r01,lazazzara2018_cmp023,101049.819140476,area_de_pico
lazazzara2018_exp2_pinotnoir_0dpi_r02,lazazzara2018_cmp023,139881.147877546,area_de_pico
lazazzara2018_exp2_pinotnoir_0dpi_r03,lazazzara2018_cmp023,143247.258723454,area_de_pico
lazazzara2018_exp2_pinotnoir_0dpi_r04,lazazzara2018_cmp023,96945.0760697,area_de_pico
lazazzara2018_exp2_pinotnoir_0dpi_r05,lazazzara2018_cmp023,110260.684889228,area_de_pico
lazazzara2018_exp1_pinotnoir_6dpi_r01,lazazzara2018_cmp023,108089.866725684,area_de_pico
lazazzara2018_exp1_pinotnoir_6dpi_r02,lazazzara2018_cmp023,7452.0,area_de_pico
lazazzara2018_exp1_pinotnoir_6dpi_r03,lazazzara2018_cmp023,267612.419740198,area_de_pico
lazazzara2018_exp1_pinotnoir_6dpi_r04,lazazzara2018_cmp023,2190.391943772,area_de_pico
lazazzara2018_exp1_pinotnoir_6dpi_r05,lazazzara2018_cmp023,1604.0,area_de_pico
lazazzara2018_exp2_pinotnoir_6dpi_r01,lazazzara2018_cmp023,106241.033091941,area_de_pico
lazazzara2018_exp2_pinotnoir_6dpi_r02,lazazzara2018_cmp023,60315.397020106,area_de_pico
lazazzara2018_exp2_pinotnoir_6dpi_r03,lazazzara2018_cmp023,93724.819228012,area_de_pico
lazazzara2018_exp2_pinotnoir_6dpi_r04,lazazzara2018_cmp023,83581.053409714,area_de_pico
lazazzara2018_exp2_pinotnoir_6dpi_r05,lazazzara2018_cmp023,64824.453691637,area_de_pico
lazazzara2018_exp1_bc4_0dpi_r01,lazazzara2018_cmp023,232558.27029438,area_de_pico
lazazzara2018_exp1_bc4_0dpi_r02,lazazzara2018_cmp023,365592.525388984,area_de_pico
lazazzara2018_exp1_bc4_0dpi_r03,lazazzara2018_cmp023,376342.117153992,area_de_pico
lazazzara2018_exp1_bc4_0dpi_r04,lazazzara2018_cmp023,2517.46460721,area_de_pico
lazazzara2018_exp1_bc4_0dpi_r05,lazazzara2018_cmp023,2067.70182574,area_de_pico
lazazzara2018_exp2_bc4_0dpi_r01,lazazzara2018_cmp023,137399.10395725,area_de_pico
lazazzara2018_exp2_bc4_0dpi_r02,lazazzara2018_cmp023,143260.587186332,area_de_pico
lazazzara2018_exp2_bc4_0dpi_r03,lazazzara2018_cmp023,103454.791184877,area_de_pico
lazazzara2018_exp2_bc4_0dpi_r04,lazazzara2018_cmp023,118476.918108568,area_de_pico
lazazzara2018_exp2_bc4_0dpi_r05,lazazzara2018_cmp023,140496.99979083,area_de_pico
lazazzara2018_exp1_bc4_6dpi_r01,lazazzara2018_cmp023,122213.982366482,area_de_pico
lazazzara2018_exp1_bc4_6dpi_r02,lazazzara2018_cmp023,319991.224643754,area_de_pico
lazazzara2018_exp1_bc4_6dpi_r03,lazazzara2018_cmp023,119055.04845853,area_de_pico
lazazzara2018_exp1_bc4_6dpi_r04,lazazzara2018_cmp023,159468.05727908,area_de_pico
lazazzara2018_exp1_bc4_6dpi_r05,lazazzara2018_cmp023,3969.0,area_de_pico
lazazzara2018_exp2_bc4_6dpi_r01,lazazzara2018_cmp023,86112.686994748,area_de_pico
lazazzara2018_exp2_bc4_6dpi_r02,lazazzara2018_cmp023,102742.951210448,area_de_pico
lazazzara2018_exp2_bc4_6dpi_r03,lazazzara2018_cmp023,123918.943598018,area_de_pico
lazazzara2018_exp2_bc4_6dpi_r04,lazazzara2018_cmp023,81057.180083063,area_de_pico
lazazzara2018_exp2_bc4_6dpi_r05,lazazzara2018_cmp023,164657.84295789,area_de_pico
lazazzara2018_exp1_k5bb_0dpi_r01,lazazzara2018_cmp023,284627.036177268,area_de_pico
lazazzara2018_exp1_k5bb_0dpi_r02,lazazzara2018_cmp023,376515.040253726,area_de_pico
lazazzara2018_exp1_k5bb_0dpi_r03,lazazzara2018_cmp023,229403.00794564,area_de_pico
lazazzara2018_exp1_k5bb_0dpi_r04,lazazzara2018_cmp023,240005.30319382,area_de_pico
lazazzara2018_exp1_k5bb_0dpi_r05,lazazzara2018_cmp023,3928.0,area_de_pico
lazazzara2018_exp2_k5bb_0dpi_r01,lazazzara2018_cmp023,198706.14640635,area_de_pico
lazazzara2018_exp2_k5bb_0dpi_r02,lazazzara2018_cmp023,168617.380450138,area_de_pico
lazazzara2018_exp2_k5bb_0dpi_r03,lazazzara2018_cmp023,214198.222104144,area_de_pico
lazazzara2018_exp2_k5bb_0dpi_r04,lazazzara2018_cmp023,210285.227872482,area_de_pico
lazazzara2018_exp2_k5bb_0dpi_r05,lazazzara2018_cmp023,145402.971718921,area_de_pico
lazazzara2018_exp1_k5bb_6dpi_r01,lazazzara2018_cmp023,2533.0,area_de_pico
lazazzara2018_exp1_k5bb_6dpi_r02,lazazzara2018_cmp023,369533.082039745,area_de_pico
lazazzara2018_exp1_k5bb_6dpi_r04,lazazzara2018_cmp023,171089.20398859,area_de_pico
lazazzara2018_exp2_k5bb_6dpi_r01,lazazzara2018_cmp023,133332.214703606,area_de_pico
lazazzara2018_exp2_k5bb_6dpi_r02,lazazzara2018_cmp023,162955.577426315,area_de_pico
lazazzara2018_exp2_k5bb_6dpi_r03,lazazzara2018_cmp023,115611.041573983,area_de_pico
lazazzara2018_exp2_k5bb_6dpi_r04,lazazzara2018_cmp023,158613.99758015,area_de_pico
lazazzara2018_exp2_k5bb_6dpi_r05,lazazzara2018_cmp023,137331.89423933,area_de_pico
lazazzara2018_exp1_so4_0dpi_r01,lazazzara2018_cmp023,162801.414155654,area_de_pico
lazazzara2018_exp1_so4_0dpi_r02,lazazzara2018_cmp023,1699.000142496,area_de_pico
lazazzara2018_exp1_so4_0dpi_r03,lazazzara2018_cmp023,156231.836705638,area_de_pico
lazazzara2018_exp1_so4_0dpi_r04,lazazzara2018_cmp023,167752.221762901,area_de_pico
lazazzara2018_exp1_so4_0dpi_r05,lazazzara2018_cmp023,197724.363242776,area_de_pico
lazazzara2018_exp2_so4_0dpi_r01,lazazzara2018_cmp023,182572.964340904,area_de_pico
lazazzara2018_exp2_so4_0dpi_r02,lazazzara2018_cmp023,202987.941177488,area_de_pico
lazazzara2018_exp2_so4_0dpi_r03,lazazzara2018_cmp023,154823.303129692,area_de_pico
lazazzara2018_exp2_so4_0dpi_r04,lazazzara2018_cmp023,226620.780593108,area_de_pico
lazazzara2018_exp2_so4_0dpi_r05,lazazzara2018_cmp023,197813.952290991,area_de_pico
lazazzara2018_exp1_so4_6dpi_r01,lazazzara2018_cmp023,377821.776831967,area_de_pico
lazazzara2018_exp1_so4_6dpi_r02,lazazzara2018_cmp023,183922.433277666,area_de_pico
lazazzara2018_exp1_so4_6dpi_r03,lazazzara2018_cmp023,198027.361756091,area_de_pico
lazazzara2018_exp1_so4_6dpi_r04,lazazzara2018_cmp023,193301.126100856,area_de_pico
lazazzara2018_exp1_so4_6dpi_r05,lazazzara2018_cmp023,247583.65897026,area_de_pico
lazazzara2018_exp2_so4_6dpi_r01,lazazzara2018_cmp023,131908.581938734,area_de_pico
lazazzara2018_exp2_so4_6dpi_r02,lazazzara2018_cmp023,106406.169757123,area_de_pico
lazazzara2018_exp2_so4_6dpi_r03,lazazzara2018_cmp023,121363.78912518,area_de_pico
lazazzara2018_exp2_so4_6dpi_r04,lazazzara2018_cmp023,93845.260982585,area_de_pico
lazazzara2018_exp2_so4_6dpi_r05,lazazzara2018_cmp023,204718.738774037,area_de_pico
lazazzara2018_exp1_solaris_0dpi_r01,lazazzara2018_cmp023,125349.509212875,area_de_pico
lazazzara2018_exp1_solaris_0dpi_r02,lazazzara2018_cmp023,153851.24978429,area_de_pico
lazazzara2018_exp1_solaris_0dpi_r03,lazazzara2018_cmp023,143848.637771432,area_de_pico
lazazzara2018_exp1_solaris_0dpi_r04,lazazzara2018_cmp023,306609.194301316,area_de_pico
lazazzara2018_exp1_solaris_0dpi_r05,lazazzara2018_cmp023,108136.000651886,area_de_pico
lazazzara2018_exp2_solaris_0dpi_r01,lazazzara2018_cmp023,83435.422838408,area_de_pico
lazazzara2018_exp2_solaris_0dpi_r02,lazazzara2018_cmp023,216198.482592932,area_de_pico
lazazzara2018_exp2_solaris_0dpi_r03,lazazzara2018_cmp023,104295.41639934,area_de_pico
lazazzara2018_exp2_solaris_0dpi_r04,lazazzara2018_cmp023,77595.170853614,area_de_pico
lazazzara2018_exp2_solaris_0dpi_r05,lazazzara2018_cmp023,126443.142671439,area_de_pico
lazazzara2018_exp1_solaris_6dpi_r01,lazazzara2018_cmp023,137002.506538099,area_de_pico
lazazzara2018_exp1_solaris_6dpi_r02,lazazzara2018_cmp023,156181.026461955,area_de_pico
lazazzara2018_exp1_solaris_6dpi_r03,lazazzara2018_cmp023,135698.914822006,area_de_pico
lazazzara2018_exp1_solaris_6dpi_r04,lazazzara2018_cmp023,96613.72235715,area_de_pico
lazazzara2018_exp1_solaris_6dpi_r05,lazazzara2018_cmp023,157318.761839448,area_de_pico
lazazzara2018_exp2_solaris_6dpi_r01,lazazzara2018_cmp023,80781.022664839,area_de_pico
lazazzara2018_exp2_solaris_6dpi_r02,lazazzara2018_cmp023,123542.45744391,area_de_pico
lazazzara2018_exp2_solaris_6dpi_r03,lazazzara2018_cmp023,123254.525800439,area_de_pico
lazazzara2018_exp2_solaris_6dpi_r04,lazazzara2018_cmp023,67537.86717344,area_de_pico
lazazzara2018_exp2_solaris_6dpi_r05,lazazzara2018_cmp023,114769.764669048,area_de_pico
lazazzara2018_exp1_pinotnoir_0dpi_r01,lazazzara2018_cmp024,45582.3953972471,area_de_pico
lazazzara2018_exp1_pinotnoir_0dpi_r02,lazazzara2018_cmp024,5326.677533003,area_de_pico
lazazzara2018_exp1_pinotnoir_0dpi_r03,lazazzara2018_cmp024,93894.484703211,area_de_pico
lazazzara2018_exp1_pinotnoir_0dpi_r04,lazazzara2018_cmp024,20817.273374776,area_de_pico
lazazzara2018_exp1_pinotnoir_0dpi_r05,lazazzara2018_cmp024,4426.3649619075,area_de_pico
lazazzara2018_exp2_pinotnoir_0dpi_r01,lazazzara2018_cmp024,216203.324041416,area_de_pico
lazazzara2018_exp2_pinotnoir_0dpi_r02,lazazzara2018_cmp024,383802.478231008,area_de_pico
lazazzara2018_exp2_pinotnoir_0dpi_r03,lazazzara2018_cmp024,333192.144776888,area_de_pico
lazazzara2018_exp2_pinotnoir_0dpi_r04,lazazzara2018_cmp024,134046.525325138,area_de_pico
lazazzara2018_exp2_pinotnoir_0dpi_r05,lazazzara2018_cmp024,199004.37557794,area_de_pico
lazazzara2018_exp1_pinotnoir_6dpi_r01,lazazzara2018_cmp024,1983.4763297916,area_de_pico
lazazzara2018_exp1_pinotnoir_6dpi_r02,lazazzara2018_cmp024,21262.293201836,area_de_pico
lazazzara2018_exp1_pinotnoir_6dpi_r03,lazazzara2018_cmp024,1600.57989106,area_de_pico
lazazzara2018_exp1_pinotnoir_6dpi_r04,lazazzara2018_cmp024,11898.823046028,area_de_pico
lazazzara2018_exp1_pinotnoir_6dpi_r05,lazazzara2018_cmp024,1726.704821842,area_de_pico
lazazzara2018_exp2_pinotnoir_6dpi_r01,lazazzara2018_cmp024,174315.120037146,area_de_pico
lazazzara2018_exp2_pinotnoir_6dpi_r02,lazazzara2018_cmp024,404091.052952376,area_de_pico
lazazzara2018_exp2_pinotnoir_6dpi_r03,lazazzara2018_cmp024,341584.631767684,area_de_pico
lazazzara2018_exp2_pinotnoir_6dpi_r04,lazazzara2018_cmp024,346062.048480224,area_de_pico
lazazzara2018_exp2_pinotnoir_6dpi_r05,lazazzara2018_cmp024,269792.8782048,area_de_pico
lazazzara2018_exp1_bc4_0dpi_r01,lazazzara2018_cmp024,14667.347809688,area_de_pico
lazazzara2018_exp1_bc4_0dpi_r02,lazazzara2018_cmp024,37335.5996960936,area_de_pico
lazazzara2018_exp1_bc4_0dpi_r03,lazazzara2018_cmp024,69049.968780931,area_de_pico
lazazzara2018_exp1_bc4_0dpi_r04,lazazzara2018_cmp024,1495.33571402,area_de_pico
lazazzara2018_exp1_bc4_0dpi_r05,lazazzara2018_cmp024,6826.046155529,area_de_pico
lazazzara2018_exp2_bc4_0dpi_r01,lazazzara2018_cmp024,192074.95592782,area_de_pico
lazazzara2018_exp2_bc4_0dpi_r02,lazazzara2018_cmp024,604782.506630184,area_de_pico
lazazzara2018_exp2_bc4_0dpi_r03,lazazzara2018_cmp024,276859.333200751,area_de_pico
lazazzara2018_exp2_bc4_0dpi_r04,lazazzara2018_cmp024,465110.837210384,area_de_pico
lazazzara2018_exp2_bc4_0dpi_r05,lazazzara2018_cmp024,558067.14068743,area_de_pico
lazazzara2018_exp1_bc4_6dpi_r01,lazazzara2018_cmp024,12919.2628517898,area_de_pico
lazazzara2018_exp1_bc4_6dpi_r02,lazazzara2018_cmp024,2345.342257472,area_de_pico
lazazzara2018_exp1_bc4_6dpi_r03,lazazzara2018_cmp024,1322.90366836,area_de_pico
lazazzara2018_exp1_bc4_6dpi_r04,lazazzara2018_cmp024,24379.3423081972,area_de_pico
lazazzara2018_exp1_bc4_6dpi_r05,lazazzara2018_cmp024,8051.750050219,area_de_pico
lazazzara2018_exp2_bc4_6dpi_r01,lazazzara2018_cmp024,373397.812802418,area_de_pico
lazazzara2018_exp2_bc4_6dpi_r02,lazazzara2018_cmp024,1070911.78623143,area_de_pico
lazazzara2018_exp2_bc4_6dpi_r03,lazazzara2018_cmp024,29860.459440215,area_de_pico
lazazzara2018_exp2_bc4_6dpi_r04,lazazzara2018_cmp024,443874.69696665,area_de_pico
lazazzara2018_exp2_bc4_6dpi_r05,lazazzara2018_cmp024,324544.830818757,area_de_pico
lazazzara2018_exp1_k5bb_0dpi_r01,lazazzara2018_cmp024,46736.0611777898,area_de_pico
lazazzara2018_exp1_k5bb_0dpi_r02,lazazzara2018_cmp024,57105.6577425824,area_de_pico
lazazzara2018_exp1_k5bb_0dpi_r03,lazazzara2018_cmp024,29772.602298647,area_de_pico
lazazzara2018_exp1_k5bb_0dpi_r04,lazazzara2018_cmp024,34801.727129165,area_de_pico
lazazzara2018_exp1_k5bb_0dpi_r05,lazazzara2018_cmp024,71638.6026268422,area_de_pico
lazazzara2018_exp2_k5bb_0dpi_r01,lazazzara2018_cmp024,159208.865544824,area_de_pico
lazazzara2018_exp2_k5bb_0dpi_r02,lazazzara2018_cmp024,470538.085571888,area_de_pico
lazazzara2018_exp2_k5bb_0dpi_r03,lazazzara2018_cmp024,304522.8282915,area_de_pico
lazazzara2018_exp2_k5bb_0dpi_r04,lazazzara2018_cmp024,716994.811065496,area_de_pico
lazazzara2018_exp2_k5bb_0dpi_r05,lazazzara2018_cmp024,340096.37867459,area_de_pico
lazazzara2018_exp1_k5bb_6dpi_r01,lazazzara2018_cmp024,14050.7010273676,area_de_pico
lazazzara2018_exp1_k5bb_6dpi_r02,lazazzara2018_cmp024,57531.0208880786,area_de_pico
lazazzara2018_exp1_k5bb_6dpi_r04,lazazzara2018_cmp024,61102.3038368064,area_de_pico
lazazzara2018_exp2_k5bb_6dpi_r01,lazazzara2018_cmp024,419686.819713507,area_de_pico
lazazzara2018_exp2_k5bb_6dpi_r02,lazazzara2018_cmp024,1062114.60790537,area_de_pico
lazazzara2018_exp2_k5bb_6dpi_r03,lazazzara2018_cmp024,574006.185858778,area_de_pico
lazazzara2018_exp2_k5bb_6dpi_r04,lazazzara2018_cmp024,370020.802338484,area_de_pico
lazazzara2018_exp2_k5bb_6dpi_r05,lazazzara2018_cmp024,317797.05675254,area_de_pico
lazazzara2018_exp1_so4_0dpi_r01,lazazzara2018_cmp024,13401.41056884,area_de_pico
lazazzara2018_exp1_so4_0dpi_r02,lazazzara2018_cmp024,51994.400372966,area_de_pico
lazazzara2018_exp1_so4_0dpi_r03,lazazzara2018_cmp024,2799.0375056304,area_de_pico
lazazzara2018_exp1_so4_0dpi_r04,lazazzara2018_cmp024,31805.560257129,area_de_pico
lazazzara2018_exp1_so4_0dpi_r05,lazazzara2018_cmp024,10169.62696111,area_de_pico
lazazzara2018_exp2_so4_0dpi_r01,lazazzara2018_cmp024,418599.205603576,area_de_pico
lazazzara2018_exp2_so4_0dpi_r02,lazazzara2018_cmp024,932598.40877724,area_de_pico
lazazzara2018_exp2_so4_0dpi_r03,lazazzara2018_cmp024,533059.261495232,area_de_pico
lazazzara2018_exp2_so4_0dpi_r04,lazazzara2018_cmp024,393870.041866973,area_de_pico
lazazzara2018_exp2_so4_0dpi_r05,lazazzara2018_cmp024,416095.84387362,area_de_pico
lazazzara2018_exp1_so4_6dpi_r01,lazazzara2018_cmp024,9532.3163129,area_de_pico
lazazzara2018_exp1_so4_6dpi_r02,lazazzara2018_cmp024,34642.0278288324,area_de_pico
lazazzara2018_exp1_so4_6dpi_r03,lazazzara2018_cmp024,10125.858922364,area_de_pico
lazazzara2018_exp1_so4_6dpi_r04,lazazzara2018_cmp024,6461.82641534,area_de_pico
lazazzara2018_exp1_so4_6dpi_r05,lazazzara2018_cmp024,17451.607254958,area_de_pico
lazazzara2018_exp2_so4_6dpi_r01,lazazzara2018_cmp024,274867.604147426,area_de_pico
lazazzara2018_exp2_so4_6dpi_r02,lazazzara2018_cmp024,392388.89241439,area_de_pico
lazazzara2018_exp2_so4_6dpi_r03,lazazzara2018_cmp024,185980.915733592,area_de_pico
lazazzara2018_exp2_so4_6dpi_r04,lazazzara2018_cmp024,436532.759138844,area_de_pico
lazazzara2018_exp2_so4_6dpi_r05,lazazzara2018_cmp024,106846.215271331,area_de_pico
lazazzara2018_exp1_solaris_0dpi_r01,lazazzara2018_cmp024,60056.06240865,area_de_pico
lazazzara2018_exp1_solaris_0dpi_r02,lazazzara2018_cmp024,14834.360977875,area_de_pico
lazazzara2018_exp1_solaris_0dpi_r03,lazazzara2018_cmp024,33391.85471523,area_de_pico
lazazzara2018_exp1_solaris_0dpi_r04,lazazzara2018_cmp024,14661.928888873,area_de_pico
lazazzara2018_exp1_solaris_0dpi_r05,lazazzara2018_cmp024,10732.79687822,area_de_pico
lazazzara2018_exp2_solaris_0dpi_r01,lazazzara2018_cmp024,373950.459571438,area_de_pico
lazazzara2018_exp2_solaris_0dpi_r02,lazazzara2018_cmp024,663531.906426716,area_de_pico
lazazzara2018_exp2_solaris_0dpi_r03,lazazzara2018_cmp024,344157.686063856,area_de_pico
lazazzara2018_exp2_solaris_0dpi_r04,lazazzara2018_cmp024,1045874.28467725,area_de_pico
lazazzara2018_exp2_solaris_0dpi_r05,lazazzara2018_cmp024,346818.6926396,area_de_pico
lazazzara2018_exp1_solaris_6dpi_r01,lazazzara2018_cmp024,25988.40564352,area_de_pico
lazazzara2018_exp1_solaris_6dpi_r02,lazazzara2018_cmp024,1278.955219824,area_de_pico
lazazzara2018_exp1_solaris_6dpi_r03,lazazzara2018_cmp024,40498.3796042979,area_de_pico
lazazzara2018_exp1_solaris_6dpi_r04,lazazzara2018_cmp024,13901.1315562753,area_de_pico
lazazzara2018_exp1_solaris_6dpi_r05,lazazzara2018_cmp024,39128.7707930123,area_de_pico
lazazzara2018_exp2_solaris_6dpi_r01,lazazzara2018_cmp024,891320.29925321,area_de_pico
lazazzara2018_exp2_solaris_6dpi_r02,lazazzara2018_cmp024,1182763.68235269,area_de_pico
lazazzara2018_exp2_solaris_6dpi_r03,lazazzara2018_cmp024,708964.23367765,area_de_pico
lazazzara2018_exp2_solaris_6dpi_r04,lazazzara2018_cmp024,1017999.77605454,area_de_pico
lazazzara2018_exp2_solaris_6dpi_r05,lazazzara2018_cmp024,900838.370269965,area_de_pico
lazazzara2018_exp1_pinotnoir_0dpi_r01,lazazzara2018_cmp025,327473.88748591,area_de_pico
lazazzara2018_exp1_pinotnoir_0dpi_r02,lazazzara2018_cmp025,195190.528838982,area_de_pico
lazazzara2018_exp1_pinotnoir_0dpi_r03,lazazzara2018_cmp025,255944.263866195,area_de_pico
lazazzara2018_exp1_pinotnoir_0dpi_r04,lazazzara2018_cmp025,26353.0,area_de_pico
lazazzara2018_exp1_pinotnoir_0dpi_r05,lazazzara2018_cmp025,23885.0,area_de_pico
lazazzara2018_exp2_pinotnoir_0dpi_r01,lazazzara2018_cmp025,47688.558191794,area_de_pico
lazazzara2018_exp2_pinotnoir_0dpi_r02,lazazzara2018_cmp025,77410.376402096,area_de_pico
lazazzara2018_exp2_pinotnoir_0dpi_r03,lazazzara2018_cmp025,82750.499744136,area_de_pico
lazazzara2018_exp2_pinotnoir_0dpi_r04,lazazzara2018_cmp025,88706.689635061,area_de_pico
lazazzara2018_exp2_pinotnoir_0dpi_r05,lazazzara2018_cmp025,82754.727582509,area_de_pico
lazazzara2018_exp1_pinotnoir_6dpi_r01,lazazzara2018_cmp025,13048.0,area_de_pico
lazazzara2018_exp1_pinotnoir_6dpi_r02,lazazzara2018_cmp025,15910.0,area_de_pico
lazazzara2018_exp1_pinotnoir_6dpi_r03,lazazzara2018_cmp025,8879.640565375,area_de_pico
lazazzara2018_exp1_pinotnoir_6dpi_r04,lazazzara2018_cmp025,6774.0,area_de_pico
lazazzara2018_exp1_pinotnoir_6dpi_r05,lazazzara2018_cmp025,216169.973147649,area_de_pico
lazazzara2018_exp2_pinotnoir_6dpi_r01,lazazzara2018_cmp025,89546.233312358,area_de_pico
lazazzara2018_exp2_pinotnoir_6dpi_r02,lazazzara2018_cmp025,44361.672707151,area_de_pico
lazazzara2018_exp2_pinotnoir_6dpi_r03,lazazzara2018_cmp025,60274.090497075,area_de_pico
lazazzara2018_exp2_pinotnoir_6dpi_r04,lazazzara2018_cmp025,47542.210566675,area_de_pico
lazazzara2018_exp2_pinotnoir_6dpi_r05,lazazzara2018_cmp025,76788.762402112,area_de_pico
lazazzara2018_exp1_bc4_0dpi_r01,lazazzara2018_cmp025,280870.396338198,area_de_pico
lazazzara2018_exp1_bc4_0dpi_r02,lazazzara2018_cmp025,237708.169834263,area_de_pico
lazazzara2018_exp1_bc4_0dpi_r03,lazazzara2018_cmp025,52462.0,area_de_pico
lazazzara2018_exp1_bc4_0dpi_r04,lazazzara2018_cmp025,23295.0,area_de_pico
lazazzara2018_exp1_bc4_0dpi_r05,lazazzara2018_cmp025,14714.0,area_de_pico
lazazzara2018_exp2_bc4_0dpi_r01,lazazzara2018_cmp025,58608.336904412,area_de_pico
lazazzara2018_exp2_bc4_0dpi_r02,lazazzara2018_cmp025,78453.844708521,area_de_pico
lazazzara2018_exp2_bc4_0dpi_r03,lazazzara2018_cmp025,53678.17077525,area_de_pico
lazazzara2018_exp2_bc4_0dpi_r04,lazazzara2018_cmp025,80986.65459892,area_de_pico
lazazzara2018_exp2_bc4_0dpi_r05,lazazzara2018_cmp025,70347.989626688,area_de_pico
lazazzara2018_exp1_bc4_6dpi_r01,lazazzara2018_cmp025,213198.905395064,area_de_pico
lazazzara2018_exp1_bc4_6dpi_r02,lazazzara2018_cmp025,6436.0,area_de_pico
lazazzara2018_exp1_bc4_6dpi_r03,lazazzara2018_cmp025,16478.499839777,area_de_pico
lazazzara2018_exp1_bc4_6dpi_r04,lazazzara2018_cmp025,5692.874334,area_de_pico
lazazzara2018_exp1_bc4_6dpi_r05,lazazzara2018_cmp025,11672.0,area_de_pico
lazazzara2018_exp2_bc4_6dpi_r01,lazazzara2018_cmp025,91979.198927233,area_de_pico
lazazzara2018_exp2_bc4_6dpi_r02,lazazzara2018_cmp025,67529.75015219,area_de_pico
lazazzara2018_exp2_bc4_6dpi_r03,lazazzara2018_cmp025,69136.012221403,area_de_pico
lazazzara2018_exp2_bc4_6dpi_r04,lazazzara2018_cmp025,54500.424662918,area_de_pico
lazazzara2018_exp2_bc4_6dpi_r05,lazazzara2018_cmp025,42825.87627114,area_de_pico
lazazzara2018_exp1_k5bb_0dpi_r01,lazazzara2018_cmp025,213037.454206226,area_de_pico
lazazzara2018_exp1_k5bb_0dpi_r02,lazazzara2018_cmp025,207346.47914055,area_de_pico
lazazzara2018_exp1_k5bb_0dpi_r03,lazazzara2018_cmp025,20995.0,area_de_pico
lazazzara2018_exp1_k5bb_0dpi_r04,lazazzara2018_cmp025,204060.578943032,area_de_pico
lazazzara2018_exp1_k5bb_0dpi_r05,lazazzara2018_cmp025,226791.234144927,area_de_pico
lazazzara2018_exp2_k5bb_0dpi_r01,lazazzara2018_cmp025,98180.17823889,area_de_pico
lazazzara2018_exp2_k5bb_0dpi_r02,lazazzara2018_cmp025,81361.408913183,area_de_pico
lazazzara2018_exp2_k5bb_0dpi_r03,lazazzara2018_cmp025,49813.309402096,area_de_pico
lazazzara2018_exp2_k5bb_0dpi_r04,lazazzara2018_cmp025,94225.07127524,area_de_pico
lazazzara2018_exp2_k5bb_0dpi_r05,lazazzara2018_cmp025,56260.233134474,area_de_pico
lazazzara2018_exp1_k5bb_6dpi_r01,lazazzara2018_cmp025,208346.816125279,area_de_pico
lazazzara2018_exp1_k5bb_6dpi_r02,lazazzara2018_cmp025,204680.064577531,area_de_pico
lazazzara2018_exp1_k5bb_6dpi_r04,lazazzara2018_cmp025,249745.727949877,area_de_pico
lazazzara2018_exp2_k5bb_6dpi_r01,lazazzara2018_cmp025,127326.681493686,area_de_pico
lazazzara2018_exp2_k5bb_6dpi_r02,lazazzara2018_cmp025,110534.637755032,area_de_pico
lazazzara2018_exp2_k5bb_6dpi_r03,lazazzara2018_cmp025,68665.664418392,area_de_pico
lazazzara2018_exp2_k5bb_6dpi_r04,lazazzara2018_cmp025,66440.269292955,area_de_pico
lazazzara2018_exp2_k5bb_6dpi_r05,lazazzara2018_cmp025,45676.81849542,area_de_pico
lazazzara2018_exp1_so4_0dpi_r01,lazazzara2018_cmp025,291103.674840014,area_de_pico
lazazzara2018_exp1_so4_0dpi_r02,lazazzara2018_cmp025,272781.315321225,area_de_pico
lazazzara2018_exp1_so4_0dpi_r03,lazazzara2018_cmp025,154901.638890132,area_de_pico
lazazzara2018_exp1_so4_0dpi_r04,lazazzara2018_cmp025,231662.887937095,area_de_pico
lazazzara2018_exp1_so4_0dpi_r05,lazazzara2018_cmp025,262148.47529379,area_de_pico
lazazzara2018_exp2_so4_0dpi_r01,lazazzara2018_cmp025,109578.846944267,area_de_pico
lazazzara2018_exp2_so4_0dpi_r02,lazazzara2018_cmp025,77423.589529921,area_de_pico
lazazzara2018_exp2_so4_0dpi_r03,lazazzara2018_cmp025,94814.69726421,area_de_pico
lazazzara2018_exp2_so4_0dpi_r04,lazazzara2018_cmp025,95403.795428645,area_de_pico
lazazzara2018_exp2_so4_0dpi_r05,lazazzara2018_cmp025,68666.612764659,area_de_pico
lazazzara2018_exp1_so4_6dpi_r01,lazazzara2018_cmp025,146555.734912559,area_de_pico
lazazzara2018_exp1_so4_6dpi_r02,lazazzara2018_cmp025,211126.606906002,area_de_pico
lazazzara2018_exp1_so4_6dpi_r03,lazazzara2018_cmp025,202942.490902548,area_de_pico
lazazzara2018_exp1_so4_6dpi_r04,lazazzara2018_cmp025,170713.287403771,area_de_pico
lazazzara2018_exp1_so4_6dpi_r05,lazazzara2018_cmp025,237188.625444238,area_de_pico
lazazzara2018_exp2_so4_6dpi_r01,lazazzara2018_cmp025,104128.173540486,area_de_pico
lazazzara2018_exp2_so4_6dpi_r02,lazazzara2018_cmp025,64735.633924799,area_de_pico
lazazzara2018_exp2_so4_6dpi_r03,lazazzara2018_cmp025,81742.656658302,area_de_pico
lazazzara2018_exp2_so4_6dpi_r04,lazazzara2018_cmp025,55991.923728444,area_de_pico
lazazzara2018_exp2_so4_6dpi_r05,lazazzara2018_cmp025,89165.198795751,area_de_pico
lazazzara2018_exp1_solaris_0dpi_r01,lazazzara2018_cmp025,226197.176510058,area_de_pico
lazazzara2018_exp1_solaris_0dpi_r02,lazazzara2018_cmp025,9972.0,area_de_pico
lazazzara2018_exp1_solaris_0dpi_r03,lazazzara2018_cmp025,22959.0,area_de_pico
lazazzara2018_exp1_solaris_0dpi_r04,lazazzara2018_cmp025,149313.748699014,area_de_pico
lazazzara2018_exp1_solaris_0dpi_r05,lazazzara2018_cmp025,5725.432298339,area_de_pico
lazazzara2018_exp2_solaris_0dpi_r01,lazazzara2018_cmp025,80669.543917948,area_de_pico
lazazzara2018_exp2_solaris_0dpi_r02,lazazzara2018_cmp025,116588.263753543,area_de_pico
lazazzara2018_exp2_solaris_0dpi_r03,lazazzara2018_cmp025,111463.626595712,area_de_pico
lazazzara2018_exp2_solaris_0dpi_r04,lazazzara2018_cmp025,120238.998076422,area_de_pico
lazazzara2018_exp2_solaris_0dpi_r05,lazazzara2018_cmp025,108292.5387573,area_de_pico
lazazzara2018_exp1_solaris_6dpi_r01,lazazzara2018_cmp025,187391.38533644,area_de_pico
lazazzara2018_exp1_solaris_6dpi_r02,lazazzara2018_cmp025,9634.80950661,area_de_pico
lazazzara2018_exp1_solaris_6dpi_r03,lazazzara2018_cmp025,176975.940193458,area_de_pico
lazazzara2018_exp1_solaris_6dpi_r04,lazazzara2018_cmp025,170325.426610174,area_de_pico
lazazzara2018_exp1_solaris_6dpi_r05,lazazzara2018_cmp025,228787.423997208,area_de_pico
lazazzara2018_exp2_solaris_6dpi_r01,lazazzara2018_cmp025,115985.628654183,area_de_pico
lazazzara2018_exp2_solaris_6dpi_r02,lazazzara2018_cmp025,102614.139277757,area_de_pico
lazazzara2018_exp2_solaris_6dpi_r03,lazazzara2018_cmp025,101420.970255699,area_de_pico
lazazzara2018_exp2_solaris_6dpi_r04,lazazzara2018_cmp025,124371.976568038,area_de_pico
lazazzara2018_exp2_solaris_6dpi_r05,lazazzara2018_cmp025,131692.768826057,area_de_pico
lazazzara2018_exp1_pinotnoir_0dpi_r01,lazazzara2018_cmp026,885656.93152451,area_de_pico
lazazzara2018_exp1_pinotnoir_0dpi_r02,lazazzara2018_cmp026,3520386.70455474,area_de_pico
lazazzara2018_exp1_pinotnoir_0dpi_r03,lazazzara2018_cmp026,13917.0,area_de_pico
lazazzara2018_exp1_pinotnoir_0dpi_r04,lazazzara2018_cmp026,15283985.3365733,area_de_pico
lazazzara2018_exp1_pinotnoir_0dpi_r05,lazazzara2018_cmp026,11755107.3497088,area_de_pico
lazazzara2018_exp2_pinotnoir_0dpi_r01,lazazzara2018_cmp026,4012731.74721219,area_de_pico
lazazzara2018_exp2_pinotnoir_0dpi_r02,lazazzara2018_cmp026,2116947.27312904,area_de_pico
lazazzara2018_exp2_pinotnoir_0dpi_r03,lazazzara2018_cmp026,11896988.1896626,area_de_pico
lazazzara2018_exp2_pinotnoir_0dpi_r04,lazazzara2018_cmp026,15011905.8807885,area_de_pico
lazazzara2018_exp2_pinotnoir_0dpi_r05,lazazzara2018_cmp026,8320624.19115984,area_de_pico
lazazzara2018_exp1_pinotnoir_6dpi_r01,lazazzara2018_cmp026,13288985.4337315,area_de_pico
lazazzara2018_exp1_pinotnoir_6dpi_r02,lazazzara2018_cmp026,22770037.8863649,area_de_pico
lazazzara2018_exp1_pinotnoir_6dpi_r03,lazazzara2018_cmp026,6915532.36784537,area_de_pico
lazazzara2018_exp1_pinotnoir_6dpi_r04,lazazzara2018_cmp026,25691403.2811638,area_de_pico
lazazzara2018_exp1_pinotnoir_6dpi_r05,lazazzara2018_cmp026,30022676.4716195,area_de_pico
lazazzara2018_exp2_pinotnoir_6dpi_r01,lazazzara2018_cmp026,2582142.10323493,area_de_pico
lazazzara2018_exp2_pinotnoir_6dpi_r02,lazazzara2018_cmp026,4806861.71693426,area_de_pico
lazazzara2018_exp2_pinotnoir_6dpi_r03,lazazzara2018_cmp026,7331371.90115957,area_de_pico
lazazzara2018_exp2_pinotnoir_6dpi_r04,lazazzara2018_cmp026,3748131.64281716,area_de_pico
lazazzara2018_exp2_pinotnoir_6dpi_r05,lazazzara2018_cmp026,7458967.84766471,area_de_pico
lazazzara2018_exp1_bc4_0dpi_r01,lazazzara2018_cmp026,31655092.1240983,area_de_pico
lazazzara2018_exp1_bc4_0dpi_r02,lazazzara2018_cmp026,4721088.56973096,area_de_pico
lazazzara2018_exp1_bc4_0dpi_r03,lazazzara2018_cmp026,17892967.4890371,area_de_pico
lazazzara2018_exp1_bc4_0dpi_r04,lazazzara2018_cmp026,20486218.476406,area_de_pico
lazazzara2018_exp1_bc4_0dpi_r05,lazazzara2018_cmp026,34830727.1389447,area_de_pico
lazazzara2018_exp2_bc4_0dpi_r01,lazazzara2018_cmp026,15668350.7790326,area_de_pico
lazazzara2018_exp2_bc4_0dpi_r02,lazazzara2018_cmp026,11116962.0248686,area_de_pico
lazazzara2018_exp2_bc4_0dpi_r03,lazazzara2018_cmp026,21271011.2936051,area_de_pico
lazazzara2018_exp2_bc4_0dpi_r04,lazazzara2018_cmp026,20360608.9949862,area_de_pico
lazazzara2018_exp2_bc4_0dpi_r05,lazazzara2018_cmp026,21576234.5351989,area_de_pico
lazazzara2018_exp1_bc4_6dpi_r01,lazazzara2018_cmp026,3538036.40526236,area_de_pico
lazazzara2018_exp1_bc4_6dpi_r02,lazazzara2018_cmp026,14368726.202801,area_de_pico
lazazzara2018_exp1_bc4_6dpi_r03,lazazzara2018_cmp026,35501277.7327931,area_de_pico
lazazzara2018_exp1_bc4_6dpi_r04,lazazzara2018_cmp026,34704235.5535407,area_de_pico
lazazzara2018_exp1_bc4_6dpi_r05,lazazzara2018_cmp026,18409591.6682477,area_de_pico
lazazzara2018_exp2_bc4_6dpi_r01,lazazzara2018_cmp026,55199100.1846626,area_de_pico
lazazzara2018_exp2_bc4_6dpi_r02,lazazzara2018_cmp026,7691407.70232719,area_de_pico
lazazzara2018_exp2_bc4_6dpi_r03,lazazzara2018_cmp026,49104546.0573734,area_de_pico
lazazzara2018_exp2_bc4_6dpi_r04,lazazzara2018_cmp026,5098075.4003946,area_de_pico
lazazzara2018_exp2_bc4_6dpi_r05,lazazzara2018_cmp026,29757961.426852,area_de_pico
lazazzara2018_exp1_k5bb_0dpi_r01,lazazzara2018_cmp026,2384676.50620779,area_de_pico
lazazzara2018_exp1_k5bb_0dpi_r02,lazazzara2018_cmp026,28661.0,area_de_pico
lazazzara2018_exp1_k5bb_0dpi_r03,lazazzara2018_cmp026,3963701.52435479,area_de_pico
lazazzara2018_exp1_k5bb_0dpi_r04,lazazzara2018_cmp026,23089167.3617128,area_de_pico
lazazzara2018_exp1_k5bb_0dpi_r05,lazazzara2018_cmp026,3347798.76049322,area_de_pico
lazazzara2018_exp2_k5bb_0dpi_r01,lazazzara2018_cmp026,1377211.06132841,area_de_pico
lazazzara2018_exp2_k5bb_0dpi_r02,lazazzara2018_cmp026,613589.94298227,area_de_pico
lazazzara2018_exp2_k5bb_0dpi_r03,lazazzara2018_cmp026,719908.83196436,area_de_pico
lazazzara2018_exp2_k5bb_0dpi_r04,lazazzara2018_cmp026,1886801.21291536,area_de_pico
lazazzara2018_exp2_k5bb_0dpi_r05,lazazzara2018_cmp026,735589.56279616,area_de_pico
lazazzara2018_exp1_k5bb_6dpi_r01,lazazzara2018_cmp026,12994.0,area_de_pico
lazazzara2018_exp1_k5bb_6dpi_r02,lazazzara2018_cmp026,1027917.03446334,area_de_pico
lazazzara2018_exp1_k5bb_6dpi_r04,lazazzara2018_cmp026,3579407.21207477,area_de_pico
lazazzara2018_exp2_k5bb_6dpi_r01,lazazzara2018_cmp026,1291884.02293851,area_de_pico
lazazzara2018_exp2_k5bb_6dpi_r02,lazazzara2018_cmp026,563133.63980574,area_de_pico
lazazzara2018_exp2_k5bb_6dpi_r03,lazazzara2018_cmp026,737403.23363373,area_de_pico
lazazzara2018_exp2_k5bb_6dpi_r04,lazazzara2018_cmp026,519757.93080789,area_de_pico
lazazzara2018_exp2_k5bb_6dpi_r05,lazazzara2018_cmp026,7464295.41105031,area_de_pico
lazazzara2018_exp1_so4_0dpi_r01,lazazzara2018_cmp026,88681.93042785,area_de_pico
lazazzara2018_exp1_so4_0dpi_r02,lazazzara2018_cmp026,30586.0,area_de_pico
lazazzara2018_exp1_so4_0dpi_r03,lazazzara2018_cmp026,34539047.3270779,area_de_pico
lazazzara2018_exp1_so4_0dpi_r04,lazazzara2018_cmp026,1951814.06023881,area_de_pico
lazazzara2018_exp1_so4_0dpi_r05,lazazzara2018_cmp026,20918.85807125,area_de_pico
lazazzara2018_exp2_so4_0dpi_r01,lazazzara2018_cmp026,739903.50945977,area_de_pico
lazazzara2018_exp2_so4_0dpi_r02,lazazzara2018_cmp026,986375.48538904,area_de_pico
lazazzara2018_exp2_so4_0dpi_r03,lazazzara2018_cmp026,4488093.80423779,area_de_pico
lazazzara2018_exp2_so4_0dpi_r04,lazazzara2018_cmp026,8101392.90924411,area_de_pico
lazazzara2018_exp2_so4_0dpi_r05,lazazzara2018_cmp026,797083.71200958,area_de_pico
lazazzara2018_exp1_so4_6dpi_r01,lazazzara2018_cmp026,451023.13585353,area_de_pico
lazazzara2018_exp1_so4_6dpi_r02,lazazzara2018_cmp026,28835.0,area_de_pico
lazazzara2018_exp1_so4_6dpi_r03,lazazzara2018_cmp026,719200.32951457,area_de_pico
lazazzara2018_exp1_so4_6dpi_r04,lazazzara2018_cmp026,340113.52642302,area_de_pico
lazazzara2018_exp1_so4_6dpi_r05,lazazzara2018_cmp026,40247.6086209,area_de_pico
lazazzara2018_exp2_so4_6dpi_r01,lazazzara2018_cmp026,18032076.1079979,area_de_pico
lazazzara2018_exp2_so4_6dpi_r02,lazazzara2018_cmp026,15800268.4409202,area_de_pico
lazazzara2018_exp2_so4_6dpi_r03,lazazzara2018_cmp026,14354962.3330761,area_de_pico
lazazzara2018_exp2_so4_6dpi_r04,lazazzara2018_cmp026,2227054.69841166,area_de_pico
lazazzara2018_exp2_so4_6dpi_r05,lazazzara2018_cmp026,703030.59126951,area_de_pico
lazazzara2018_exp1_solaris_0dpi_r01,lazazzara2018_cmp026,11002106.9421148,area_de_pico
lazazzara2018_exp1_solaris_0dpi_r02,lazazzara2018_cmp026,11318547.6505002,area_de_pico
lazazzara2018_exp1_solaris_0dpi_r03,lazazzara2018_cmp026,10467740.1728864,area_de_pico
lazazzara2018_exp1_solaris_0dpi_r04,lazazzara2018_cmp026,10451818.677087,area_de_pico
lazazzara2018_exp1_solaris_0dpi_r05,lazazzara2018_cmp026,5659450.04827269,area_de_pico
lazazzara2018_exp2_solaris_0dpi_r01,lazazzara2018_cmp026,8280711.63457288,area_de_pico
lazazzara2018_exp2_solaris_0dpi_r02,lazazzara2018_cmp026,8018634.66106575,area_de_pico
lazazzara2018_exp2_solaris_0dpi_r03,lazazzara2018_cmp026,35706730.6838017,area_de_pico
lazazzara2018_exp2_solaris_0dpi_r04,lazazzara2018_cmp026,14556721.945206,area_de_pico
lazazzara2018_exp2_solaris_0dpi_r05,lazazzara2018_cmp026,15838488.1950528,area_de_pico
lazazzara2018_exp1_solaris_6dpi_r01,lazazzara2018_cmp026,11835419.5815674,area_de_pico
lazazzara2018_exp1_solaris_6dpi_r02,lazazzara2018_cmp026,12354000.3912482,area_de_pico
lazazzara2018_exp1_solaris_6dpi_r03,lazazzara2018_cmp026,15620755.1695277,area_de_pico
lazazzara2018_exp1_solaris_6dpi_r04,lazazzara2018_cmp026,11184724.1911114,area_de_pico
lazazzara2018_exp1_solaris_6dpi_r05,lazazzara2018_cmp026,12240907.154924,area_de_pico
lazazzara2018_exp2_solaris_6dpi_r01,lazazzara2018_cmp026,12105885.0189207,area_de_pico
lazazzara2018_exp2_solaris_6dpi_r02,lazazzara2018_cmp026,5172371.62900221,area_de_pico
lazazzara2018_exp2_solaris_6dpi_r03,lazazzara2018_cmp026,26814668.5913479,area_de_pico
lazazzara2018_exp2_solaris_6dpi_r04,lazazzara2018_cmp026,27658623.5621571,area_de_pico
lazazzara2018_exp2_solaris_6dpi_r05,lazazzara2018_cmp026,18618883.6258281,area_de_pico
lazazzara2018_exp1_pinotnoir_0dpi_r01,lazazzara2018_cmp027,8798.0,area_de_pico
lazazzara2018_exp1_pinotnoir_0dpi_r02,lazazzara2018_cmp027,1526591.09161971,area_de_pico
lazazzara2018_exp1_pinotnoir_0dpi_r03,lazazzara2018_cmp027,4977.0,area_de_pico
lazazzara2018_exp1_pinotnoir_0dpi_r04,lazazzara2018_cmp027,2353954.06222259,area_de_pico
lazazzara2018_exp1_pinotnoir_0dpi_r05,lazazzara2018_cmp027,3105745.71362381,area_de_pico
lazazzara2018_exp2_pinotnoir_0dpi_r01,lazazzara2018_cmp027,1454794.8949312,area_de_pico
lazazzara2018_exp2_pinotnoir_0dpi_r02,lazazzara2018_cmp027,1730344.70259157,area_de_pico
lazazzara2018_exp2_pinotnoir_0dpi_r03,lazazzara2018_cmp027,3132459.10835218,area_de_pico
lazazzara2018_exp2_pinotnoir_0dpi_r04,lazazzara2018_cmp027,6314461.58580485,area_de_pico
lazazzara2018_exp2_pinotnoir_0dpi_r05,lazazzara2018_cmp027,2544875.88367871,area_de_pico
lazazzara2018_exp1_pinotnoir_6dpi_r01,lazazzara2018_cmp027,1562689.8671496,area_de_pico
lazazzara2018_exp1_pinotnoir_6dpi_r02,lazazzara2018_cmp027,6458.0,area_de_pico
lazazzara2018_exp1_pinotnoir_6dpi_r03,lazazzara2018_cmp027,22064.0,area_de_pico
lazazzara2018_exp1_pinotnoir_6dpi_r04,lazazzara2018_cmp027,1229505.40806585,area_de_pico
lazazzara2018_exp1_pinotnoir_6dpi_r05,lazazzara2018_cmp027,3189665.11228845,area_de_pico
lazazzara2018_exp2_pinotnoir_6dpi_r01,lazazzara2018_cmp027,974758.81932181,area_de_pico
lazazzara2018_exp2_pinotnoir_6dpi_r02,lazazzara2018_cmp027,1415479.21614253,area_de_pico
lazazzara2018_exp2_pinotnoir_6dpi_r03,lazazzara2018_cmp027,2261715.25899174,area_de_pico
lazazzara2018_exp2_pinotnoir_6dpi_r04,lazazzara2018_cmp027,1537466.07101625,area_de_pico
lazazzara2018_exp2_pinotnoir_6dpi_r05,lazazzara2018_cmp027,1932168.36391228,area_de_pico
lazazzara2018_exp1_bc4_0dpi_r01,lazazzara2018_cmp027,3244374.31926477,area_de_pico
lazazzara2018_exp1_bc4_0dpi_r02,lazazzara2018_cmp027,15069.0,area_de_pico
lazazzara2018_exp1_bc4_0dpi_r03,lazazzara2018_cmp027,11740468.0009986,area_de_pico
lazazzara2018_exp1_bc4_0dpi_r04,lazazzara2018_cmp027,9463.0,area_de_pico
lazazzara2018_exp1_bc4_0dpi_r05,lazazzara2018_cmp027,1244450.77305546,area_de_pico
lazazzara2018_exp2_bc4_0dpi_r01,lazazzara2018_cmp027,1096306.86613712,area_de_pico
lazazzara2018_exp2_bc4_0dpi_r02,lazazzara2018_cmp027,1814254.76528904,area_de_pico
lazazzara2018_exp2_bc4_0dpi_r03,lazazzara2018_cmp027,2558654.61232745,area_de_pico
lazazzara2018_exp2_bc4_0dpi_r04,lazazzara2018_cmp027,1289268.09936668,area_de_pico
lazazzara2018_exp2_bc4_0dpi_r05,lazazzara2018_cmp027,4836172.30788333,area_de_pico
lazazzara2018_exp1_bc4_6dpi_r01,lazazzara2018_cmp027,18478.0,area_de_pico
lazazzara2018_exp1_bc4_6dpi_r02,lazazzara2018_cmp027,242466.16514814,area_de_pico
lazazzara2018_exp1_bc4_6dpi_r03,lazazzara2018_cmp027,2411269.73344369,area_de_pico
lazazzara2018_exp1_bc4_6dpi_r04,lazazzara2018_cmp027,1529951.64904212,area_de_pico
lazazzara2018_exp1_bc4_6dpi_r05,lazazzara2018_cmp027,4545.0,area_de_pico
lazazzara2018_exp2_bc4_6dpi_r01,lazazzara2018_cmp027,5578888.45941387,area_de_pico
lazazzara2018_exp2_bc4_6dpi_r02,lazazzara2018_cmp027,1386771.02486131,area_de_pico
lazazzara2018_exp2_bc4_6dpi_r03,lazazzara2018_cmp027,4498196.41644405,area_de_pico
lazazzara2018_exp2_bc4_6dpi_r04,lazazzara2018_cmp027,589175.44755392,area_de_pico
lazazzara2018_exp2_bc4_6dpi_r05,lazazzara2018_cmp027,7064758.02344266,area_de_pico
lazazzara2018_exp1_k5bb_0dpi_r01,lazazzara2018_cmp027,7642824.81397684,area_de_pico
lazazzara2018_exp1_k5bb_0dpi_r02,lazazzara2018_cmp027,4323493.48143229,area_de_pico
lazazzara2018_exp1_k5bb_0dpi_r03,lazazzara2018_cmp027,12910028.0439761,area_de_pico
lazazzara2018_exp1_k5bb_0dpi_r04,lazazzara2018_cmp027,30084105.0152366,area_de_pico
lazazzara2018_exp1_k5bb_0dpi_r05,lazazzara2018_cmp027,10678996.2743807,area_de_pico
lazazzara2018_exp2_k5bb_0dpi_r01,lazazzara2018_cmp027,3517402.35827065,area_de_pico
lazazzara2018_exp2_k5bb_0dpi_r02,lazazzara2018_cmp027,2340171.9142395,area_de_pico
lazazzara2018_exp2_k5bb_0dpi_r03,lazazzara2018_cmp027,3959761.33944774,area_de_pico
lazazzara2018_exp2_k5bb_0dpi_r04,lazazzara2018_cmp027,5502393.33351127,area_de_pico
lazazzara2018_exp2_k5bb_0dpi_r05,lazazzara2018_cmp027,1261232.16123564,area_de_pico
lazazzara2018_exp1_k5bb_6dpi_r01,lazazzara2018_cmp027,14558.0,area_de_pico
lazazzara2018_exp1_k5bb_6dpi_r02,lazazzara2018_cmp027,6111308.10230894,area_de_pico
lazazzara2018_exp1_k5bb_6dpi_r04,lazazzara2018_cmp027,9983461.95641225,area_de_pico
lazazzara2018_exp2_k5bb_6dpi_r01,lazazzara2018_cmp027,2711954.50843688,area_de_pico
lazazzara2018_exp2_k5bb_6dpi_r02,lazazzara2018_cmp027,3474391.38161411,area_de_pico
lazazzara2018_exp2_k5bb_6dpi_r03,lazazzara2018_cmp027,2395149.93306243,area_de_pico
lazazzara2018_exp2_k5bb_6dpi_r04,lazazzara2018_cmp027,1531917.81776544,area_de_pico
lazazzara2018_exp2_k5bb_6dpi_r05,lazazzara2018_cmp027,13409758.4361926,area_de_pico
lazazzara2018_exp1_so4_0dpi_r01,lazazzara2018_cmp027,2156797.53352729,area_de_pico
lazazzara2018_exp1_so4_0dpi_r02,lazazzara2018_cmp027,1590349.68134948,area_de_pico
lazazzara2018_exp1_so4_0dpi_r03,lazazzara2018_cmp027,2554730.76082595,area_de_pico
lazazzara2018_exp1_so4_0dpi_r04,lazazzara2018_cmp027,2374678.88460485,area_de_pico
lazazzara2018_exp1_so4_0dpi_r05,lazazzara2018_cmp027,13736.0,area_de_pico
lazazzara2018_exp2_so4_0dpi_r01,lazazzara2018_cmp027,1130702.89356237,area_de_pico
lazazzara2018_exp2_so4_0dpi_r02,lazazzara2018_cmp027,2500403.51116997,area_de_pico
lazazzara2018_exp2_so4_0dpi_r03,lazazzara2018_cmp027,5988870.6372165,area_de_pico
lazazzara2018_exp2_so4_0dpi_r04,lazazzara2018_cmp027,7319612.3031137,area_de_pico
lazazzara2018_exp2_so4_0dpi_r05,lazazzara2018_cmp027,2921806.97048802,area_de_pico
lazazzara2018_exp1_so4_6dpi_r01,lazazzara2018_cmp027,1133163.84988999,area_de_pico
lazazzara2018_exp1_so4_6dpi_r02,lazazzara2018_cmp027,7158.0,area_de_pico
lazazzara2018_exp1_so4_6dpi_r03,lazazzara2018_cmp027,1605705.26961265,area_de_pico
lazazzara2018_exp1_so4_6dpi_r04,lazazzara2018_cmp027,2079993.60615952,area_de_pico
lazazzara2018_exp1_so4_6dpi_r05,lazazzara2018_cmp027,3870266.9657882,area_de_pico
lazazzara2018_exp2_so4_6dpi_r01,lazazzara2018_cmp027,19480518.1818795,area_de_pico
lazazzara2018_exp2_so4_6dpi_r02,lazazzara2018_cmp027,11233541.0033661,area_de_pico
lazazzara2018_exp2_so4_6dpi_r03,lazazzara2018_cmp027,18978118.8500757,area_de_pico
lazazzara2018_exp2_so4_6dpi_r04,lazazzara2018_cmp027,7869284.25389795,area_de_pico
lazazzara2018_exp2_so4_6dpi_r05,lazazzara2018_cmp027,2612854.07527466,area_de_pico
lazazzara2018_exp1_solaris_0dpi_r01,lazazzara2018_cmp027,3476094.81684292,area_de_pico
lazazzara2018_exp1_solaris_0dpi_r02,lazazzara2018_cmp027,3936077.22747877,area_de_pico
lazazzara2018_exp1_solaris_0dpi_r03,lazazzara2018_cmp027,3008548.90672793,area_de_pico
lazazzara2018_exp1_solaris_0dpi_r04,lazazzara2018_cmp027,3440642.4446393,area_de_pico
lazazzara2018_exp1_solaris_0dpi_r05,lazazzara2018_cmp027,2727894.53748806,area_de_pico
lazazzara2018_exp2_solaris_0dpi_r01,lazazzara2018_cmp027,2477655.03715763,area_de_pico
lazazzara2018_exp2_solaris_0dpi_r02,lazazzara2018_cmp027,2413354.94619634,area_de_pico
lazazzara2018_exp2_solaris_0dpi_r03,lazazzara2018_cmp027,5125858.92771311,area_de_pico
lazazzara2018_exp2_solaris_0dpi_r04,lazazzara2018_cmp027,2709191.61741131,area_de_pico
lazazzara2018_exp2_solaris_0dpi_r05,lazazzara2018_cmp027,3635320.8731233,area_de_pico
lazazzara2018_exp1_solaris_6dpi_r01,lazazzara2018_cmp027,2366246.4253081,area_de_pico
lazazzara2018_exp1_solaris_6dpi_r02,lazazzara2018_cmp027,4330999.11084358,area_de_pico
lazazzara2018_exp1_solaris_6dpi_r03,lazazzara2018_cmp027,2597450.3458115,area_de_pico
lazazzara2018_exp1_solaris_6dpi_r04,lazazzara2018_cmp027,3010325.01999672,area_de_pico
lazazzara2018_exp1_solaris_6dpi_r05,lazazzara2018_cmp027,3235609.77383185,area_de_pico
lazazzara2018_exp2_solaris_6dpi_r01,lazazzara2018_cmp027,2746665.4389267,area_de_pico
lazazzara2018_exp2_solaris_6dpi_r02,lazazzara2018_cmp027,1856675.66083998,area_de_pico
lazazzara2018_exp2_solaris_6dpi_r03,lazazzara2018_cmp027,5847245.41086918,area_de_pico
lazazzara2018_exp2_solaris_6dpi_r04,lazazzara2018_cmp027,4479299.98656356,area_de_pico
lazazzara2018_exp2_solaris_6dpi_r05,lazazzara2018_cmp027,3208968.74264867,area_de_pico
lazazzara2018_exp1_pinotnoir_0dpi_r01,lazazzara2018_cmp028,4054680.88607916,area_de_pico
lazazzara2018_exp1_pinotnoir_0dpi_r02,lazazzara2018_cmp028,3018380.74756772,area_de_pico
lazazzara2018_exp1_pinotnoir_0dpi_r03,lazazzara2018_cmp028,980714.878556668,area_de_pico
lazazzara2018_exp1_pinotnoir_0dpi_r04,lazazzara2018_cmp028,3058082.74328105,area_de_pico
lazazzara2018_exp1_pinotnoir_0dpi_r05,lazazzara2018_cmp028,1716995.36816978,area_de_pico
lazazzara2018_exp2_pinotnoir_0dpi_r01,lazazzara2018_cmp028,495242.42053247,area_de_pico
lazazzara2018_exp2_pinotnoir_0dpi_r02,lazazzara2018_cmp028,491635.3034465,area_de_pico
lazazzara2018_exp2_pinotnoir_0dpi_r03,lazazzara2018_cmp028,1137724.07630852,area_de_pico
lazazzara2018_exp2_pinotnoir_0dpi_r04,lazazzara2018_cmp028,2292108.79245843,area_de_pico
lazazzara2018_exp2_pinotnoir_0dpi_r05,lazazzara2018_cmp028,862074.398881182,area_de_pico
lazazzara2018_exp1_pinotnoir_6dpi_r01,lazazzara2018_cmp028,2876803.92202672,area_de_pico
lazazzara2018_exp1_pinotnoir_6dpi_r02,lazazzara2018_cmp028,2187888.70132239,area_de_pico
lazazzara2018_exp1_pinotnoir_6dpi_r03,lazazzara2018_cmp028,10984894.90688,area_de_pico
lazazzara2018_exp1_pinotnoir_6dpi_r04,lazazzara2018_cmp028,1777606.10913506,area_de_pico
lazazzara2018_exp1_pinotnoir_6dpi_r05,lazazzara2018_cmp028,2803654.72685231,area_de_pico
lazazzara2018_exp2_pinotnoir_6dpi_r01,lazazzara2018_cmp028,904534.140668164,area_de_pico
lazazzara2018_exp2_pinotnoir_6dpi_r02,lazazzara2018_cmp028,670028.872577253,area_de_pico
lazazzara2018_exp2_pinotnoir_6dpi_r03,lazazzara2018_cmp028,697687.99667792,area_de_pico
lazazzara2018_exp2_pinotnoir_6dpi_r04,lazazzara2018_cmp028,396165.286976085,area_de_pico
lazazzara2018_exp2_pinotnoir_6dpi_r05,lazazzara2018_cmp028,694433.73957086,area_de_pico
lazazzara2018_exp1_bc4_0dpi_r01,lazazzara2018_cmp028,1769393.82175721,area_de_pico
lazazzara2018_exp1_bc4_0dpi_r02,lazazzara2018_cmp028,1718402.38966284,area_de_pico
lazazzara2018_exp1_bc4_0dpi_r03,lazazzara2018_cmp028,1059333.95530522,area_de_pico
lazazzara2018_exp1_bc4_0dpi_r04,lazazzara2018_cmp028,1301263.92290771,area_de_pico
lazazzara2018_exp1_bc4_0dpi_r05,lazazzara2018_cmp028,1955349.17971345,area_de_pico
lazazzara2018_exp2_bc4_0dpi_r01,lazazzara2018_cmp028,232879.197579123,area_de_pico
lazazzara2018_exp2_bc4_0dpi_r02,lazazzara2018_cmp028,1670407.13732452,area_de_pico
lazazzara2018_exp2_bc4_0dpi_r03,lazazzara2018_cmp028,1130683.2720494,area_de_pico
lazazzara2018_exp2_bc4_0dpi_r04,lazazzara2018_cmp028,606706.9798219,area_de_pico
lazazzara2018_exp2_bc4_0dpi_r05,lazazzara2018_cmp028,420088.60467472,area_de_pico
lazazzara2018_exp1_bc4_6dpi_r01,lazazzara2018_cmp028,2145977.86804527,area_de_pico
lazazzara2018_exp1_bc4_6dpi_r02,lazazzara2018_cmp028,1597417.80670996,area_de_pico
lazazzara2018_exp1_bc4_6dpi_r03,lazazzara2018_cmp028,2113061.56110126,area_de_pico
lazazzara2018_exp1_bc4_6dpi_r04,lazazzara2018_cmp028,1656877.6926812,area_de_pico
lazazzara2018_exp1_bc4_6dpi_r05,lazazzara2018_cmp028,3118685.38865596,area_de_pico
lazazzara2018_exp2_bc4_6dpi_r01,lazazzara2018_cmp028,170873.86343263,area_de_pico
lazazzara2018_exp2_bc4_6dpi_r02,lazazzara2018_cmp028,912476.943626511,area_de_pico
lazazzara2018_exp2_bc4_6dpi_r03,lazazzara2018_cmp028,507585.217335855,area_de_pico
lazazzara2018_exp2_bc4_6dpi_r04,lazazzara2018_cmp028,193268.501020248,area_de_pico
lazazzara2018_exp2_bc4_6dpi_r05,lazazzara2018_cmp028,1150234.3899794,area_de_pico
lazazzara2018_exp1_k5bb_0dpi_r01,lazazzara2018_cmp028,7096678.71130456,area_de_pico
lazazzara2018_exp1_k5bb_0dpi_r02,lazazzara2018_cmp028,2440646.53826992,area_de_pico
lazazzara2018_exp1_k5bb_0dpi_r03,lazazzara2018_cmp028,1662688.45860381,area_de_pico
lazazzara2018_exp1_k5bb_0dpi_r04,lazazzara2018_cmp028,3258945.49971845,area_de_pico
lazazzara2018_exp1_k5bb_0dpi_r05,lazazzara2018_cmp028,431914.8467088,area_de_pico
lazazzara2018_exp2_k5bb_0dpi_r01,lazazzara2018_cmp028,1367673.48906258,area_de_pico
lazazzara2018_exp2_k5bb_0dpi_r02,lazazzara2018_cmp028,1103029.78906205,area_de_pico
lazazzara2018_exp2_k5bb_0dpi_r03,lazazzara2018_cmp028,1700755.16189212,area_de_pico
lazazzara2018_exp2_k5bb_0dpi_r04,lazazzara2018_cmp028,1999821.72543237,area_de_pico
lazazzara2018_exp2_k5bb_0dpi_r05,lazazzara2018_cmp028,234752.515669024,area_de_pico
lazazzara2018_exp1_k5bb_6dpi_r01,lazazzara2018_cmp028,2146656.43950327,area_de_pico
lazazzara2018_exp1_k5bb_6dpi_r02,lazazzara2018_cmp028,3949044.01223007,area_de_pico
lazazzara2018_exp1_k5bb_6dpi_r04,lazazzara2018_cmp028,656385.15332448,area_de_pico
lazazzara2018_exp2_k5bb_6dpi_r01,lazazzara2018_cmp028,1121251.51854243,area_de_pico
lazazzara2018_exp2_k5bb_6dpi_r02,lazazzara2018_cmp028,576685.673997424,area_de_pico
lazazzara2018_exp2_k5bb_6dpi_r03,lazazzara2018_cmp028,396293.197433318,area_de_pico
lazazzara2018_exp2_k5bb_6dpi_r04,lazazzara2018_cmp028,684407.260039146,area_de_pico
lazazzara2018_exp2_k5bb_6dpi_r05,lazazzara2018_cmp028,798147.15847422,area_de_pico
lazazzara2018_exp1_so4_0dpi_r01,lazazzara2018_cmp028,2509969.02668699,area_de_pico
lazazzara2018_exp1_so4_0dpi_r02,lazazzara2018_cmp028,2868774.82614128,area_de_pico
lazazzara2018_exp1_so4_0dpi_r03,lazazzara2018_cmp028,2507698.53584744,area_de_pico
lazazzara2018_exp1_so4_0dpi_r04,lazazzara2018_cmp028,1095804.73842047,area_de_pico
lazazzara2018_exp1_so4_0dpi_r05,lazazzara2018_cmp028,3922896.93947902,area_de_pico
lazazzara2018_exp2_so4_0dpi_r01,lazazzara2018_cmp028,2220707.51685288,area_de_pico
lazazzara2018_exp2_so4_0dpi_r02,lazazzara2018_cmp028,2041040.02486216,area_de_pico
lazazzara2018_exp2_so4_0dpi_r03,lazazzara2018_cmp028,832504.19508476,area_de_pico
lazazzara2018_exp2_so4_0dpi_r04,lazazzara2018_cmp028,390714.328109995,area_de_pico
lazazzara2018_exp2_so4_0dpi_r05,lazazzara2018_cmp028,1984640.19380482,area_de_pico
lazazzara2018_exp1_so4_6dpi_r01,lazazzara2018_cmp028,5217767.37701244,area_de_pico
lazazzara2018_exp1_so4_6dpi_r02,lazazzara2018_cmp028,4127232.39768839,area_de_pico
lazazzara2018_exp1_so4_6dpi_r03,lazazzara2018_cmp028,5015172.04852198,area_de_pico
lazazzara2018_exp1_so4_6dpi_r04,lazazzara2018_cmp028,11798477.106632,area_de_pico
lazazzara2018_exp1_so4_6dpi_r05,lazazzara2018_cmp028,2456055.80960026,area_de_pico
lazazzara2018_exp2_so4_6dpi_r01,lazazzara2018_cmp028,1153923.08735009,area_de_pico
lazazzara2018_exp2_so4_6dpi_r02,lazazzara2018_cmp028,1076519.41499789,area_de_pico
lazazzara2018_exp2_so4_6dpi_r03,lazazzara2018_cmp028,4894399.45477858,area_de_pico
lazazzara2018_exp2_so4_6dpi_r04,lazazzara2018_cmp028,1577433.51911405,area_de_pico
lazazzara2018_exp2_so4_6dpi_r05,lazazzara2018_cmp028,2213072.91231639,area_de_pico
lazazzara2018_exp1_solaris_0dpi_r01,lazazzara2018_cmp028,1042259.38062657,area_de_pico
lazazzara2018_exp1_solaris_0dpi_r02,lazazzara2018_cmp028,1432077.75878432,area_de_pico
lazazzara2018_exp1_solaris_0dpi_r03,lazazzara2018_cmp028,2654737.01055301,area_de_pico
lazazzara2018_exp1_solaris_0dpi_r04,lazazzara2018_cmp028,936663.39697994,area_de_pico
lazazzara2018_exp1_solaris_0dpi_r05,lazazzara2018_cmp028,1481425.60243672,area_de_pico
lazazzara2018_exp2_solaris_0dpi_r01,lazazzara2018_cmp028,838535.046963233,area_de_pico
lazazzara2018_exp2_solaris_0dpi_r02,lazazzara2018_cmp028,463144.279233917,area_de_pico
lazazzara2018_exp2_solaris_0dpi_r03,lazazzara2018_cmp028,539563.310125432,area_de_pico
lazazzara2018_exp2_solaris_0dpi_r04,lazazzara2018_cmp028,247261.817913645,area_de_pico
lazazzara2018_exp2_solaris_0dpi_r05,lazazzara2018_cmp028,205780.017378295,area_de_pico
lazazzara2018_exp1_solaris_6dpi_r01,lazazzara2018_cmp028,1140551.42743503,area_de_pico
lazazzara2018_exp1_solaris_6dpi_r02,lazazzara2018_cmp028,1640377.02342581,area_de_pico
lazazzara2018_exp1_solaris_6dpi_r03,lazazzara2018_cmp028,1016957.2534934,area_de_pico
lazazzara2018_exp1_solaris_6dpi_r04,lazazzara2018_cmp028,1271462.8857004,area_de_pico
lazazzara2018_exp1_solaris_6dpi_r05,lazazzara2018_cmp028,949381.388781913,area_de_pico
lazazzara2018_exp2_solaris_6dpi_r01,lazazzara2018_cmp028,583726.575611071,area_de_pico
lazazzara2018_exp2_solaris_6dpi_r02,lazazzara2018_cmp028,296948.086280303,area_de_pico
lazazzara2018_exp2_solaris_6dpi_r03,lazazzara2018_cmp028,426084.714666142,area_de_pico
lazazzara2018_exp2_solaris_6dpi_r04,lazazzara2018_cmp028,341544.36621317,area_de_pico
lazazzara2018_exp2_solaris_6dpi_r05,lazazzara2018_cmp028,324829.290062992,area_de_pico
lazazzara2018_exp1_pinotnoir_0dpi_r01,lazazzara2018_cmp029,13118.0,area_de_pico
lazazzara2018_exp1_pinotnoir_0dpi_r02,lazazzara2018_cmp029,2233617.16753036,area_de_pico
lazazzara2018_exp1_pinotnoir_0dpi_r03,lazazzara2018_cmp029,22074.0,area_de_pico
lazazzara2018_exp1_pinotnoir_0dpi_r04,lazazzara2018_cmp029,2634281.47745186,area_de_pico
lazazzara2018_exp1_pinotnoir_0dpi_r05,lazazzara2018_cmp029,2952999.15800738,area_de_pico
lazazzara2018_exp2_pinotnoir_0dpi_r01,lazazzara2018_cmp029,916031.127507874,area_de_pico
lazazzara2018_exp2_pinotnoir_0dpi_r02,lazazzara2018_cmp029,1239564.2833805,area_de_pico
lazazzara2018_exp2_pinotnoir_0dpi_r03,lazazzara2018_cmp029,3112232.52248902,area_de_pico
lazazzara2018_exp2_pinotnoir_0dpi_r04,lazazzara2018_cmp029,4024388.68236719,area_de_pico
lazazzara2018_exp2_pinotnoir_0dpi_r05,lazazzara2018_cmp029,2777966.68889712,area_de_pico
lazazzara2018_exp1_pinotnoir_6dpi_r01,lazazzara2018_cmp029,3129259.05068954,area_de_pico
lazazzara2018_exp1_pinotnoir_6dpi_r02,lazazzara2018_cmp029,1541879.86837075,area_de_pico
lazazzara2018_exp1_pinotnoir_6dpi_r03,lazazzara2018_cmp029,150463.03427524,area_de_pico
lazazzara2018_exp1_pinotnoir_6dpi_r04,lazazzara2018_cmp029,667360.798132206,area_de_pico
lazazzara2018_exp1_pinotnoir_6dpi_r05,lazazzara2018_cmp029,4577108.25778471,area_de_pico
lazazzara2018_exp2_pinotnoir_6dpi_r01,lazazzara2018_cmp029,1060010.77187742,area_de_pico
lazazzara2018_exp2_pinotnoir_6dpi_r02,lazazzara2018_cmp029,843530.757365718,area_de_pico
lazazzara2018_exp2_pinotnoir_6dpi_r03,lazazzara2018_cmp029,1227108.87191898,area_de_pico
lazazzara2018_exp2_pinotnoir_6dpi_r04,lazazzara2018_cmp029,1393981.34848177,area_de_pico
lazazzara2018_exp2_pinotnoir_6dpi_r05,lazazzara2018_cmp029,1378171.47654103,area_de_pico
lazazzara2018_exp1_bc4_0dpi_r01,lazazzara2018_cmp029,29094.0,area_de_pico
lazazzara2018_exp1_bc4_0dpi_r02,lazazzara2018_cmp029,20753.0,area_de_pico
lazazzara2018_exp1_bc4_0dpi_r03,lazazzara2018_cmp029,13121410.4097793,area_de_pico
lazazzara2018_exp1_bc4_0dpi_r04,lazazzara2018_cmp029,7769.0,area_de_pico
lazazzara2018_exp1_bc4_0dpi_r05,lazazzara2018_cmp029,12059.0,area_de_pico
lazazzara2018_exp2_bc4_0dpi_r01,lazazzara2018_cmp029,22847.1183147134,area_de_pico
lazazzara2018_exp2_bc4_0dpi_r02,lazazzara2018_cmp029,68702.23309038,area_de_pico
lazazzara2018_exp2_bc4_0dpi_r03,lazazzara2018_cmp029,115395.449839518,area_de_pico
lazazzara2018_exp2_bc4_0dpi_r04,lazazzara2018_cmp029,15375.133847768,area_de_pico
lazazzara2018_exp2_bc4_0dpi_r05,lazazzara2018_cmp029,129981.386072806,area_de_pico
lazazzara2018_exp1_bc4_6dpi_r01,lazazzara2018_cmp029,8637.0,area_de_pico
lazazzara2018_exp1_bc4_6dpi_r02,lazazzara2018_cmp029,11430.122394926,area_de_pico
lazazzara2018_exp1_bc4_6dpi_r03,lazazzara2018_cmp029,14410.0,area_de_pico
lazazzara2018_exp1_bc4_6dpi_r04,lazazzara2018_cmp029,29820.0,area_de_pico
lazazzara2018_exp1_bc4_6dpi_r05,lazazzara2018_cmp029,9513.0,area_de_pico
lazazzara2018_exp2_bc4_6dpi_r01,lazazzara2018_cmp029,69969.522228509,area_de_pico
lazazzara2018_exp2_bc4_6dpi_r02,lazazzara2018_cmp029,64269.60451999,area_de_pico
lazazzara2018_exp2_bc4_6dpi_r03,lazazzara2018_cmp029,20389.667788802,area_de_pico
lazazzara2018_exp2_bc4_6dpi_r04,lazazzara2018_cmp029,16149.30997532,area_de_pico
lazazzara2018_exp2_bc4_6dpi_r05,lazazzara2018_cmp029,122788.219214165,area_de_pico
lazazzara2018_exp1_k5bb_0dpi_r01,lazazzara2018_cmp029,378257.555786706,area_de_pico
lazazzara2018_exp1_k5bb_0dpi_r02,lazazzara2018_cmp029,78169.0,area_de_pico
lazazzara2018_exp1_k5bb_0dpi_r03,lazazzara2018_cmp029,19491.0,area_de_pico
lazazzara2018_exp1_k5bb_0dpi_r04,lazazzara2018_cmp029,79339.0,area_de_pico
lazazzara2018_exp1_k5bb_0dpi_r05,lazazzara2018_cmp029,201277.597201778,area_de_pico
lazazzara2018_exp2_k5bb_0dpi_r01,lazazzara2018_cmp029,7679.21690876,area_de_pico
lazazzara2018_exp2_k5bb_0dpi_r02,lazazzara2018_cmp029,38716.30767767,area_de_pico
lazazzara2018_exp2_k5bb_0dpi_r03,lazazzara2018_cmp029,35275.085991727,area_de_pico
lazazzara2018_exp2_k5bb_0dpi_r04,lazazzara2018_cmp029,13024.61315567,area_de_pico
lazazzara2018_exp2_k5bb_0dpi_r05,lazazzara2018_cmp029,24900.51710992,area_de_pico
lazazzara2018_exp1_k5bb_6dpi_r01,lazazzara2018_cmp029,18072.0,area_de_pico
lazazzara2018_exp1_k5bb_6dpi_r02,lazazzara2018_cmp029,107352.086718308,area_de_pico
lazazzara2018_exp1_k5bb_6dpi_r04,lazazzara2018_cmp029,8951.10350184,area_de_pico
lazazzara2018_exp2_k5bb_6dpi_r01,lazazzara2018_cmp029,138697.526854577,area_de_pico
lazazzara2018_exp2_k5bb_6dpi_r02,lazazzara2018_cmp029,29101.76837342,area_de_pico
lazazzara2018_exp2_k5bb_6dpi_r03,lazazzara2018_cmp029,19837.261731404,area_de_pico
lazazzara2018_exp2_k5bb_6dpi_r04,lazazzara2018_cmp029,10026.8317847,area_de_pico
lazazzara2018_exp2_k5bb_6dpi_r05,lazazzara2018_cmp029,105419.999022725,area_de_pico
lazazzara2018_exp1_so4_0dpi_r01,lazazzara2018_cmp029,347254.620538548,area_de_pico
lazazzara2018_exp1_so4_0dpi_r02,lazazzara2018_cmp029,895320.013968674,area_de_pico
lazazzara2018_exp1_so4_0dpi_r03,lazazzara2018_cmp029,50158.0,area_de_pico
lazazzara2018_exp1_so4_0dpi_r04,lazazzara2018_cmp029,13634.0,area_de_pico
lazazzara2018_exp1_so4_0dpi_r05,lazazzara2018_cmp029,13801.0,area_de_pico
lazazzara2018_exp2_so4_0dpi_r01,lazazzara2018_cmp029,454228.611142984,area_de_pico
lazazzara2018_exp2_so4_0dpi_r02,lazazzara2018_cmp029,1783947.97734239,area_de_pico
lazazzara2018_exp2_so4_0dpi_r03,lazazzara2018_cmp029,4716666.0538267,area_de_pico
lazazzara2018_exp2_so4_0dpi_r04,lazazzara2018_cmp029,5803432.9680042,area_de_pico
lazazzara2018_exp2_so4_0dpi_r05,lazazzara2018_cmp029,1170390.11796225,area_de_pico
lazazzara2018_exp1_so4_6dpi_r01,lazazzara2018_cmp029,23084.0,area_de_pico
lazazzara2018_exp1_so4_6dpi_r02,lazazzara2018_cmp029,18754.0,area_de_pico
lazazzara2018_exp1_so4_6dpi_r03,lazazzara2018_cmp029,2290375.88743856,area_de_pico
lazazzara2018_exp1_so4_6dpi_r04,lazazzara2018_cmp029,2315744.57722498,area_de_pico
lazazzara2018_exp1_so4_6dpi_r05,lazazzara2018_cmp029,1221507.65464656,area_de_pico
lazazzara2018_exp2_so4_6dpi_r01,lazazzara2018_cmp029,8625382.93412789,area_de_pico
lazazzara2018_exp2_so4_6dpi_r02,lazazzara2018_cmp029,4554581.75004011,area_de_pico
lazazzara2018_exp2_so4_6dpi_r03,lazazzara2018_cmp029,8306712.38181166,area_de_pico
lazazzara2018_exp2_so4_6dpi_r04,lazazzara2018_cmp029,706645.942144958,area_de_pico
lazazzara2018_exp2_so4_6dpi_r05,lazazzara2018_cmp029,809972.234906597,area_de_pico
lazazzara2018_exp1_solaris_0dpi_r01,lazazzara2018_cmp029,502986.441240396,area_de_pico
lazazzara2018_exp1_solaris_0dpi_r02,lazazzara2018_cmp029,2628777.94981481,area_de_pico
lazazzara2018_exp1_solaris_0dpi_r03,lazazzara2018_cmp029,1062432.37803994,area_de_pico
lazazzara2018_exp1_solaris_0dpi_r04,lazazzara2018_cmp029,24683.0,area_de_pico
lazazzara2018_exp1_solaris_0dpi_r05,lazazzara2018_cmp029,7646.0,area_de_pico
lazazzara2018_exp2_solaris_0dpi_r01,lazazzara2018_cmp029,175995.476035216,area_de_pico
lazazzara2018_exp2_solaris_0dpi_r02,lazazzara2018_cmp029,203919.19561815,area_de_pico
lazazzara2018_exp2_solaris_0dpi_r03,lazazzara2018_cmp029,2347596.59987874,area_de_pico
lazazzara2018_exp2_solaris_0dpi_r04,lazazzara2018_cmp029,342232.661132124,area_de_pico
lazazzara2018_exp2_solaris_0dpi_r05,lazazzara2018_cmp029,76741.07670072,area_de_pico
lazazzara2018_exp1_solaris_6dpi_r01,lazazzara2018_cmp029,3985723.46712675,area_de_pico
lazazzara2018_exp1_solaris_6dpi_r02,lazazzara2018_cmp029,2621128.21534635,area_de_pico
lazazzara2018_exp1_solaris_6dpi_r03,lazazzara2018_cmp029,4337509.93382214,area_de_pico
lazazzara2018_exp1_solaris_6dpi_r04,lazazzara2018_cmp029,2455999.65993723,area_de_pico
lazazzara2018_exp1_solaris_6dpi_r05,lazazzara2018_cmp029,1748957.72200088,area_de_pico
lazazzara2018_exp2_solaris_6dpi_r01,lazazzara2018_cmp029,1316815.25429261,area_de_pico
lazazzara2018_exp2_solaris_6dpi_r02,lazazzara2018_cmp029,811829.681015425,area_de_pico
lazazzara2018_exp2_solaris_6dpi_r03,lazazzara2018_cmp029,2590244.89444187,area_de_pico
lazazzara2018_exp2_solaris_6dpi_r04,lazazzara2018_cmp029,1199525.13305296,area_de_pico
lazazzara2018_exp2_solaris_6dpi_r05,lazazzara2018_cmp029,2067894.29863488,area_de_pico
lazazzara2018_exp1_pinotnoir_0dpi_r01,lazazzara2018_cmp030,23321.0,area_de_pico
lazazzara2018_exp1_pinotnoir_0dpi_r02,lazazzara2018_cmp030,23374.0,area_de_pico
lazazzara2018_exp1_pinotnoir_0dpi_r03,lazazzara2018_cmp030,1825.00826683,area_de_pico
lazazzara2018_exp1_pinotnoir_0dpi_r04,lazazzara2018_cmp030,43334.008347526,area_de_pico
lazazzara2018_exp1_pinotnoir_0dpi_r05,lazazzara2018_cmp030,60973.812689181,area_de_pico
lazazzara2018_exp2_pinotnoir_0dpi_r01,lazazzara2018_cmp030,8868938.48948926,area_de_pico
lazazzara2018_exp2_pinotnoir_0dpi_r02,lazazzara2018_cmp030,18176687.8652278,area_de_pico
lazazzara2018_exp2_pinotnoir_0dpi_r03,lazazzara2018_cmp030,17835813.8936297,area_de_pico
lazazzara2018_exp2_pinotnoir_0dpi_r04,lazazzara2018_cmp030,2058282.54836422,area_de_pico
lazazzara2018_exp2_pinotnoir_0dpi_r05,lazazzara2018_cmp030,14669436.5979071,area_de_pico
lazazzara2018_exp1_pinotnoir_6dpi_r01,lazazzara2018_cmp030,5259.1599447,area_de_pico
lazazzara2018_exp1_pinotnoir_6dpi_r02,lazazzara2018_cmp030,3892.41699064,area_de_pico
lazazzara2018_exp1_pinotnoir_6dpi_r03,lazazzara2018_cmp030,8403.89257396,area_de_pico
lazazzara2018_exp1_pinotnoir_6dpi_r04,lazazzara2018_cmp030,15685.8427881,area_de_pico
lazazzara2018_exp1_pinotnoir_6dpi_r05,lazazzara2018_cmp030,32414.5493065,area_de_pico
lazazzara2018_exp2_pinotnoir_6dpi_r01,lazazzara2018_cmp030,5902768.5996768,area_de_pico
lazazzara2018_exp2_pinotnoir_6dpi_r02,lazazzara2018_cmp030,10454359.5651464,area_de_pico
lazazzara2018_exp2_pinotnoir_6dpi_r03,lazazzara2018_cmp030,10789346.9657843,area_de_pico
lazazzara2018_exp2_pinotnoir_6dpi_r04,lazazzara2018_cmp030,8856846.78161628,area_de_pico
lazazzara2018_exp2_pinotnoir_6dpi_r05,lazazzara2018_cmp030,12171899.1517519,area_de_pico
lazazzara2018_exp1_bc4_0dpi_r01,lazazzara2018_cmp030,20442.0,area_de_pico
lazazzara2018_exp1_bc4_0dpi_r02,lazazzara2018_cmp030,61505.07984564,area_de_pico
lazazzara2018_exp1_bc4_0dpi_r03,lazazzara2018_cmp030,14147.42143341,area_de_pico
lazazzara2018_exp1_bc4_0dpi_r04,lazazzara2018_cmp030,24040.51593674,area_de_pico
lazazzara2018_exp1_bc4_0dpi_r05,lazazzara2018_cmp030,3749.06935282,area_de_pico
lazazzara2018_exp2_bc4_0dpi_r01,lazazzara2018_cmp030,3720373.2149076,area_de_pico
lazazzara2018_exp2_bc4_0dpi_r02,lazazzara2018_cmp030,12458802.8175303,area_de_pico
lazazzara2018_exp2_bc4_0dpi_r03,lazazzara2018_cmp030,7375799.50870773,area_de_pico
lazazzara2018_exp2_bc4_0dpi_r04,lazazzara2018_cmp030,7373796.24179398,area_de_pico
lazazzara2018_exp2_bc4_0dpi_r05,lazazzara2018_cmp030,11445489.4178797,area_de_pico
lazazzara2018_exp1_bc4_6dpi_r01,lazazzara2018_cmp030,9180.62325433,area_de_pico
lazazzara2018_exp1_bc4_6dpi_r02,lazazzara2018_cmp030,8924.517676211,area_de_pico
lazazzara2018_exp1_bc4_6dpi_r03,lazazzara2018_cmp030,38501.450091692,area_de_pico
lazazzara2018_exp1_bc4_6dpi_r04,lazazzara2018_cmp030,2544.52052352,area_de_pico
lazazzara2018_exp1_bc4_6dpi_r05,lazazzara2018_cmp030,30572.979907494,area_de_pico
lazazzara2018_exp2_bc4_6dpi_r01,lazazzara2018_cmp030,9284541.09698539,area_de_pico
lazazzara2018_exp2_bc4_6dpi_r02,lazazzara2018_cmp030,11827934.5508863,area_de_pico
lazazzara2018_exp2_bc4_6dpi_r03,lazazzara2018_cmp030,13045185.1011083,area_de_pico
lazazzara2018_exp2_bc4_6dpi_r04,lazazzara2018_cmp030,6258164.06242836,area_de_pico
lazazzara2018_exp2_bc4_6dpi_r05,lazazzara2018_cmp030,18239924.1159686,area_de_pico
lazazzara2018_exp1_k5bb_0dpi_r01,lazazzara2018_cmp030,35751.690171191,area_de_pico
lazazzara2018_exp1_k5bb_0dpi_r02,lazazzara2018_cmp030,10746.46656549,area_de_pico
lazazzara2018_exp1_k5bb_0dpi_r03,lazazzara2018_cmp030,7078.40815474,area_de_pico
lazazzara2018_exp1_k5bb_0dpi_r04,lazazzara2018_cmp030,54410.918415744,area_de_pico
lazazzara2018_exp1_k5bb_0dpi_r05,lazazzara2018_cmp030,18005.197871708,area_de_pico
lazazzara2018_exp2_k5bb_0dpi_r01,lazazzara2018_cmp030,15096283.0359752,area_de_pico
lazazzara2018_exp2_k5bb_0dpi_r02,lazazzara2018_cmp030,14330484.0532175,area_de_pico
lazazzara2018_exp2_k5bb_0dpi_r03,lazazzara2018_cmp030,7784619.15894536,area_de_pico
lazazzara2018_exp2_k5bb_0dpi_r04,lazazzara2018_cmp030,22264719.4458894,area_de_pico
lazazzara2018_exp2_k5bb_0dpi_r05,lazazzara2018_cmp030,6644865.10237878,area_de_pico
lazazzara2018_exp1_k5bb_6dpi_r01,lazazzara2018_cmp030,18144.0,area_de_pico
lazazzara2018_exp1_k5bb_6dpi_r02,lazazzara2018_cmp030,38717.594479472,area_de_pico
lazazzara2018_exp1_k5bb_6dpi_r04,lazazzara2018_cmp030,10838.8536179,area_de_pico
lazazzara2018_exp2_k5bb_6dpi_r01,lazazzara2018_cmp030,9611263.24635956,area_de_pico
lazazzara2018_exp2_k5bb_6dpi_r02,lazazzara2018_cmp030,20719878.305092,area_de_pico
lazazzara2018_exp2_k5bb_6dpi_r03,lazazzara2018_cmp030,9152553.29801252,area_de_pico
lazazzara2018_exp2_k5bb_6dpi_r04,lazazzara2018_cmp030,9198130.06317183,area_de_pico
lazazzara2018_exp2_k5bb_6dpi_r05,lazazzara2018_cmp030,9241591.62780482,area_de_pico
lazazzara2018_exp1_so4_0dpi_r01,lazazzara2018_cmp030,3071.971829784,area_de_pico
lazazzara2018_exp1_so4_0dpi_r02,lazazzara2018_cmp030,15100.56516606,area_de_pico
lazazzara2018_exp1_so4_0dpi_r03,lazazzara2018_cmp030,45472.0,area_de_pico
lazazzara2018_exp1_so4_0dpi_r04,lazazzara2018_cmp030,14680.30229408,area_de_pico
lazazzara2018_exp1_so4_0dpi_r05,lazazzara2018_cmp030,16066.1266461074,area_de_pico
lazazzara2018_exp2_so4_0dpi_r01,lazazzara2018_cmp030,12650681.0199209,area_de_pico
lazazzara2018_exp2_so4_0dpi_r02,lazazzara2018_cmp030,19248526.7805808,area_de_pico
lazazzara2018_exp2_so4_0dpi_r03,lazazzara2018_cmp030,12044515.8491768,area_de_pico
lazazzara2018_exp2_so4_0dpi_r04,lazazzara2018_cmp030,9242978.22991578,area_de_pico
lazazzara2018_exp2_so4_0dpi_r05,lazazzara2018_cmp030,8558586.29642747,area_de_pico
lazazzara2018_exp1_so4_6dpi_r01,lazazzara2018_cmp030,29505.19610685,area_de_pico
lazazzara2018_exp1_so4_6dpi_r02,lazazzara2018_cmp030,27338.0,area_de_pico
lazazzara2018_exp1_so4_6dpi_r03,lazazzara2018_cmp030,23473.89965878,area_de_pico
lazazzara2018_exp1_so4_6dpi_r04,lazazzara2018_cmp030,4164.90162183,area_de_pico
lazazzara2018_exp1_so4_6dpi_r05,lazazzara2018_cmp030,22754.171529436,area_de_pico
lazazzara2018_exp2_so4_6dpi_r01,lazazzara2018_cmp030,12767097.4423376,area_de_pico
lazazzara2018_exp2_so4_6dpi_r02,lazazzara2018_cmp030,10740176.911092,area_de_pico
lazazzara2018_exp2_so4_6dpi_r03,lazazzara2018_cmp030,5598816.90774526,area_de_pico
lazazzara2018_exp2_so4_6dpi_r04,lazazzara2018_cmp030,10690038.7263209,area_de_pico
lazazzara2018_exp2_so4_6dpi_r05,lazazzara2018_cmp030,5852031.21690717,area_de_pico
lazazzara2018_exp1_solaris_0dpi_r01,lazazzara2018_cmp030,2440.5597367637,area_de_pico
lazazzara2018_exp1_solaris_0dpi_r02,lazazzara2018_cmp030,1877.51396428,area_de_pico
lazazzara2018_exp1_solaris_0dpi_r03,lazazzara2018_cmp030,5303.176006035,area_de_pico
lazazzara2018_exp1_solaris_0dpi_r04,lazazzara2018_cmp030,25618.23317744,area_de_pico
lazazzara2018_exp1_solaris_0dpi_r05,lazazzara2018_cmp030,1714.61236074,area_de_pico
lazazzara2018_exp2_solaris_0dpi_r01,lazazzara2018_cmp030,10818315.9202107,area_de_pico
lazazzara2018_exp2_solaris_0dpi_r02,lazazzara2018_cmp030,27400451.0976943,area_de_pico
lazazzara2018_exp2_solaris_0dpi_r03,lazazzara2018_cmp030,20564480.7433527,area_de_pico
lazazzara2018_exp2_solaris_0dpi_r04,lazazzara2018_cmp030,16412086.9139955,area_de_pico
lazazzara2018_exp2_solaris_0dpi_r05,lazazzara2018_cmp030,28761432.0584023,area_de_pico
lazazzara2018_exp1_solaris_6dpi_r01,lazazzara2018_cmp030,42611.0,area_de_pico
lazazzara2018_exp1_solaris_6dpi_r02,lazazzara2018_cmp030,27803.44989862,area_de_pico
lazazzara2018_exp1_solaris_6dpi_r03,lazazzara2018_cmp030,6770.33235024,area_de_pico
lazazzara2018_exp1_solaris_6dpi_r04,lazazzara2018_cmp030,50482.923863267,area_de_pico
lazazzara2018_exp1_solaris_6dpi_r05,lazazzara2018_cmp030,12130.0,area_de_pico
lazazzara2018_exp2_solaris_6dpi_r01,lazazzara2018_cmp030,26957116.2265467,area_de_pico
lazazzara2018_exp2_solaris_6dpi_r02,lazazzara2018_cmp030,26130826.6746583,area_de_pico
lazazzara2018_exp2_solaris_6dpi_r03,lazazzara2018_cmp030,24785455.3142331,area_de_pico
lazazzara2018_exp2_solaris_6dpi_r04,lazazzara2018_cmp030,23236892.089994,area_de_pico
lazazzara2018_exp2_solaris_6dpi_r05,lazazzara2018_cmp030,24371588.4753827,area_de_pico
lazazzara2018_exp1_pinotnoir_0dpi_r01,lazazzara2018_cmp031,2371487.30349223,area_de_pico
lazazzara2018_exp1_pinotnoir_0dpi_r02,lazazzara2018_cmp031,1919510.7963025,area_de_pico
lazazzara2018_exp1_pinotnoir_0dpi_r03,lazazzara2018_cmp031,2069645.53669681,area_de_pico
lazazzara2018_exp1_pinotnoir_0dpi_r04,lazazzara2018_cmp031,2120888.37463484,area_de_pico
lazazzara2018_exp1_pinotnoir_0dpi_r05,lazazzara2018_cmp031,3358787.74928543,area_de_pico
lazazzara2018_exp2_pinotnoir_0dpi_r01,lazazzara2018_cmp031,926552.154556234,area_de_pico
lazazzara2018_exp2_pinotnoir_0dpi_r02,lazazzara2018_cmp031,1419896.3150381,area_de_pico
lazazzara2018_exp2_pinotnoir_0dpi_r03,lazazzara2018_cmp031,2388123.87968993,area_de_pico
lazazzara2018_exp2_pinotnoir_0dpi_r04,lazazzara2018_cmp031,1482682.39282678,area_de_pico
lazazzara2018_exp2_pinotnoir_0dpi_r05,lazazzara2018_cmp031,1562011.56905571,area_de_pico
lazazzara2018_exp1_pinotnoir_6dpi_r01,lazazzara2018_cmp031,2667564.53437686,area_de_pico
lazazzara2018_exp1_pinotnoir_6dpi_r02,lazazzara2018_cmp031,1526531.74392392,area_de_pico
lazazzara2018_exp1_pinotnoir_6dpi_r03,lazazzara2018_cmp031,95619.39806337,area_de_pico
lazazzara2018_exp1_pinotnoir_6dpi_r04,lazazzara2018_cmp031,1623359.80279498,area_de_pico
lazazzara2018_exp1_pinotnoir_6dpi_r05,lazazzara2018_cmp031,2483614.24070193,area_de_pico
lazazzara2018_exp2_pinotnoir_6dpi_r01,lazazzara2018_cmp031,1264518.55587298,area_de_pico
lazazzara2018_exp2_pinotnoir_6dpi_r02,lazazzara2018_cmp031,948708.380100622,area_de_pico
lazazzara2018_exp2_pinotnoir_6dpi_r03,lazazzara2018_cmp031,1450805.57203184,area_de_pico
lazazzara2018_exp2_pinotnoir_6dpi_r04,lazazzara2018_cmp031,1003727.08482988,area_de_pico
lazazzara2018_exp2_pinotnoir_6dpi_r05,lazazzara2018_cmp031,1133214.5434199,area_de_pico
lazazzara2018_exp1_bc4_0dpi_r01,lazazzara2018_cmp031,2854807.27279932,area_de_pico
lazazzara2018_exp1_bc4_0dpi_r02,lazazzara2018_cmp031,2435708.82205381,area_de_pico
lazazzara2018_exp1_bc4_0dpi_r03,lazazzara2018_cmp031,549219.0,area_de_pico
lazazzara2018_exp1_bc4_0dpi_r04,lazazzara2018_cmp031,1284959.0,area_de_pico
lazazzara2018_exp1_bc4_0dpi_r05,lazazzara2018_cmp031,836283.76757318,area_de_pico
lazazzara2018_exp2_bc4_0dpi_r01,lazazzara2018_cmp031,516257.707284572,area_de_pico
lazazzara2018_exp2_bc4_0dpi_r02,lazazzara2018_cmp031,980138.626487704,area_de_pico
lazazzara2018_exp2_bc4_0dpi_r03,lazazzara2018_cmp031,833805.779444739,area_de_pico
lazazzara2018_exp2_bc4_0dpi_r04,lazazzara2018_cmp031,579959.113918747,area_de_pico
lazazzara2018_exp2_bc4_0dpi_r05,lazazzara2018_cmp031,1092604.43216266,area_de_pico
lazazzara2018_exp1_bc4_6dpi_r01,lazazzara2018_cmp031,1682828.09805445,area_de_pico
lazazzara2018_exp1_bc4_6dpi_r02,lazazzara2018_cmp031,832009.0,area_de_pico
lazazzara2018_exp1_bc4_6dpi_r03,lazazzara2018_cmp031,371342.0,area_de_pico
lazazzara2018_exp1_bc4_6dpi_r04,lazazzara2018_cmp031,273758.44365868,area_de_pico
lazazzara2018_exp1_bc4_6dpi_r05,lazazzara2018_cmp031,1348270.8384447,area_de_pico
lazazzara2018_exp2_bc4_6dpi_r01,lazazzara2018_cmp031,979155.512984892,area_de_pico
lazazzara2018_exp2_bc4_6dpi_r02,lazazzara2018_cmp031,1368726.1809234,area_de_pico
lazazzara2018_exp2_bc4_6dpi_r03,lazazzara2018_cmp031,849714.160651774,area_de_pico
lazazzara2018_exp2_bc4_6dpi_r04,lazazzara2018_cmp031,617737.902149734,area_de_pico
lazazzara2018_exp2_bc4_6dpi_r05,lazazzara2018_cmp031,1050286.71358694,area_de_pico
lazazzara2018_exp1_k5bb_0dpi_r01,lazazzara2018_cmp031,1600485.18809816,area_de_pico
lazazzara2018_exp1_k5bb_0dpi_r02,lazazzara2018_cmp031,1616953.76648842,area_de_pico
lazazzara2018_exp1_k5bb_0dpi_r03,lazazzara2018_cmp031,460433.06428378,area_de_pico
lazazzara2018_exp1_k5bb_0dpi_r04,lazazzara2018_cmp031,1937651.0,area_de_pico
lazazzara2018_exp1_k5bb_0dpi_r05,lazazzara2018_cmp031,1068064.0,area_de_pico
lazazzara2018_exp2_k5bb_0dpi_r01,lazazzara2018_cmp031,611976.600583477,area_de_pico
lazazzara2018_exp2_k5bb_0dpi_r02,lazazzara2018_cmp031,638892.84134115,area_de_pico
lazazzara2018_exp2_k5bb_0dpi_r03,lazazzara2018_cmp031,603379.216306868,area_de_pico
lazazzara2018_exp2_k5bb_0dpi_r04,lazazzara2018_cmp031,825033.908566574,area_de_pico
lazazzara2018_exp2_k5bb_0dpi_r05,lazazzara2018_cmp031,531087.269649573,area_de_pico
lazazzara2018_exp1_k5bb_6dpi_r01,lazazzara2018_cmp031,248386.82636248,area_de_pico
lazazzara2018_exp1_k5bb_6dpi_r02,lazazzara2018_cmp031,1442900.43320276,area_de_pico
lazazzara2018_exp1_k5bb_6dpi_r04,lazazzara2018_cmp031,188518.0,area_de_pico
lazazzara2018_exp2_k5bb_6dpi_r01,lazazzara2018_cmp031,583836.488478225,area_de_pico
lazazzara2018_exp2_k5bb_6dpi_r02,lazazzara2018_cmp031,831203.006246349,area_de_pico
lazazzara2018_exp2_k5bb_6dpi_r03,lazazzara2018_cmp031,636103.658665353,area_de_pico
lazazzara2018_exp2_k5bb_6dpi_r04,lazazzara2018_cmp031,715892.502769342,area_de_pico
lazazzara2018_exp2_k5bb_6dpi_r05,lazazzara2018_cmp031,637486.990319376,area_de_pico
lazazzara2018_exp1_so4_0dpi_r01,lazazzara2018_cmp031,2249438.23206827,area_de_pico
lazazzara2018_exp1_so4_0dpi_r02,lazazzara2018_cmp031,955370.945897774,area_de_pico
lazazzara2018_exp1_so4_0dpi_r03,lazazzara2018_cmp031,1743706.0055775,area_de_pico
lazazzara2018_exp1_so4_0dpi_r04,lazazzara2018_cmp031,1859815.99511895,area_de_pico
lazazzara2018_exp1_so4_0dpi_r05,lazazzara2018_cmp031,2106070.87906964,area_de_pico
lazazzara2018_exp2_so4_0dpi_r01,lazazzara2018_cmp031,945557.548551042,area_de_pico
lazazzara2018_exp2_so4_0dpi_r02,lazazzara2018_cmp031,1207898.12913686,area_de_pico
lazazzara2018_exp2_so4_0dpi_r03,lazazzara2018_cmp031,1137015.52659904,area_de_pico
lazazzara2018_exp2_so4_0dpi_r04,lazazzara2018_cmp031,1293912.30916306,area_de_pico
lazazzara2018_exp2_so4_0dpi_r05,lazazzara2018_cmp031,1068777.94922437,area_de_pico
lazazzara2018_exp1_so4_6dpi_r01,lazazzara2018_cmp031,1286162.86965641,area_de_pico
lazazzara2018_exp1_so4_6dpi_r02,lazazzara2018_cmp031,1990228.00310085,area_de_pico
lazazzara2018_exp1_so4_6dpi_r03,lazazzara2018_cmp031,1519633.70011757,area_de_pico
lazazzara2018_exp1_so4_6dpi_r04,lazazzara2018_cmp031,924295.52763986,area_de_pico
lazazzara2018_exp1_so4_6dpi_r05,lazazzara2018_cmp031,1705106.10635329,area_de_pico
lazazzara2018_exp2_so4_6dpi_r01,lazazzara2018_cmp031,1434350.29851072,area_de_pico
lazazzara2018_exp2_so4_6dpi_r02,lazazzara2018_cmp031,912866.659068874,area_de_pico
lazazzara2018_exp2_so4_6dpi_r03,lazazzara2018_cmp031,1253207.81146245,area_de_pico
lazazzara2018_exp2_so4_6dpi_r04,lazazzara2018_cmp031,1067427.7117427,area_de_pico
lazazzara2018_exp2_so4_6dpi_r05,lazazzara2018_cmp031,679615.86606363,area_de_pico
lazazzara2018_exp1_solaris_0dpi_r01,lazazzara2018_cmp031,1266038.94182487,area_de_pico
lazazzara2018_exp1_solaris_0dpi_r02,lazazzara2018_cmp031,1119266.0,area_de_pico
lazazzara2018_exp1_solaris_0dpi_r03,lazazzara2018_cmp031,1870004.56138188,area_de_pico
lazazzara2018_exp1_solaris_0dpi_r04,lazazzara2018_cmp031,1317984.08486238,area_de_pico
lazazzara2018_exp1_solaris_0dpi_r05,lazazzara2018_cmp031,1360610.53634294,area_de_pico
lazazzara2018_exp2_solaris_0dpi_r01,lazazzara2018_cmp031,851020.069239654,area_de_pico
lazazzara2018_exp2_solaris_0dpi_r02,lazazzara2018_cmp031,1040934.43244454,area_de_pico
lazazzara2018_exp2_solaris_0dpi_r03,lazazzara2018_cmp031,997736.961212979,area_de_pico
lazazzara2018_exp2_solaris_0dpi_r04,lazazzara2018_cmp031,1152357.48114879,area_de_pico
lazazzara2018_exp2_solaris_0dpi_r05,lazazzara2018_cmp031,880978.578768355,area_de_pico
lazazzara2018_exp1_solaris_6dpi_r01,lazazzara2018_cmp031,1586918.07977104,area_de_pico
lazazzara2018_exp1_solaris_6dpi_r02,lazazzara2018_cmp031,1072914.90143928,area_de_pico
lazazzara2018_exp1_solaris_6dpi_r03,lazazzara2018_cmp031,1387487.04854118,area_de_pico
lazazzara2018_exp1_solaris_6dpi_r04,lazazzara2018_cmp031,1056992.70594515,area_de_pico
lazazzara2018_exp1_solaris_6dpi_r05,lazazzara2018_cmp031,1131515.88731376,area_de_pico
lazazzara2018_exp2_solaris_6dpi_r01,lazazzara2018_cmp031,1395587.75410681,area_de_pico
lazazzara2018_exp2_solaris_6dpi_r02,lazazzara2018_cmp031,1290613.42458356,area_de_pico
lazazzara2018_exp2_solaris_6dpi_r03,lazazzara2018_cmp031,958837.987774702,area_de_pico
lazazzara2018_exp2_solaris_6dpi_r04,lazazzara2018_cmp031,1240372.25783517,area_de_pico
lazazzara2018_exp2_solaris_6dpi_r05,lazazzara2018_cmp031,1008151.03925253,area_de_pico
lazazzara2018_exp1_pinotnoir_0dpi_r01,lazazzara2018_cmp032,9613.9601789,area_de_pico
lazazzara2018_exp1_pinotnoir_0dpi_r02,lazazzara2018_cmp032,18843.9031808,area_de_pico
lazazzara2018_exp1_pinotnoir_0dpi_r03,lazazzara2018_cmp032,4670.501271748,area_de_pico
lazazzara2018_exp1_pinotnoir_0dpi_r04,lazazzara2018_cmp032,95501.42665115,area_de_pico
lazazzara2018_exp1_pinotnoir_0dpi_r05,lazazzara2018_cmp032,35236.0,area_de_pico
lazazzara2018_exp2_pinotnoir_0dpi_r01,lazazzara2018_cmp032,24999.711246268,area_de_pico
lazazzara2018_exp2_pinotnoir_0dpi_r02,lazazzara2018_cmp032,18256.40619221,area_de_pico
lazazzara2018_exp2_pinotnoir_0dpi_r03,lazazzara2018_cmp032,67740.78839603,area_de_pico
lazazzara2018_exp2_pinotnoir_0dpi_r04,lazazzara2018_cmp032,41803.40597808,area_de_pico
lazazzara2018_exp2_pinotnoir_0dpi_r05,lazazzara2018_cmp032,43497.75087266,area_de_pico
lazazzara2018_exp1_pinotnoir_6dpi_r01,lazazzara2018_cmp032,46924.49611108,area_de_pico
lazazzara2018_exp1_pinotnoir_6dpi_r02,lazazzara2018_cmp032,13901.18928418,area_de_pico
lazazzara2018_exp1_pinotnoir_6dpi_r03,lazazzara2018_cmp032,16773.0,area_de_pico
lazazzara2018_exp1_pinotnoir_6dpi_r04,lazazzara2018_cmp032,10001.626265928,area_de_pico
lazazzara2018_exp1_pinotnoir_6dpi_r05,lazazzara2018_cmp032,131829.05312495,area_de_pico
lazazzara2018_exp2_pinotnoir_6dpi_r01,lazazzara2018_cmp032,5232.61512315,area_de_pico
lazazzara2018_exp2_pinotnoir_6dpi_r02,lazazzara2018_cmp032,22827.8239763,area_de_pico
lazazzara2018_exp2_pinotnoir_6dpi_r03,lazazzara2018_cmp032,51823.426585674,area_de_pico
lazazzara2018_exp2_pinotnoir_6dpi_r04,lazazzara2018_cmp032,12884.69194967,area_de_pico
lazazzara2018_exp2_pinotnoir_6dpi_r05,lazazzara2018_cmp032,26257.64155826,area_de_pico
lazazzara2018_exp1_bc4_0dpi_r01,lazazzara2018_cmp032,342136.23522441,area_de_pico
lazazzara2018_exp1_bc4_0dpi_r02,lazazzara2018_cmp032,27253.0,area_de_pico
lazazzara2018_exp1_bc4_0dpi_r03,lazazzara2018_cmp032,413556.2490971,area_de_pico
lazazzara2018_exp1_bc4_0dpi_r04,lazazzara2018_cmp032,23633.0,area_de_pico
lazazzara2018_exp1_bc4_0dpi_r05,lazazzara2018_cmp032,17769.0,area_de_pico
lazazzara2018_exp2_bc4_0dpi_r01,lazazzara2018_cmp032,19074.07320605,area_de_pico
lazazzara2018_exp2_bc4_0dpi_r02,lazazzara2018_cmp032,34120.89587783,area_de_pico
lazazzara2018_exp2_bc4_0dpi_r03,lazazzara2018_cmp032,24326.23643121,area_de_pico
lazazzara2018_exp2_bc4_0dpi_r04,lazazzara2018_cmp032,19128.772541564,area_de_pico
lazazzara2018_exp2_bc4_0dpi_r05,lazazzara2018_cmp032,113270.56077037,area_de_pico
lazazzara2018_exp1_bc4_6dpi_r01,lazazzara2018_cmp032,2577.1111831,area_de_pico
lazazzara2018_exp1_bc4_6dpi_r02,lazazzara2018_cmp032,38026.0,area_de_pico
lazazzara2018_exp1_bc4_6dpi_r03,lazazzara2018_cmp032,36486.0,area_de_pico
lazazzara2018_exp1_bc4_6dpi_r04,lazazzara2018_cmp032,52165.32245411,area_de_pico
lazazzara2018_exp1_bc4_6dpi_r05,lazazzara2018_cmp032,17276.073323185,area_de_pico
lazazzara2018_exp2_bc4_6dpi_r01,lazazzara2018_cmp032,156260.41750948,area_de_pico
lazazzara2018_exp2_bc4_6dpi_r02,lazazzara2018_cmp032,37189.80107687,area_de_pico
lazazzara2018_exp2_bc4_6dpi_r03,lazazzara2018_cmp032,37850.06664189,area_de_pico
lazazzara2018_exp2_bc4_6dpi_r04,lazazzara2018_cmp032,2020.08512019,area_de_pico
lazazzara2018_exp2_bc4_6dpi_r05,lazazzara2018_cmp032,123870.41742375,area_de_pico
lazazzara2018_exp1_k5bb_0dpi_r01,lazazzara2018_cmp032,112777.16058313,area_de_pico
lazazzara2018_exp1_k5bb_0dpi_r02,lazazzara2018_cmp032,86755.30645739,area_de_pico
lazazzara2018_exp1_k5bb_0dpi_r03,lazazzara2018_cmp032,160645.85852872,area_de_pico
lazazzara2018_exp1_k5bb_0dpi_r04,lazazzara2018_cmp032,149348.08591768,area_de_pico
lazazzara2018_exp1_k5bb_0dpi_r05,lazazzara2018_cmp032,244238.36056929,area_de_pico
lazazzara2018_exp2_k5bb_0dpi_r01,lazazzara2018_cmp032,33764.47941063,area_de_pico
lazazzara2018_exp2_k5bb_0dpi_r02,lazazzara2018_cmp032,50701.35336348,area_de_pico
lazazzara2018_exp2_k5bb_0dpi_r03,lazazzara2018_cmp032,76147.69847491,area_de_pico
lazazzara2018_exp2_k5bb_0dpi_r04,lazazzara2018_cmp032,54308.13896745,area_de_pico
lazazzara2018_exp2_k5bb_0dpi_r05,lazazzara2018_cmp032,18835.07209513,area_de_pico
lazazzara2018_exp1_k5bb_6dpi_r01,lazazzara2018_cmp032,23315.0,area_de_pico
lazazzara2018_exp1_k5bb_6dpi_r02,lazazzara2018_cmp032,22828.0,area_de_pico
lazazzara2018_exp1_k5bb_6dpi_r04,lazazzara2018_cmp032,150306.54063968,area_de_pico
lazazzara2018_exp2_k5bb_6dpi_r01,lazazzara2018_cmp032,65192.42587304,area_de_pico
lazazzara2018_exp2_k5bb_6dpi_r02,lazazzara2018_cmp032,24803.154810825,area_de_pico
lazazzara2018_exp2_k5bb_6dpi_r03,lazazzara2018_cmp032,47918.09423144,area_de_pico
lazazzara2018_exp2_k5bb_6dpi_r04,lazazzara2018_cmp032,20870.96538908,area_de_pico
lazazzara2018_exp2_k5bb_6dpi_r05,lazazzara2018_cmp032,208441.35538236,area_de_pico
lazazzara2018_exp1_so4_0dpi_r01,lazazzara2018_cmp032,41273.20285844,area_de_pico
lazazzara2018_exp1_so4_0dpi_r02,lazazzara2018_cmp032,16043.827035976,area_de_pico
lazazzara2018_exp1_so4_0dpi_r03,lazazzara2018_cmp032,28668.0,area_de_pico
lazazzara2018_exp1_so4_0dpi_r04,lazazzara2018_cmp032,48790.35940365,area_de_pico
lazazzara2018_exp1_so4_0dpi_r05,lazazzara2018_cmp032,21086.225198,area_de_pico
lazazzara2018_exp2_so4_0dpi_r01,lazazzara2018_cmp032,38255.3344124,area_de_pico
lazazzara2018_exp2_so4_0dpi_r02,lazazzara2018_cmp032,29451.70720135,area_de_pico
lazazzara2018_exp2_so4_0dpi_r03,lazazzara2018_cmp032,252811.23181244,area_de_pico
lazazzara2018_exp2_so4_0dpi_r04,lazazzara2018_cmp032,271219.01533572,area_de_pico
lazazzara2018_exp2_so4_0dpi_r05,lazazzara2018_cmp032,52538.36148405,area_de_pico
lazazzara2018_exp1_so4_6dpi_r01,lazazzara2018_cmp032,19583.89415316,area_de_pico
lazazzara2018_exp1_so4_6dpi_r02,lazazzara2018_cmp032,26955.0,area_de_pico
lazazzara2018_exp1_so4_6dpi_r03,lazazzara2018_cmp032,10099.24233834,area_de_pico
lazazzara2018_exp1_so4_6dpi_r04,lazazzara2018_cmp032,7681.72627355,area_de_pico
lazazzara2018_exp1_so4_6dpi_r05,lazazzara2018_cmp032,151159.53504841,area_de_pico
lazazzara2018_exp2_so4_6dpi_r01,lazazzara2018_cmp032,347675.24567614,area_de_pico
lazazzara2018_exp2_so4_6dpi_r02,lazazzara2018_cmp032,208821.82354526,area_de_pico
lazazzara2018_exp2_so4_6dpi_r03,lazazzara2018_cmp032,347753.85142639,area_de_pico
lazazzara2018_exp2_so4_6dpi_r04,lazazzara2018_cmp032,190608.80058613,area_de_pico
lazazzara2018_exp2_so4_6dpi_r05,lazazzara2018_cmp032,39619.94707701,area_de_pico
lazazzara2018_exp1_solaris_0dpi_r01,lazazzara2018_cmp032,245714.74875668,area_de_pico
lazazzara2018_exp1_solaris_0dpi_r02,lazazzara2018_cmp032,192657.50545964,area_de_pico
lazazzara2018_exp1_solaris_0dpi_r03,lazazzara2018_cmp032,65579.732325,area_de_pico
lazazzara2018_exp1_solaris_0dpi_r04,lazazzara2018_cmp032,242662.92363428,area_de_pico
lazazzara2018_exp1_solaris_0dpi_r05,lazazzara2018_cmp032,17245.0,area_de_pico
lazazzara2018_exp2_solaris_0dpi_r01,lazazzara2018_cmp032,108238.91985556,area_de_pico
lazazzara2018_exp2_solaris_0dpi_r02,lazazzara2018_cmp032,131232.39275402,area_de_pico
lazazzara2018_exp2_solaris_0dpi_r03,lazazzara2018_cmp032,402865.85052466,area_de_pico
lazazzara2018_exp2_solaris_0dpi_r04,lazazzara2018_cmp032,213502.84408427,area_de_pico
lazazzara2018_exp2_solaris_0dpi_r05,lazazzara2018_cmp032,330846.21426255,area_de_pico
lazazzara2018_exp1_solaris_6dpi_r01,lazazzara2018_cmp032,53483.0,area_de_pico
lazazzara2018_exp1_solaris_6dpi_r02,lazazzara2018_cmp032,270755.55840259,area_de_pico
lazazzara2018_exp1_solaris_6dpi_r03,lazazzara2018_cmp032,124592.1348852,area_de_pico
lazazzara2018_exp1_solaris_6dpi_r04,lazazzara2018_cmp032,3778.1734923,area_de_pico
lazazzara2018_exp1_solaris_6dpi_r05,lazazzara2018_cmp032,19055.78905145,area_de_pico
lazazzara2018_exp2_solaris_6dpi_r01,lazazzara2018_cmp032,253606.81028366,area_de_pico
lazazzara2018_exp2_solaris_6dpi_r02,lazazzara2018_cmp032,145850.23935588,area_de_pico
lazazzara2018_exp2_solaris_6dpi_r03,lazazzara2018_cmp032,625115.71650288,area_de_pico
lazazzara2018_exp2_solaris_6dpi_r04,lazazzara2018_cmp032,593213.12914682,area_de_pico
lazazzara2018_exp2_solaris_6dpi_r05,lazazzara2018_cmp032,319345.36996363,area_de_pico
lazazzara2018_exp1_pinotnoir_0dpi_r01,lazazzara2018_cmp033,1145241.5749417,area_de_pico
lazazzara2018_exp1_pinotnoir_0dpi_r02,lazazzara2018_cmp033,1544951.79266577,area_de_pico
lazazzara2018_exp1_pinotnoir_0dpi_r03,lazazzara2018_cmp033,1022857.71689931,area_de_pico
lazazzara2018_exp1_pinotnoir_0dpi_r04,lazazzara2018_cmp033,1247457.93729791,area_de_pico
lazazzara2018_exp1_pinotnoir_0dpi_r05,lazazzara2018_cmp033,118543.080438272,area_de_pico
lazazzara2018_exp2_pinotnoir_0dpi_r01,lazazzara2018_cmp033,349794.649102691,area_de_pico
lazazzara2018_exp2_pinotnoir_0dpi_r02,lazazzara2018_cmp033,744407.45101765,area_de_pico
lazazzara2018_exp2_pinotnoir_0dpi_r03,lazazzara2018_cmp033,819456.348246731,area_de_pico
lazazzara2018_exp2_pinotnoir_0dpi_r04,lazazzara2018_cmp033,446498.364717104,area_de_pico
lazazzara2018_exp2_pinotnoir_0dpi_r05,lazazzara2018_cmp033,641752.007425874,area_de_pico
lazazzara2018_exp1_pinotnoir_6dpi_r01,lazazzara2018_cmp033,1264214.72958863,area_de_pico
lazazzara2018_exp1_pinotnoir_6dpi_r02,lazazzara2018_cmp033,489640.181872206,area_de_pico
lazazzara2018_exp1_pinotnoir_6dpi_r03,lazazzara2018_cmp033,78977.52920637,area_de_pico
lazazzara2018_exp1_pinotnoir_6dpi_r04,lazazzara2018_cmp033,227247.612293055,area_de_pico
lazazzara2018_exp1_pinotnoir_6dpi_r05,lazazzara2018_cmp033,125278.43288767,area_de_pico
lazazzara2018_exp2_pinotnoir_6dpi_r01,lazazzara2018_cmp033,474369.56896492,area_de_pico
lazazzara2018_exp2_pinotnoir_6dpi_r02,lazazzara2018_cmp033,314475.596251812,area_de_pico
lazazzara2018_exp2_pinotnoir_6dpi_r03,lazazzara2018_cmp033,512182.133882976,area_de_pico
lazazzara2018_exp2_pinotnoir_6dpi_r04,lazazzara2018_cmp033,383808.286697532,area_de_pico
lazazzara2018_exp2_pinotnoir_6dpi_r05,lazazzara2018_cmp033,417994.353589257,area_de_pico
lazazzara2018_exp1_bc4_0dpi_r01,lazazzara2018_cmp033,1615459.84196933,area_de_pico
lazazzara2018_exp1_bc4_0dpi_r02,lazazzara2018_cmp033,1715177.53916107,area_de_pico
lazazzara2018_exp1_bc4_0dpi_r03,lazazzara2018_cmp033,895905.605616807,area_de_pico
lazazzara2018_exp1_bc4_0dpi_r04,lazazzara2018_cmp033,1119774.84309788,area_de_pico
lazazzara2018_exp1_bc4_0dpi_r05,lazazzara2018_cmp033,449390.626655276,area_de_pico
lazazzara2018_exp2_bc4_0dpi_r01,lazazzara2018_cmp033,192607.801505367,area_de_pico
lazazzara2018_exp2_bc4_0dpi_r02,lazazzara2018_cmp033,446734.519665494,area_de_pico
lazazzara2018_exp2_bc4_0dpi_r03,lazazzara2018_cmp033,255157.278709822,area_de_pico
lazazzara2018_exp2_bc4_0dpi_r04,lazazzara2018_cmp033,221233.525271074,area_de_pico
lazazzara2018_exp2_bc4_0dpi_r05,lazazzara2018_cmp033,428291.467677945,area_de_pico
lazazzara2018_exp1_bc4_6dpi_r01,lazazzara2018_cmp033,308379.643275818,area_de_pico
lazazzara2018_exp1_bc4_6dpi_r02,lazazzara2018_cmp033,425282.669388304,area_de_pico
lazazzara2018_exp1_bc4_6dpi_r03,lazazzara2018_cmp033,963031.083489746,area_de_pico
lazazzara2018_exp1_bc4_6dpi_r04,lazazzara2018_cmp033,216097.66423764,area_de_pico
lazazzara2018_exp1_bc4_6dpi_r05,lazazzara2018_cmp033,1409168.34570491,area_de_pico
lazazzara2018_exp2_bc4_6dpi_r01,lazazzara2018_cmp033,383641.832503758,area_de_pico
lazazzara2018_exp2_bc4_6dpi_r02,lazazzara2018_cmp033,528037.91654568,area_de_pico
lazazzara2018_exp2_bc4_6dpi_r03,lazazzara2018_cmp033,444156.629567848,area_de_pico
lazazzara2018_exp2_bc4_6dpi_r04,lazazzara2018_cmp033,272685.405239523,area_de_pico
lazazzara2018_exp2_bc4_6dpi_r05,lazazzara2018_cmp033,542594.716314968,area_de_pico
lazazzara2018_exp1_k5bb_0dpi_r01,lazazzara2018_cmp033,1396516.81959687,area_de_pico
lazazzara2018_exp1_k5bb_0dpi_r02,lazazzara2018_cmp033,932726.910833982,area_de_pico
lazazzara2018_exp1_k5bb_0dpi_r03,lazazzara2018_cmp033,592855.947320913,area_de_pico
lazazzara2018_exp1_k5bb_0dpi_r04,lazazzara2018_cmp033,1272444.58072845,area_de_pico
lazazzara2018_exp1_k5bb_0dpi_r05,lazazzara2018_cmp033,736111.280480128,area_de_pico
lazazzara2018_exp2_k5bb_0dpi_r01,lazazzara2018_cmp033,417784.319588289,area_de_pico
lazazzara2018_exp2_k5bb_0dpi_r02,lazazzara2018_cmp033,285692.144979586,area_de_pico
lazazzara2018_exp2_k5bb_0dpi_r03,lazazzara2018_cmp033,289737.829264428,area_de_pico
lazazzara2018_exp2_k5bb_0dpi_r04,lazazzara2018_cmp033,561828.379897164,area_de_pico
lazazzara2018_exp2_k5bb_0dpi_r05,lazazzara2018_cmp033,191678.213173639,area_de_pico
lazazzara2018_exp1_k5bb_6dpi_r01,lazazzara2018_cmp033,875762.402109314,area_de_pico
lazazzara2018_exp1_k5bb_6dpi_r02,lazazzara2018_cmp033,893163.189132936,area_de_pico
lazazzara2018_exp1_k5bb_6dpi_r04,lazazzara2018_cmp033,1017732.11727186,area_de_pico
lazazzara2018_exp2_k5bb_6dpi_r01,lazazzara2018_cmp033,324518.722355558,area_de_pico
lazazzara2018_exp2_k5bb_6dpi_r02,lazazzara2018_cmp033,549610.657717424,area_de_pico
lazazzara2018_exp2_k5bb_6dpi_r03,lazazzara2018_cmp033,300007.868758433,area_de_pico
lazazzara2018_exp2_k5bb_6dpi_r04,lazazzara2018_cmp033,303689.374342658,area_de_pico
lazazzara2018_exp2_k5bb_6dpi_r05,lazazzara2018_cmp033,332611.369751175,area_de_pico
lazazzara2018_exp1_so4_0dpi_r01,lazazzara2018_cmp033,1299936.37280858,area_de_pico
lazazzara2018_exp1_so4_0dpi_r02,lazazzara2018_cmp033,1024401.81075502,area_de_pico
lazazzara2018_exp1_so4_0dpi_r03,lazazzara2018_cmp033,1020060.92212899,area_de_pico
lazazzara2018_exp1_so4_0dpi_r04,lazazzara2018_cmp033,1218563.94697504,area_de_pico
lazazzara2018_exp1_so4_0dpi_r05,lazazzara2018_cmp033,1183125.76687695,area_de_pico
lazazzara2018_exp2_so4_0dpi_r01,lazazzara2018_cmp033,440677.772362186,area_de_pico
lazazzara2018_exp2_so4_0dpi_r02,lazazzara2018_cmp033,615522.826979453,area_de_pico
lazazzara2018_exp2_so4_0dpi_r03,lazazzara2018_cmp033,453093.773660032,area_de_pico
lazazzara2018_exp2_so4_0dpi_r04,lazazzara2018_cmp033,606083.302493661,area_de_pico
lazazzara2018_exp2_so4_0dpi_r05,lazazzara2018_cmp033,322961.674592429,area_de_pico
lazazzara2018_exp1_so4_6dpi_r01,lazazzara2018_cmp033,878062.63138469,area_de_pico
lazazzara2018_exp1_so4_6dpi_r02,lazazzara2018_cmp033,782731.814918035,area_de_pico
lazazzara2018_exp1_so4_6dpi_r03,lazazzara2018_cmp033,953710.75983025,area_de_pico
lazazzara2018_exp1_so4_6dpi_r04,lazazzara2018_cmp033,160311.682705981,area_de_pico
lazazzara2018_exp1_so4_6dpi_r05,lazazzara2018_cmp033,1130226.08362947,area_de_pico
lazazzara2018_exp2_so4_6dpi_r01,lazazzara2018_cmp033,715127.311578365,area_de_pico
lazazzara2018_exp2_so4_6dpi_r02,lazazzara2018_cmp033,465124.436382992,area_de_pico
lazazzara2018_exp2_so4_6dpi_r03,lazazzara2018_cmp033,441134.552901766,area_de_pico
lazazzara2018_exp2_so4_6dpi_r04,lazazzara2018_cmp033,466709.013851996,area_de_pico
lazazzara2018_exp2_so4_6dpi_r05,lazazzara2018_cmp033,406388.860061276,area_de_pico
lazazzara2018_exp1_solaris_0dpi_r01,lazazzara2018_cmp033,806857.876311653,area_de_pico
lazazzara2018_exp1_solaris_0dpi_r02,lazazzara2018_cmp033,819269.551538684,area_de_pico
lazazzara2018_exp1_solaris_0dpi_r03,lazazzara2018_cmp033,1238187.84564237,area_de_pico
lazazzara2018_exp1_solaris_0dpi_r04,lazazzara2018_cmp033,825540.409812765,area_de_pico
lazazzara2018_exp1_solaris_0dpi_r05,lazazzara2018_cmp033,901929.604211098,area_de_pico
lazazzara2018_exp2_solaris_0dpi_r01,lazazzara2018_cmp033,280035.307347139,area_de_pico
lazazzara2018_exp2_solaris_0dpi_r02,lazazzara2018_cmp033,641989.047245836,area_de_pico
lazazzara2018_exp2_solaris_0dpi_r03,lazazzara2018_cmp033,572029.846758219,area_de_pico
lazazzara2018_exp2_solaris_0dpi_r04,lazazzara2018_cmp033,495218.459223484,area_de_pico
lazazzara2018_exp2_solaris_0dpi_r05,lazazzara2018_cmp033,629354.174055723,area_de_pico
lazazzara2018_exp1_solaris_6dpi_r01,lazazzara2018_cmp033,1082739.07632738,area_de_pico
lazazzara2018_exp1_solaris_6dpi_r02,lazazzara2018_cmp033,108636.251817897,area_de_pico
lazazzara2018_exp1_solaris_6dpi_r03,lazazzara2018_cmp033,910160.810048001,area_de_pico
lazazzara2018_exp1_solaris_6dpi_r04,lazazzara2018_cmp033,760716.144113034,area_de_pico
lazazzara2018_exp1_solaris_6dpi_r05,lazazzara2018_cmp033,859687.656338052,area_de_pico
lazazzara2018_exp2_solaris_6dpi_r01,lazazzara2018_cmp033,760302.352448983,area_de_pico
lazazzara2018_exp2_solaris_6dpi_r02,lazazzara2018_cmp033,790798.529165615,area_de_pico
lazazzara2018_exp2_solaris_6dpi_r03,lazazzara2018_cmp033,543539.701680033,area_de_pico
lazazzara2018_exp2_solaris_6dpi_r04,lazazzara2018_cmp033,561516.979822993,area_de_pico
lazazzara2018_exp2_solaris_6dpi_r05,lazazzara2018_cmp033,668107.309882904,area_de_pico
lazazzara2018_exp1_pinotnoir_0dpi_r01,lazazzara2018_cmp034,10600.0,area_de_pico
lazazzara2018_exp1_pinotnoir_0dpi_r02,lazazzara2018_cmp034,10253.0,area_de_pico
lazazzara2018_exp1_pinotnoir_0dpi_r03,lazazzara2018_cmp034,41075.0,area_de_pico
lazazzara2018_exp1_pinotnoir_0dpi_r04,lazazzara2018_cmp034,4414.0,area_de_pico
lazazzara2018_exp1_pinotnoir_0dpi_r05,lazazzara2018_cmp034,8038.0,area_de_pico
lazazzara2018_exp2_pinotnoir_0dpi_r01,lazazzara2018_cmp034,111944.192298503,area_de_pico
lazazzara2018_exp2_pinotnoir_0dpi_r02,lazazzara2018_cmp034,285764.936208517,area_de_pico
lazazzara2018_exp2_pinotnoir_0dpi_r03,lazazzara2018_cmp034,401258.447579055,area_de_pico
lazazzara2018_exp2_pinotnoir_0dpi_r04,lazazzara2018_cmp034,291447.703596938,area_de_pico
lazazzara2018_exp2_pinotnoir_0dpi_r05,lazazzara2018_cmp034,207202.849816477,area_de_pico
lazazzara2018_exp1_pinotnoir_6dpi_r01,lazazzara2018_cmp034,9120.0,area_de_pico
lazazzara2018_exp1_pinotnoir_6dpi_r02,lazazzara2018_cmp034,3563.0,area_de_pico
lazazzara2018_exp1_pinotnoir_6dpi_r03,lazazzara2018_cmp034,3202.0,area_de_pico
lazazzara2018_exp1_pinotnoir_6dpi_r04,lazazzara2018_cmp034,2850.43657375,area_de_pico
lazazzara2018_exp1_pinotnoir_6dpi_r05,lazazzara2018_cmp034,3351.66172522,area_de_pico
lazazzara2018_exp2_pinotnoir_6dpi_r01,lazazzara2018_cmp034,92840.09052216,area_de_pico
lazazzara2018_exp2_pinotnoir_6dpi_r02,lazazzara2018_cmp034,231344.556418498,area_de_pico
lazazzara2018_exp2_pinotnoir_6dpi_r03,lazazzara2018_cmp034,189518.18187792,area_de_pico
lazazzara2018_exp2_pinotnoir_6dpi_r04,lazazzara2018_cmp034,118869.441513354,area_de_pico
lazazzara2018_exp2_pinotnoir_6dpi_r05,lazazzara2018_cmp034,191473.50668242,area_de_pico
lazazzara2018_exp1_bc4_0dpi_r01,lazazzara2018_cmp034,13814.00895878,area_de_pico
lazazzara2018_exp1_bc4_0dpi_r02,lazazzara2018_cmp034,9489.0,area_de_pico
lazazzara2018_exp1_bc4_0dpi_r03,lazazzara2018_cmp034,536722.0,area_de_pico
lazazzara2018_exp1_bc4_0dpi_r04,lazazzara2018_cmp034,10127.0,area_de_pico
lazazzara2018_exp1_bc4_0dpi_r05,lazazzara2018_cmp034,4968.92171492,area_de_pico
lazazzara2018_exp2_bc4_0dpi_r01,lazazzara2018_cmp034,46903.07541819,area_de_pico
lazazzara2018_exp2_bc4_0dpi_r02,lazazzara2018_cmp034,205037.43659486,area_de_pico
lazazzara2018_exp2_bc4_0dpi_r03,lazazzara2018_cmp034,134238.866280415,area_de_pico
lazazzara2018_exp2_bc4_0dpi_r04,lazazzara2018_cmp034,131369.893127286,area_de_pico
lazazzara2018_exp2_bc4_0dpi_r05,lazazzara2018_cmp034,230069.502846788,area_de_pico
lazazzara2018_exp1_bc4_6dpi_r01,lazazzara2018_cmp034,8704.0,area_de_pico
lazazzara2018_exp1_bc4_6dpi_r02,lazazzara2018_cmp034,6049.613804764,area_de_pico
lazazzara2018_exp1_bc4_6dpi_r03,lazazzara2018_cmp034,10491.0,area_de_pico
lazazzara2018_exp1_bc4_6dpi_r04,lazazzara2018_cmp034,11920.42376509,area_de_pico
lazazzara2018_exp1_bc4_6dpi_r05,lazazzara2018_cmp034,23334.0,area_de_pico
lazazzara2018_exp2_bc4_6dpi_r01,lazazzara2018_cmp034,245322.90857174,area_de_pico
lazazzara2018_exp2_bc4_6dpi_r02,lazazzara2018_cmp034,234289.974365491,area_de_pico
lazazzara2018_exp2_bc4_6dpi_r03,lazazzara2018_cmp034,201580.236732948,area_de_pico
lazazzara2018_exp2_bc4_6dpi_r04,lazazzara2018_cmp034,111843.015259186,area_de_pico
lazazzara2018_exp2_bc4_6dpi_r05,lazazzara2018_cmp034,387610.01638407,area_de_pico
lazazzara2018_exp1_k5bb_0dpi_r01,lazazzara2018_cmp034,10589.0,area_de_pico
lazazzara2018_exp1_k5bb_0dpi_r02,lazazzara2018_cmp034,5949.0,area_de_pico
lazazzara2018_exp1_k5bb_0dpi_r03,lazazzara2018_cmp034,5911.0,area_de_pico
lazazzara2018_exp1_k5bb_0dpi_r04,lazazzara2018_cmp034,83854.14063742,area_de_pico
lazazzara2018_exp1_k5bb_0dpi_r05,lazazzara2018_cmp034,46153.606756564,area_de_pico
lazazzara2018_exp2_k5bb_0dpi_r01,lazazzara2018_cmp034,287245.827578152,area_de_pico
lazazzara2018_exp2_k5bb_0dpi_r02,lazazzara2018_cmp034,217734.15956352,area_de_pico
lazazzara2018_exp2_k5bb_0dpi_r03,lazazzara2018_cmp034,154725.790176094,area_de_pico
lazazzara2018_exp2_k5bb_0dpi_r04,lazazzara2018_cmp034,400988.043573882,area_de_pico
lazazzara2018_exp2_k5bb_0dpi_r05,lazazzara2018_cmp034,217936.210466342,area_de_pico
lazazzara2018_exp1_k5bb_6dpi_r01,lazazzara2018_cmp034,7623.0,area_de_pico
lazazzara2018_exp1_k5bb_6dpi_r02,lazazzara2018_cmp034,453210.0,area_de_pico
lazazzara2018_exp1_k5bb_6dpi_r04,lazazzara2018_cmp034,3640.58814514,area_de_pico
lazazzara2018_exp2_k5bb_6dpi_r01,lazazzara2018_cmp034,177508.843923614,area_de_pico
lazazzara2018_exp2_k5bb_6dpi_r02,lazazzara2018_cmp034,491511.626686048,area_de_pico
lazazzara2018_exp2_k5bb_6dpi_r03,lazazzara2018_cmp034,235194.283456949,area_de_pico
lazazzara2018_exp2_k5bb_6dpi_r04,lazazzara2018_cmp034,202602.635879418,area_de_pico
lazazzara2018_exp2_k5bb_6dpi_r05,lazazzara2018_cmp034,227841.839740802,area_de_pico
lazazzara2018_exp1_so4_0dpi_r01,lazazzara2018_cmp034,11629.319827415,area_de_pico
lazazzara2018_exp1_so4_0dpi_r02,lazazzara2018_cmp034,6276.0,area_de_pico
lazazzara2018_exp1_so4_0dpi_r03,lazazzara2018_cmp034,4956.0,area_de_pico
lazazzara2018_exp1_so4_0dpi_r04,lazazzara2018_cmp034,21941.75483804,area_de_pico
lazazzara2018_exp1_so4_0dpi_r05,lazazzara2018_cmp034,10989.470603142,area_de_pico
lazazzara2018_exp2_so4_0dpi_r01,lazazzara2018_cmp034,125899.374812444,area_de_pico
lazazzara2018_exp2_so4_0dpi_r02,lazazzara2018_cmp034,259967.612369556,area_de_pico
lazazzara2018_exp2_so4_0dpi_r03,lazazzara2018_cmp034,183861.837753216,area_de_pico
lazazzara2018_exp2_so4_0dpi_r04,lazazzara2018_cmp034,310751.682247116,area_de_pico
lazazzara2018_exp2_so4_0dpi_r05,lazazzara2018_cmp034,116491.291596603,area_de_pico
lazazzara2018_exp1_so4_6dpi_r01,lazazzara2018_cmp034,48615.718906686,area_de_pico
lazazzara2018_exp1_so4_6dpi_r02,lazazzara2018_cmp034,296790.0,area_de_pico
lazazzara2018_exp1_so4_6dpi_r03,lazazzara2018_cmp034,9189.70827149,area_de_pico
lazazzara2018_exp1_so4_6dpi_r04,lazazzara2018_cmp034,4734.0,area_de_pico
lazazzara2018_exp1_so4_6dpi_r05,lazazzara2018_cmp034,11742.0,area_de_pico
lazazzara2018_exp2_so4_6dpi_r01,lazazzara2018_cmp034,274317.76236944,area_de_pico
lazazzara2018_exp2_so4_6dpi_r02,lazazzara2018_cmp034,237350.894986542,area_de_pico
lazazzara2018_exp2_so4_6dpi_r03,lazazzara2018_cmp034,201396.084096882,area_de_pico
lazazzara2018_exp2_so4_6dpi_r04,lazazzara2018_cmp034,204311.272457063,area_de_pico
lazazzara2018_exp2_so4_6dpi_r05,lazazzara2018_cmp034,89568.278449645,area_de_pico
lazazzara2018_exp1_solaris_0dpi_r01,lazazzara2018_cmp034,14291.0,area_de_pico
lazazzara2018_exp1_solaris_0dpi_r02,lazazzara2018_cmp034,37323.0,area_de_pico
lazazzara2018_exp1_solaris_0dpi_r03,lazazzara2018_cmp034,210496.0,area_de_pico
lazazzara2018_exp1_solaris_0dpi_r04,lazazzara2018_cmp034,9539.0,area_de_pico
lazazzara2018_exp1_solaris_0dpi_r05,lazazzara2018_cmp034,14472.0,area_de_pico
lazazzara2018_exp2_solaris_0dpi_r01,lazazzara2018_cmp034,92075.844684816,area_de_pico
lazazzara2018_exp2_solaris_0dpi_r02,lazazzara2018_cmp034,196647.574701936,area_de_pico
lazazzara2018_exp2_solaris_0dpi_r03,lazazzara2018_cmp034,242155.090573746,area_de_pico
lazazzara2018_exp2_solaris_0dpi_r04,lazazzara2018_cmp034,276806.862608328,area_de_pico
lazazzara2018_exp2_solaris_0dpi_r05,lazazzara2018_cmp034,253584.48930944,area_de_pico
lazazzara2018_exp1_solaris_6dpi_r01,lazazzara2018_cmp034,8627.31709415,area_de_pico
lazazzara2018_exp1_solaris_6dpi_r02,lazazzara2018_cmp034,12057.0,area_de_pico
lazazzara2018_exp1_solaris_6dpi_r03,lazazzara2018_cmp034,6798.23259118,area_de_pico
lazazzara2018_exp1_solaris_6dpi_r04,lazazzara2018_cmp034,4446.0,area_de_pico
lazazzara2018_exp1_solaris_6dpi_r05,lazazzara2018_cmp034,205372.0,area_de_pico
lazazzara2018_exp2_solaris_6dpi_r01,lazazzara2018_cmp034,261744.748255699,area_de_pico
lazazzara2018_exp2_solaris_6dpi_r02,lazazzara2018_cmp034,250496.322063858,area_de_pico
lazazzara2018_exp2_solaris_6dpi_r03,lazazzara2018_cmp034,220022.753854569,area_de_pico
lazazzara2018_exp2_solaris_6dpi_r04,lazazzara2018_cmp034,421959.96084282,area_de_pico
lazazzara2018_exp2_solaris_6dpi_r05,lazazzara2018_cmp034,260496.69304706,area_de_pico
lazazzara2018_exp1_pinotnoir_0dpi_r01,lazazzara2018_cmp035,5895770.61697716,area_de_pico
lazazzara2018_exp1_pinotnoir_0dpi_r02,lazazzara2018_cmp035,2193074.29685852,area_de_pico
lazazzara2018_exp1_pinotnoir_0dpi_r03,lazazzara2018_cmp035,7447538.44562008,area_de_pico
lazazzara2018_exp1_pinotnoir_0dpi_r04,lazazzara2018_cmp035,12079183.0483117,area_de_pico
lazazzara2018_exp1_pinotnoir_0dpi_r05,lazazzara2018_cmp035,14077318.0059556,area_de_pico
lazazzara2018_exp2_pinotnoir_0dpi_r01,lazazzara2018_cmp035,3288173.07715373,area_de_pico
lazazzara2018_exp2_pinotnoir_0dpi_r02,lazazzara2018_cmp035,10153960.4132554,area_de_pico
lazazzara2018_exp2_pinotnoir_0dpi_r03,lazazzara2018_cmp035,11132544.2948919,area_de_pico
lazazzara2018_exp2_pinotnoir_0dpi_r04,lazazzara2018_cmp035,569362.03536464,area_de_pico
lazazzara2018_exp2_pinotnoir_0dpi_r05,lazazzara2018_cmp035,4385193.1368729,area_de_pico
lazazzara2018_exp1_pinotnoir_6dpi_r01,lazazzara2018_cmp035,3044567.07896448,area_de_pico
lazazzara2018_exp1_pinotnoir_6dpi_r02,lazazzara2018_cmp035,1614687.2375897,area_de_pico
lazazzara2018_exp1_pinotnoir_6dpi_r03,lazazzara2018_cmp035,230585.78574965,area_de_pico
lazazzara2018_exp1_pinotnoir_6dpi_r04,lazazzara2018_cmp035,705135.85928316,area_de_pico
lazazzara2018_exp1_pinotnoir_6dpi_r05,lazazzara2018_cmp035,3131773.60887958,area_de_pico
lazazzara2018_exp2_pinotnoir_6dpi_r01,lazazzara2018_cmp035,1201036.0373259,area_de_pico
lazazzara2018_exp2_pinotnoir_6dpi_r02,lazazzara2018_cmp035,4020516.9004718,area_de_pico
lazazzara2018_exp2_pinotnoir_6dpi_r03,lazazzara2018_cmp035,4142012.1976314,area_de_pico
lazazzara2018_exp2_pinotnoir_6dpi_r04,lazazzara2018_cmp035,2726443.88188201,area_de_pico
lazazzara2018_exp2_pinotnoir_6dpi_r05,lazazzara2018_cmp035,4049624.61042853,area_de_pico
lazazzara2018_exp1_bc4_0dpi_r01,lazazzara2018_cmp035,6169010.94659492,area_de_pico
lazazzara2018_exp1_bc4_0dpi_r02,lazazzara2018_cmp035,4844790.82506555,area_de_pico
lazazzara2018_exp1_bc4_0dpi_r03,lazazzara2018_cmp035,14617080.4183822,area_de_pico
lazazzara2018_exp1_bc4_0dpi_r04,lazazzara2018_cmp035,2877398.57368553,area_de_pico
lazazzara2018_exp1_bc4_0dpi_r05,lazazzara2018_cmp035,2740240.98879615,area_de_pico
lazazzara2018_exp2_bc4_0dpi_r01,lazazzara2018_cmp035,1132740.69333678,area_de_pico
lazazzara2018_exp2_bc4_0dpi_r02,lazazzara2018_cmp035,3968760.77923485,area_de_pico
lazazzara2018_exp2_bc4_0dpi_r03,lazazzara2018_cmp035,1420981.04630306,area_de_pico
lazazzara2018_exp2_bc4_0dpi_r04,lazazzara2018_cmp035,2276101.43331161,area_de_pico
lazazzara2018_exp2_bc4_0dpi_r05,lazazzara2018_cmp035,5411552.14857587,area_de_pico
lazazzara2018_exp1_bc4_6dpi_r01,lazazzara2018_cmp035,3850396.79836971,area_de_pico
lazazzara2018_exp1_bc4_6dpi_r02,lazazzara2018_cmp035,1808540.0661548,area_de_pico
lazazzara2018_exp1_bc4_6dpi_r03,lazazzara2018_cmp035,2532939.66113458,area_de_pico
lazazzara2018_exp1_bc4_6dpi_r04,lazazzara2018_cmp035,3450129.5132019,area_de_pico
lazazzara2018_exp1_bc4_6dpi_r05,lazazzara2018_cmp035,1283794.19044421,area_de_pico
lazazzara2018_exp2_bc4_6dpi_r01,lazazzara2018_cmp035,5718003.86601108,area_de_pico
lazazzara2018_exp2_bc4_6dpi_r02,lazazzara2018_cmp035,6121685.51176293,area_de_pico
lazazzara2018_exp2_bc4_6dpi_r03,lazazzara2018_cmp035,4712246.41706298,area_de_pico
lazazzara2018_exp2_bc4_6dpi_r04,lazazzara2018_cmp035,2080669.62359252,area_de_pico
lazazzara2018_exp2_bc4_6dpi_r05,lazazzara2018_cmp035,7974196.08921787,area_de_pico
lazazzara2018_exp1_k5bb_0dpi_r01,lazazzara2018_cmp035,11463223.3907355,area_de_pico
lazazzara2018_exp1_k5bb_0dpi_r02,lazazzara2018_cmp035,11853553.8293354,area_de_pico
lazazzara2018_exp1_k5bb_0dpi_r03,lazazzara2018_cmp035,9912389.43068906,area_de_pico
lazazzara2018_exp1_k5bb_0dpi_r04,lazazzara2018_cmp035,12652095.1683553,area_de_pico
lazazzara2018_exp1_k5bb_0dpi_r05,lazazzara2018_cmp035,10979757.2007471,area_de_pico
lazazzara2018_exp2_k5bb_0dpi_r01,lazazzara2018_cmp035,7870420.69523334,area_de_pico
lazazzara2018_exp2_k5bb_0dpi_r02,lazazzara2018_cmp035,3957729.67567602,area_de_pico
lazazzara2018_exp2_k5bb_0dpi_r03,lazazzara2018_cmp035,4134085.40212026,area_de_pico
lazazzara2018_exp2_k5bb_0dpi_r04,lazazzara2018_cmp035,11522926.4100146,area_de_pico
lazazzara2018_exp2_k5bb_0dpi_r05,lazazzara2018_cmp035,3678718.99073259,area_de_pico
lazazzara2018_exp1_k5bb_6dpi_r01,lazazzara2018_cmp035,7733602.622637,area_de_pico
lazazzara2018_exp1_k5bb_6dpi_r02,lazazzara2018_cmp035,13564331.2133887,area_de_pico
lazazzara2018_exp1_k5bb_6dpi_r04,lazazzara2018_cmp035,12793749.3801548,area_de_pico
lazazzara2018_exp2_k5bb_6dpi_r01,lazazzara2018_cmp035,3799467.67919207,area_de_pico
lazazzara2018_exp2_k5bb_6dpi_r02,lazazzara2018_cmp035,9818173.36493794,area_de_pico
lazazzara2018_exp2_k5bb_6dpi_r03,lazazzara2018_cmp035,6030120.40630377,area_de_pico
lazazzara2018_exp2_k5bb_6dpi_r04,lazazzara2018_cmp035,4314514.17370216,area_de_pico
lazazzara2018_exp2_k5bb_6dpi_r05,lazazzara2018_cmp035,4884016.70647903,area_de_pico
lazazzara2018_exp1_so4_0dpi_r01,lazazzara2018_cmp035,6301939.52144366,area_de_pico
lazazzara2018_exp1_so4_0dpi_r02,lazazzara2018_cmp035,9031534.87122101,area_de_pico
lazazzara2018_exp1_so4_0dpi_r03,lazazzara2018_cmp035,6473676.21522078,area_de_pico
lazazzara2018_exp1_so4_0dpi_r04,lazazzara2018_cmp035,7551897.76343293,area_de_pico
lazazzara2018_exp1_so4_0dpi_r05,lazazzara2018_cmp035,5172799.19330956,area_de_pico
lazazzara2018_exp2_so4_0dpi_r01,lazazzara2018_cmp035,2571940.55150149,area_de_pico
lazazzara2018_exp2_so4_0dpi_r02,lazazzara2018_cmp035,8584719.82733413,area_de_pico
lazazzara2018_exp2_so4_0dpi_r03,lazazzara2018_cmp035,4389113.51682296,area_de_pico
lazazzara2018_exp2_so4_0dpi_r04,lazazzara2018_cmp035,9472438.01919657,area_de_pico
lazazzara2018_exp2_so4_0dpi_r05,lazazzara2018_cmp035,2256759.51697772,area_de_pico
lazazzara2018_exp1_so4_6dpi_r01,lazazzara2018_cmp035,6340121.55742907,area_de_pico
lazazzara2018_exp1_so4_6dpi_r02,lazazzara2018_cmp035,6435002.77058859,area_de_pico
lazazzara2018_exp1_so4_6dpi_r03,lazazzara2018_cmp035,4875845.07533159,area_de_pico
lazazzara2018_exp1_so4_6dpi_r04,lazazzara2018_cmp035,2535618.6226373,area_de_pico
lazazzara2018_exp1_so4_6dpi_r05,lazazzara2018_cmp035,6643022.82654998,area_de_pico
lazazzara2018_exp2_so4_6dpi_r01,lazazzara2018_cmp035,4253785.31840937,area_de_pico
lazazzara2018_exp2_so4_6dpi_r02,lazazzara2018_cmp035,6416810.52237821,area_de_pico
lazazzara2018_exp2_so4_6dpi_r03,lazazzara2018_cmp035,2041853.02292638,area_de_pico
lazazzara2018_exp2_so4_6dpi_r04,lazazzara2018_cmp035,4172169.44143117,area_de_pico
lazazzara2018_exp2_so4_6dpi_r05,lazazzara2018_cmp035,1069928.78763057,area_de_pico
lazazzara2018_exp1_solaris_0dpi_r01,lazazzara2018_cmp035,7042354.6609387,area_de_pico
lazazzara2018_exp1_solaris_0dpi_r02,lazazzara2018_cmp035,4849341.5859638,area_de_pico
lazazzara2018_exp1_solaris_0dpi_r03,lazazzara2018_cmp035,5499147.36065378,area_de_pico
lazazzara2018_exp1_solaris_0dpi_r04,lazazzara2018_cmp035,3880308.34088325,area_de_pico
lazazzara2018_exp1_solaris_0dpi_r05,lazazzara2018_cmp035,2745266.21948621,area_de_pico
lazazzara2018_exp2_solaris_0dpi_r01,lazazzara2018_cmp035,1608179.64596665,area_de_pico
lazazzara2018_exp2_solaris_0dpi_r02,lazazzara2018_cmp035,3152477.01988586,area_de_pico
lazazzara2018_exp2_solaris_0dpi_r03,lazazzara2018_cmp035,4847990.43488923,area_de_pico
lazazzara2018_exp2_solaris_0dpi_r04,lazazzara2018_cmp035,5365786.71582295,area_de_pico
lazazzara2018_exp2_solaris_0dpi_r05,lazazzara2018_cmp035,5543020.45991754,area_de_pico
lazazzara2018_exp1_solaris_6dpi_r01,lazazzara2018_cmp035,7086485.13366845,area_de_pico
lazazzara2018_exp1_solaris_6dpi_r02,lazazzara2018_cmp035,4970865.68958741,area_de_pico
lazazzara2018_exp1_solaris_6dpi_r03,lazazzara2018_cmp035,7955914.04180346,area_de_pico
lazazzara2018_exp1_solaris_6dpi_r04,lazazzara2018_cmp035,3788860.76808337,area_de_pico
lazazzara2018_exp1_solaris_6dpi_r05,lazazzara2018_cmp035,4189701.96679493,area_de_pico
lazazzara2018_exp2_solaris_6dpi_r01,lazazzara2018_cmp035,5114036.66056631,area_de_pico
lazazzara2018_exp2_solaris_6dpi_r02,lazazzara2018_cmp035,5050510.71076455,area_de_pico
lazazzara2018_exp2_solaris_6dpi_r03,lazazzara2018_cmp035,4367678.74757444,area_de_pico
lazazzara2018_exp2_solaris_6dpi_r04,lazazzara2018_cmp035,9436324.46499248,area_de_pico
lazazzara2018_exp2_solaris_6dpi_r05,lazazzara2018_cmp035,6867422.74834666,area_de_pico
lazazzara2018_exp1_pinotnoir_0dpi_r01,lazazzara2018_cmp036,127623.523031781,area_de_pico
lazazzara2018_exp1_pinotnoir_0dpi_r02,lazazzara2018_cmp036,211974.35688517,area_de_pico
lazazzara2018_exp1_pinotnoir_0dpi_r03,lazazzara2018_cmp036,92904.0,area_de_pico
lazazzara2018_exp1_pinotnoir_0dpi_r04,lazazzara2018_cmp036,522339.840824519,area_de_pico
lazazzara2018_exp1_pinotnoir_0dpi_r05,lazazzara2018_cmp036,318612.315174696,area_de_pico
lazazzara2018_exp2_pinotnoir_0dpi_r01,lazazzara2018_cmp036,92927.00352294,area_de_pico
lazazzara2018_exp2_pinotnoir_0dpi_r02,lazazzara2018_cmp036,87963.616042714,area_de_pico
lazazzara2018_exp2_pinotnoir_0dpi_r03,lazazzara2018_cmp036,171008.497604853,area_de_pico
lazazzara2018_exp2_pinotnoir_0dpi_r04,lazazzara2018_cmp036,264576.440883814,area_de_pico
lazazzara2018_exp2_pinotnoir_0dpi_r05,lazazzara2018_cmp036,174752.775111842,area_de_pico
lazazzara2018_exp1_pinotnoir_6dpi_r01,lazazzara2018_cmp036,341970.350995765,area_de_pico
lazazzara2018_exp1_pinotnoir_6dpi_r02,lazazzara2018_cmp036,159410.508508358,area_de_pico
lazazzara2018_exp1_pinotnoir_6dpi_r03,lazazzara2018_cmp036,10452.26677063,area_de_pico
lazazzara2018_exp1_pinotnoir_6dpi_r04,lazazzara2018_cmp036,7988.10104357,area_de_pico
lazazzara2018_exp1_pinotnoir_6dpi_r05,lazazzara2018_cmp036,429733.551297338,area_de_pico
lazazzara2018_exp2_pinotnoir_6dpi_r01,lazazzara2018_cmp036,77872.315630833,area_de_pico
lazazzara2018_exp2_pinotnoir_6dpi_r02,lazazzara2018_cmp036,53916.778642978,area_de_pico
lazazzara2018_exp2_pinotnoir_6dpi_r03,lazazzara2018_cmp036,102204.806801872,area_de_pico
lazazzara2018_exp2_pinotnoir_6dpi_r04,lazazzara2018_cmp036,63591.4337797496,area_de_pico
lazazzara2018_exp2_pinotnoir_6dpi_r05,lazazzara2018_cmp036,83077.737035598,area_de_pico
lazazzara2018_exp1_bc4_0dpi_r01,lazazzara2018_cmp036,42422.0,area_de_pico
lazazzara2018_exp1_bc4_0dpi_r02,lazazzara2018_cmp036,172727.715933225,area_de_pico
lazazzara2018_exp1_bc4_0dpi_r03,lazazzara2018_cmp036,137497.0,area_de_pico
lazazzara2018_exp1_bc4_0dpi_r04,lazazzara2018_cmp036,368435.61340714,area_de_pico
lazazzara2018_exp1_bc4_0dpi_r05,lazazzara2018_cmp036,17485.07614885,area_de_pico
lazazzara2018_exp2_bc4_0dpi_r01,lazazzara2018_cmp036,105321.260730084,area_de_pico
lazazzara2018_exp2_bc4_0dpi_r02,lazazzara2018_cmp036,120681.117401218,area_de_pico
lazazzara2018_exp2_bc4_0dpi_r03,lazazzara2018_cmp036,113118.608194625,area_de_pico
lazazzara2018_exp2_bc4_0dpi_r04,lazazzara2018_cmp036,77508.829835028,area_de_pico
lazazzara2018_exp2_bc4_0dpi_r05,lazazzara2018_cmp036,156558.597398057,area_de_pico
lazazzara2018_exp1_bc4_6dpi_r01,lazazzara2018_cmp036,16912.12759014,area_de_pico
lazazzara2018_exp1_bc4_6dpi_r02,lazazzara2018_cmp036,188262.27877032,area_de_pico
lazazzara2018_exp1_bc4_6dpi_r03,lazazzara2018_cmp036,226558.305713915,area_de_pico
lazazzara2018_exp1_bc4_6dpi_r04,lazazzara2018_cmp036,88913.943541748,area_de_pico
lazazzara2018_exp1_bc4_6dpi_r05,lazazzara2018_cmp036,292406.70098322,area_de_pico
lazazzara2018_exp2_bc4_6dpi_r01,lazazzara2018_cmp036,148502.154775178,area_de_pico
lazazzara2018_exp2_bc4_6dpi_r02,lazazzara2018_cmp036,108830.189221956,area_de_pico
lazazzara2018_exp2_bc4_6dpi_r03,lazazzara2018_cmp036,149054.358545586,area_de_pico
lazazzara2018_exp2_bc4_6dpi_r04,lazazzara2018_cmp036,59012.56925505,area_de_pico
lazazzara2018_exp2_bc4_6dpi_r05,lazazzara2018_cmp036,177180.733018872,area_de_pico
lazazzara2018_exp1_k5bb_0dpi_r01,lazazzara2018_cmp036,205753.0,area_de_pico
lazazzara2018_exp1_k5bb_0dpi_r02,lazazzara2018_cmp036,464203.73964138,area_de_pico
lazazzara2018_exp1_k5bb_0dpi_r03,lazazzara2018_cmp036,50376.0,area_de_pico
lazazzara2018_exp1_k5bb_0dpi_r04,lazazzara2018_cmp036,150906.0,area_de_pico
lazazzara2018_exp1_k5bb_0dpi_r05,lazazzara2018_cmp036,113221.0,area_de_pico
lazazzara2018_exp2_k5bb_0dpi_r01,lazazzara2018_cmp036,393656.204707909,area_de_pico
lazazzara2018_exp2_k5bb_0dpi_r02,lazazzara2018_cmp036,363852.525533728,area_de_pico
lazazzara2018_exp2_k5bb_0dpi_r03,lazazzara2018_cmp036,327938.105004338,area_de_pico
lazazzara2018_exp2_k5bb_0dpi_r04,lazazzara2018_cmp036,223411.48659911,area_de_pico
lazazzara2018_exp2_k5bb_0dpi_r05,lazazzara2018_cmp036,222058.42621404,area_de_pico
lazazzara2018_exp1_k5bb_6dpi_r01,lazazzara2018_cmp036,93280.313031624,area_de_pico
lazazzara2018_exp1_k5bb_6dpi_r02,lazazzara2018_cmp036,188310.0,area_de_pico
lazazzara2018_exp1_k5bb_6dpi_r04,lazazzara2018_cmp036,510207.38110881,area_de_pico
lazazzara2018_exp2_k5bb_6dpi_r01,lazazzara2018_cmp036,457819.008908903,area_de_pico
lazazzara2018_exp2_k5bb_6dpi_r02,lazazzara2018_cmp036,327108.51054756,area_de_pico
lazazzara2018_exp2_k5bb_6dpi_r03,lazazzara2018_cmp036,195799.110096642,area_de_pico
lazazzara2018_exp2_k5bb_6dpi_r04,lazazzara2018_cmp036,230492.118618741,area_de_pico
lazazzara2018_exp2_k5bb_6dpi_r05,lazazzara2018_cmp036,534373.64162732,area_de_pico
lazazzara2018_exp1_so4_0dpi_r01,lazazzara2018_cmp036,1114625.98256664,area_de_pico
lazazzara2018_exp1_so4_0dpi_r02,lazazzara2018_cmp036,766499.79064376,area_de_pico
lazazzara2018_exp1_so4_0dpi_r03,lazazzara2018_cmp036,258378.457063711,area_de_pico
lazazzara2018_exp1_so4_0dpi_r04,lazazzara2018_cmp036,776010.550847181,area_de_pico
lazazzara2018_exp1_so4_0dpi_r05,lazazzara2018_cmp036,63310.0,area_de_pico
lazazzara2018_exp2_so4_0dpi_r01,lazazzara2018_cmp036,294316.528207354,area_de_pico
lazazzara2018_exp2_so4_0dpi_r02,lazazzara2018_cmp036,473231.08084917,area_de_pico
lazazzara2018_exp2_so4_0dpi_r03,lazazzara2018_cmp036,546659.795245613,area_de_pico
lazazzara2018_exp2_so4_0dpi_r04,lazazzara2018_cmp036,765814.129607895,area_de_pico
lazazzara2018_exp2_so4_0dpi_r05,lazazzara2018_cmp036,604974.889216815,area_de_pico
lazazzara2018_exp1_so4_6dpi_r01,lazazzara2018_cmp036,519014.944890003,area_de_pico
lazazzara2018_exp1_so4_6dpi_r02,lazazzara2018_cmp036,522965.768008935,area_de_pico
lazazzara2018_exp1_so4_6dpi_r03,lazazzara2018_cmp036,664723.40346952,area_de_pico
lazazzara2018_exp1_so4_6dpi_r04,lazazzara2018_cmp036,11062.0,area_de_pico
lazazzara2018_exp1_so4_6dpi_r05,lazazzara2018_cmp036,36586.0,area_de_pico
lazazzara2018_exp2_so4_6dpi_r01,lazazzara2018_cmp036,1134959.06046508,area_de_pico
lazazzara2018_exp2_so4_6dpi_r02,lazazzara2018_cmp036,608505.390395824,area_de_pico
lazazzara2018_exp2_so4_6dpi_r03,lazazzara2018_cmp036,855345.184630615,area_de_pico
lazazzara2018_exp2_so4_6dpi_r04,lazazzara2018_cmp036,462677.592013088,area_de_pico
lazazzara2018_exp2_so4_6dpi_r05,lazazzara2018_cmp036,942640.043811626,area_de_pico
lazazzara2018_exp1_solaris_0dpi_r01,lazazzara2018_cmp036,130596.215054567,area_de_pico
lazazzara2018_exp1_solaris_0dpi_r02,lazazzara2018_cmp036,140009.8111537,area_de_pico
lazazzara2018_exp1_solaris_0dpi_r03,lazazzara2018_cmp036,221326.21972503,area_de_pico
lazazzara2018_exp1_solaris_0dpi_r04,lazazzara2018_cmp036,145170.0310514,area_de_pico
lazazzara2018_exp1_solaris_0dpi_r05,lazazzara2018_cmp036,27450.5095015,area_de_pico
lazazzara2018_exp2_solaris_0dpi_r01,lazazzara2018_cmp036,63803.368930224,area_de_pico
lazazzara2018_exp2_solaris_0dpi_r02,lazazzara2018_cmp036,76673.401347736,area_de_pico
lazazzara2018_exp2_solaris_0dpi_r03,lazazzara2018_cmp036,100763.409745376,area_de_pico
lazazzara2018_exp2_solaris_0dpi_r04,lazazzara2018_cmp036,88319.347563474,area_de_pico
lazazzara2018_exp2_solaris_0dpi_r05,lazazzara2018_cmp036,221992.361488632,area_de_pico
lazazzara2018_exp1_solaris_6dpi_r01,lazazzara2018_cmp036,203407.59727721,area_de_pico
lazazzara2018_exp1_solaris_6dpi_r02,lazazzara2018_cmp036,172616.55105116,area_de_pico
lazazzara2018_exp1_solaris_6dpi_r03,lazazzara2018_cmp036,153411.098781736,area_de_pico
lazazzara2018_exp1_solaris_6dpi_r04,lazazzara2018_cmp036,183182.153256442,area_de_pico
lazazzara2018_exp1_solaris_6dpi_r05,lazazzara2018_cmp036,101143.909044409,area_de_pico
lazazzara2018_exp2_solaris_6dpi_r01,lazazzara2018_cmp036,134009.656096957,area_de_pico
lazazzara2018_exp2_solaris_6dpi_r02,lazazzara2018_cmp036,82519.538276943,area_de_pico
lazazzara2018_exp2_solaris_6dpi_r03,lazazzara2018_cmp036,315500.4127686,area_de_pico
lazazzara2018_exp2_solaris_6dpi_r04,lazazzara2018_cmp036,169619.254109037,area_de_pico
lazazzara2018_exp2_solaris_6dpi_r05,lazazzara2018_cmp036,260617.116159978,area_de_pico
lazazzara2018_exp1_pinotnoir_0dpi_r01,lazazzara2018_cmp037,178313.51501157,area_de_pico
lazazzara2018_exp1_pinotnoir_0dpi_r02,lazazzara2018_cmp037,45237.53825978,area_de_pico
lazazzara2018_exp1_pinotnoir_0dpi_r03,lazazzara2018_cmp037,246627.374545216,area_de_pico
lazazzara2018_exp1_pinotnoir_0dpi_r04,lazazzara2018_cmp037,230498.37900799,area_de_pico
lazazzara2018_exp1_pinotnoir_0dpi_r05,lazazzara2018_cmp037,205386.25896704,area_de_pico
lazazzara2018_exp2_pinotnoir_0dpi_r01,lazazzara2018_cmp037,83303.689148452,area_de_pico
lazazzara2018_exp2_pinotnoir_0dpi_r02,lazazzara2018_cmp037,273201.941169825,area_de_pico
lazazzara2018_exp2_pinotnoir_0dpi_r03,lazazzara2018_cmp037,328745.841267626,area_de_pico
lazazzara2018_exp2_pinotnoir_0dpi_r04,lazazzara2018_cmp037,224930.220651446,area_de_pico
lazazzara2018_exp2_pinotnoir_0dpi_r05,lazazzara2018_cmp037,85374.290837266,area_de_pico
lazazzara2018_exp1_pinotnoir_6dpi_r01,lazazzara2018_cmp037,92245.0,area_de_pico
lazazzara2018_exp1_pinotnoir_6dpi_r02,lazazzara2018_cmp037,54218.90685811,area_de_pico
lazazzara2018_exp1_pinotnoir_6dpi_r03,lazazzara2018_cmp037,1910.31345937,area_de_pico
lazazzara2018_exp1_pinotnoir_6dpi_r04,lazazzara2018_cmp037,334843.28138149,area_de_pico
lazazzara2018_exp1_pinotnoir_6dpi_r05,lazazzara2018_cmp037,760048.22750345,area_de_pico
lazazzara2018_exp2_pinotnoir_6dpi_r01,lazazzara2018_cmp037,165211.334299092,area_de_pico
lazazzara2018_exp2_pinotnoir_6dpi_r02,lazazzara2018_cmp037,62860.24029419,area_de_pico
lazazzara2018_exp2_pinotnoir_6dpi_r03,lazazzara2018_cmp037,212051.868320139,area_de_pico
lazazzara2018_exp2_pinotnoir_6dpi_r04,lazazzara2018_cmp037,111356.95888151,area_de_pico
lazazzara2018_exp2_pinotnoir_6dpi_r05,lazazzara2018_cmp037,171415.268091347,area_de_pico
lazazzara2018_exp1_bc4_0dpi_r01,lazazzara2018_cmp037,7421605.18781008,area_de_pico
lazazzara2018_exp1_bc4_0dpi_r02,lazazzara2018_cmp037,274534.93417907,area_de_pico
lazazzara2018_exp1_bc4_0dpi_r03,lazazzara2018_cmp037,178245.44942125,area_de_pico
lazazzara2018_exp1_bc4_0dpi_r04,lazazzara2018_cmp037,2199935.68624869,area_de_pico
lazazzara2018_exp1_bc4_0dpi_r05,lazazzara2018_cmp037,2670062.2164948,area_de_pico
lazazzara2018_exp2_bc4_0dpi_r01,lazazzara2018_cmp037,3440663.90268871,area_de_pico
lazazzara2018_exp2_bc4_0dpi_r02,lazazzara2018_cmp037,5671298.65764981,area_de_pico
lazazzara2018_exp2_bc4_0dpi_r03,lazazzara2018_cmp037,3253048.90643485,area_de_pico
lazazzara2018_exp2_bc4_0dpi_r04,lazazzara2018_cmp037,4193431.87971071,area_de_pico
lazazzara2018_exp2_bc4_0dpi_r05,lazazzara2018_cmp037,7633388.55431334,area_de_pico
lazazzara2018_exp1_bc4_6dpi_r01,lazazzara2018_cmp037,959653.372133394,area_de_pico
lazazzara2018_exp1_bc4_6dpi_r02,lazazzara2018_cmp037,2041558.32803844,area_de_pico
lazazzara2018_exp1_bc4_6dpi_r03,lazazzara2018_cmp037,6688493.79480606,area_de_pico
lazazzara2018_exp1_bc4_6dpi_r04,lazazzara2018_cmp037,1516623.60297329,area_de_pico
lazazzara2018_exp1_bc4_6dpi_r05,lazazzara2018_cmp037,3443277.07246091,area_de_pico
lazazzara2018_exp2_bc4_6dpi_r01,lazazzara2018_cmp037,11140668.9185729,area_de_pico
lazazzara2018_exp2_bc4_6dpi_r02,lazazzara2018_cmp037,3977963.95099948,area_de_pico
lazazzara2018_exp2_bc4_6dpi_r03,lazazzara2018_cmp037,8046558.8947339,area_de_pico
lazazzara2018_exp2_bc4_6dpi_r04,lazazzara2018_cmp037,659192.257509841,area_de_pico
lazazzara2018_exp2_bc4_6dpi_r05,lazazzara2018_cmp037,4830922.35454237,area_de_pico
lazazzara2018_exp1_k5bb_0dpi_r01,lazazzara2018_cmp037,44935.36374281,area_de_pico
lazazzara2018_exp1_k5bb_0dpi_r02,lazazzara2018_cmp037,98767.512332251,area_de_pico
lazazzara2018_exp1_k5bb_0dpi_r03,lazazzara2018_cmp037,401943.462013022,area_de_pico
lazazzara2018_exp1_k5bb_0dpi_r04,lazazzara2018_cmp037,42714.61692349,area_de_pico
lazazzara2018_exp1_k5bb_0dpi_r05,lazazzara2018_cmp037,87106.0,area_de_pico
lazazzara2018_exp2_k5bb_0dpi_r01,lazazzara2018_cmp037,97072.017620899,area_de_pico
lazazzara2018_exp2_k5bb_0dpi_r02,lazazzara2018_cmp037,36402.356291468,area_de_pico
lazazzara2018_exp2_k5bb_0dpi_r03,lazazzara2018_cmp037,60259.721611716,area_de_pico
lazazzara2018_exp2_k5bb_0dpi_r04,lazazzara2018_cmp037,99532.568980282,area_de_pico
lazazzara2018_exp2_k5bb_0dpi_r05,lazazzara2018_cmp037,33604.1713527,area_de_pico
lazazzara2018_exp1_k5bb_6dpi_r01,lazazzara2018_cmp037,357074.0,area_de_pico
lazazzara2018_exp1_k5bb_6dpi_r02,lazazzara2018_cmp037,227835.0,area_de_pico
lazazzara2018_exp1_k5bb_6dpi_r04,lazazzara2018_cmp037,248266.0,area_de_pico
lazazzara2018_exp2_k5bb_6dpi_r01,lazazzara2018_cmp037,64113.992657037,area_de_pico
lazazzara2018_exp2_k5bb_6dpi_r02,lazazzara2018_cmp037,24940.71535386,area_de_pico
lazazzara2018_exp2_k5bb_6dpi_r03,lazazzara2018_cmp037,83858.430085652,area_de_pico
lazazzara2018_exp2_k5bb_6dpi_r04,lazazzara2018_cmp037,88362.723197556,area_de_pico
lazazzara2018_exp2_k5bb_6dpi_r05,lazazzara2018_cmp037,362999.18652304,area_de_pico
lazazzara2018_exp1_so4_0dpi_r01,lazazzara2018_cmp037,243434.346183825,area_de_pico
lazazzara2018_exp1_so4_0dpi_r02,lazazzara2018_cmp037,328576.0,area_de_pico
lazazzara2018_exp1_so4_0dpi_r03,lazazzara2018_cmp037,8930556.88495611,area_de_pico
lazazzara2018_exp1_so4_0dpi_r04,lazazzara2018_cmp037,128418.68463768,area_de_pico
lazazzara2018_exp1_so4_0dpi_r05,lazazzara2018_cmp037,209101.0,area_de_pico
lazazzara2018_exp2_so4_0dpi_r01,lazazzara2018_cmp037,20565.84346394,area_de_pico
lazazzara2018_exp2_so4_0dpi_r02,lazazzara2018_cmp037,16682.90022783,area_de_pico
lazazzara2018_exp2_so4_0dpi_r03,lazazzara2018_cmp037,80775.952798744,area_de_pico
lazazzara2018_exp2_so4_0dpi_r04,lazazzara2018_cmp037,198345.3010815,area_de_pico
lazazzara2018_exp2_so4_0dpi_r05,lazazzara2018_cmp037,29983.09607728,area_de_pico
lazazzara2018_exp1_so4_6dpi_r01,lazazzara2018_cmp037,6975.0,area_de_pico
lazazzara2018_exp1_so4_6dpi_r02,lazazzara2018_cmp037,154973.0,area_de_pico
lazazzara2018_exp1_so4_6dpi_r03,lazazzara2018_cmp037,348815.0,area_de_pico
lazazzara2018_exp1_so4_6dpi_r04,lazazzara2018_cmp037,4648.31856122,area_de_pico
lazazzara2018_exp1_so4_6dpi_r05,lazazzara2018_cmp037,48343.7691099961,area_de_pico
lazazzara2018_exp2_so4_6dpi_r01,lazazzara2018_cmp037,115621.89599708,area_de_pico
lazazzara2018_exp2_so4_6dpi_r02,lazazzara2018_cmp037,124143.045148148,area_de_pico
lazazzara2018_exp2_so4_6dpi_r03,lazazzara2018_cmp037,113438.63733866,area_de_pico
lazazzara2018_exp2_so4_6dpi_r04,lazazzara2018_cmp037,35456.34121018,area_de_pico
lazazzara2018_exp2_so4_6dpi_r05,lazazzara2018_cmp037,17503.22678534,area_de_pico
lazazzara2018_exp1_solaris_0dpi_r01,lazazzara2018_cmp037,1132388.47407338,area_de_pico
lazazzara2018_exp1_solaris_0dpi_r02,lazazzara2018_cmp037,1180014.0966674,area_de_pico
lazazzara2018_exp1_solaris_0dpi_r03,lazazzara2018_cmp037,351018.50119372,area_de_pico
lazazzara2018_exp1_solaris_0dpi_r04,lazazzara2018_cmp037,776381.267369092,area_de_pico
lazazzara2018_exp1_solaris_0dpi_r05,lazazzara2018_cmp037,295402.01455228,area_de_pico
lazazzara2018_exp2_solaris_0dpi_r01,lazazzara2018_cmp037,788632.217147604,area_de_pico
lazazzara2018_exp2_solaris_0dpi_r02,lazazzara2018_cmp037,364967.756223171,area_de_pico
lazazzara2018_exp2_solaris_0dpi_r03,lazazzara2018_cmp037,1744748.98064787,area_de_pico
lazazzara2018_exp2_solaris_0dpi_r04,lazazzara2018_cmp037,1186314.17119753,area_de_pico
lazazzara2018_exp2_solaris_0dpi_r05,lazazzara2018_cmp037,654981.138668222,area_de_pico
lazazzara2018_exp1_solaris_6dpi_r01,lazazzara2018_cmp037,446053.9043751,area_de_pico
lazazzara2018_exp1_solaris_6dpi_r02,lazazzara2018_cmp037,1261242.94444569,area_de_pico
lazazzara2018_exp1_solaris_6dpi_r03,lazazzara2018_cmp037,1101422.17797472,area_de_pico
lazazzara2018_exp1_solaris_6dpi_r04,lazazzara2018_cmp037,621802.598281218,area_de_pico
lazazzara2018_exp1_solaris_6dpi_r05,lazazzara2018_cmp037,862752.179205176,area_de_pico
lazazzara2018_exp2_solaris_6dpi_r01,lazazzara2018_cmp037,460047.252453226,area_de_pico
lazazzara2018_exp2_solaris_6dpi_r02,lazazzara2018_cmp037,519756.106363407,area_de_pico
lazazzara2018_exp2_solaris_6dpi_r03,lazazzara2018_cmp037,401210.215285788,area_de_pico
lazazzara2018_exp2_solaris_6dpi_r04,lazazzara2018_cmp037,1165859.65367997,area_de_pico
lazazzara2018_exp2_solaris_6dpi_r05,lazazzara2018_cmp037,285855.075004252,area_de_pico
lazazzara2018_exp1_pinotnoir_0dpi_r01,lazazzara2018_cmp038,158763.03042208,area_de_pico
lazazzara2018_exp1_pinotnoir_0dpi_r02,lazazzara2018_cmp038,134480.82100308,area_de_pico
lazazzara2018_exp1_pinotnoir_0dpi_r03,lazazzara2018_cmp038,152522.75819382,area_de_pico
lazazzara2018_exp1_pinotnoir_0dpi_r04,lazazzara2018_cmp038,155165.80109667,area_de_pico
lazazzara2018_exp1_pinotnoir_0dpi_r05,lazazzara2018_cmp038,133667.49179847,area_de_pico
lazazzara2018_exp2_pinotnoir_0dpi_r01,lazazzara2018_cmp038,171321.97546584,area_de_pico
lazazzara2018_exp2_pinotnoir_0dpi_r02,lazazzara2018_cmp038,215882.87494843,area_de_pico
lazazzara2018_exp2_pinotnoir_0dpi_r03,lazazzara2018_cmp038,189118.89406337,area_de_pico
lazazzara2018_exp2_pinotnoir_0dpi_r04,lazazzara2018_cmp038,252487.122670159,area_de_pico
lazazzara2018_exp2_pinotnoir_0dpi_r05,lazazzara2018_cmp038,300015.8430082,area_de_pico
lazazzara2018_exp1_pinotnoir_6dpi_r01,lazazzara2018_cmp038,149328.51912724,area_de_pico
lazazzara2018_exp1_pinotnoir_6dpi_r02,lazazzara2018_cmp038,149380.96245327,area_de_pico
lazazzara2018_exp1_pinotnoir_6dpi_r03,lazazzara2018_cmp038,136278.50055871,area_de_pico
lazazzara2018_exp1_pinotnoir_6dpi_r04,lazazzara2018_cmp038,160597.21349063,area_de_pico
lazazzara2018_exp1_pinotnoir_6dpi_r05,lazazzara2018_cmp038,165355.53478525,area_de_pico
lazazzara2018_exp2_pinotnoir_6dpi_r01,lazazzara2018_cmp038,186879.603487063,area_de_pico
lazazzara2018_exp2_pinotnoir_6dpi_r02,lazazzara2018_cmp038,205341.40841485,area_de_pico
lazazzara2018_exp2_pinotnoir_6dpi_r03,lazazzara2018_cmp038,181867.06616696,area_de_pico
lazazzara2018_exp2_pinotnoir_6dpi_r04,lazazzara2018_cmp038,192311.530706235,area_de_pico
lazazzara2018_exp2_pinotnoir_6dpi_r05,lazazzara2018_cmp038,169296.13443126,area_de_pico
lazazzara2018_exp1_bc4_0dpi_r01,lazazzara2018_cmp038,161867.499206616,area_de_pico
lazazzara2018_exp1_bc4_0dpi_r02,lazazzara2018_cmp038,144882.8555643,area_de_pico
lazazzara2018_exp1_bc4_0dpi_r03,lazazzara2018_cmp038,166936.107898,area_de_pico
lazazzara2018_exp1_bc4_0dpi_r04,lazazzara2018_cmp038,154927.83103288,area_de_pico
lazazzara2018_exp1_bc4_0dpi_r05,lazazzara2018_cmp038,143631.25355382,area_de_pico
lazazzara2018_exp2_bc4_0dpi_r01,lazazzara2018_cmp038,161291.523229736,area_de_pico
lazazzara2018_exp2_bc4_0dpi_r02,lazazzara2018_cmp038,202341.630324564,area_de_pico
lazazzara2018_exp2_bc4_0dpi_r03,lazazzara2018_cmp038,180720.43341586,area_de_pico
lazazzara2018_exp2_bc4_0dpi_r04,lazazzara2018_cmp038,361813.90699899,area_de_pico
lazazzara2018_exp2_bc4_0dpi_r05,lazazzara2018_cmp038,251594.24080974,area_de_pico
lazazzara2018_exp1_bc4_6dpi_r01,lazazzara2018_cmp038,157743.25196695,area_de_pico
lazazzara2018_exp1_bc4_6dpi_r02,lazazzara2018_cmp038,149660.2635931,area_de_pico
lazazzara2018_exp1_bc4_6dpi_r03,lazazzara2018_cmp038,141109.36391269,area_de_pico
lazazzara2018_exp1_bc4_6dpi_r04,lazazzara2018_cmp038,167068.36299032,area_de_pico
lazazzara2018_exp1_bc4_6dpi_r05,lazazzara2018_cmp038,142212.29394074,area_de_pico
lazazzara2018_exp2_bc4_6dpi_r01,lazazzara2018_cmp038,266751.41920833,area_de_pico
lazazzara2018_exp2_bc4_6dpi_r02,lazazzara2018_cmp038,228120.762820278,area_de_pico
lazazzara2018_exp2_bc4_6dpi_r03,lazazzara2018_cmp038,274677.03023674,area_de_pico
lazazzara2018_exp2_bc4_6dpi_r04,lazazzara2018_cmp038,167861.170238536,area_de_pico
lazazzara2018_exp2_bc4_6dpi_r05,lazazzara2018_cmp038,282172.895493978,area_de_pico
lazazzara2018_exp1_k5bb_0dpi_r01,lazazzara2018_cmp038,158652.50605155,area_de_pico
lazazzara2018_exp1_k5bb_0dpi_r02,lazazzara2018_cmp038,148533.17077284,area_de_pico
lazazzara2018_exp1_k5bb_0dpi_r03,lazazzara2018_cmp038,164330.14804622,area_de_pico
lazazzara2018_exp1_k5bb_0dpi_r04,lazazzara2018_cmp038,157972.35077725,area_de_pico
lazazzara2018_exp1_k5bb_0dpi_r05,lazazzara2018_cmp038,170194.91499556,area_de_pico
lazazzara2018_exp2_k5bb_0dpi_r01,lazazzara2018_cmp038,272643.451634448,area_de_pico
lazazzara2018_exp2_k5bb_0dpi_r02,lazazzara2018_cmp038,210339.620563336,area_de_pico
lazazzara2018_exp2_k5bb_0dpi_r03,lazazzara2018_cmp038,200714.7127064,area_de_pico
lazazzara2018_exp2_k5bb_0dpi_r04,lazazzara2018_cmp038,231253.169334663,area_de_pico
lazazzara2018_exp2_k5bb_0dpi_r05,lazazzara2018_cmp038,190350.32613691,area_de_pico
lazazzara2018_exp1_k5bb_6dpi_r01,lazazzara2018_cmp038,160589.90688672,area_de_pico
lazazzara2018_exp1_k5bb_6dpi_r02,lazazzara2018_cmp038,155897.51697764,area_de_pico
lazazzara2018_exp1_k5bb_6dpi_r04,lazazzara2018_cmp038,151583.61061081,area_de_pico
lazazzara2018_exp2_k5bb_6dpi_r01,lazazzara2018_cmp038,192400.081029745,area_de_pico
lazazzara2018_exp2_k5bb_6dpi_r02,lazazzara2018_cmp038,441085.03205153,area_de_pico
lazazzara2018_exp2_k5bb_6dpi_r03,lazazzara2018_cmp038,193549.86677139,area_de_pico
lazazzara2018_exp2_k5bb_6dpi_r04,lazazzara2018_cmp038,211180.46825523,area_de_pico
lazazzara2018_exp2_k5bb_6dpi_r05,lazazzara2018_cmp038,190493.27564687,area_de_pico
lazazzara2018_exp1_so4_0dpi_r01,lazazzara2018_cmp038,144846.7780922,area_de_pico
lazazzara2018_exp1_so4_0dpi_r02,lazazzara2018_cmp038,155920.18399361,area_de_pico
lazazzara2018_exp1_so4_0dpi_r03,lazazzara2018_cmp038,165365.98495604,area_de_pico
lazazzara2018_exp1_so4_0dpi_r04,lazazzara2018_cmp038,158087.96090401,area_de_pico
lazazzara2018_exp1_so4_0dpi_r05,lazazzara2018_cmp038,162826.82594358,area_de_pico
lazazzara2018_exp2_so4_0dpi_r01,lazazzara2018_cmp038,214331.503328844,area_de_pico
lazazzara2018_exp2_so4_0dpi_r02,lazazzara2018_cmp038,269402.085608528,area_de_pico
lazazzara2018_exp2_so4_0dpi_r03,lazazzara2018_cmp038,224112.284274102,area_de_pico
lazazzara2018_exp2_so4_0dpi_r04,lazazzara2018_cmp038,224326.00484488,area_de_pico
lazazzara2018_exp2_so4_0dpi_r05,lazazzara2018_cmp038,180045.490697135,area_de_pico
lazazzara2018_exp1_so4_6dpi_r01,lazazzara2018_cmp038,148964.13325609,area_de_pico
lazazzara2018_exp1_so4_6dpi_r02,lazazzara2018_cmp038,181795.57848935,area_de_pico
lazazzara2018_exp1_so4_6dpi_r03,lazazzara2018_cmp038,172241.94897792,area_de_pico
lazazzara2018_exp1_so4_6dpi_r04,lazazzara2018_cmp038,162356.78305481,area_de_pico
lazazzara2018_exp1_so4_6dpi_r05,lazazzara2018_cmp038,137172.76346933,area_de_pico
lazazzara2018_exp2_so4_6dpi_r01,lazazzara2018_cmp038,189706.89252644,area_de_pico
lazazzara2018_exp2_so4_6dpi_r02,lazazzara2018_cmp038,168256.57801104,area_de_pico
lazazzara2018_exp2_so4_6dpi_r03,lazazzara2018_cmp038,172535.56526048,area_de_pico
lazazzara2018_exp2_so4_6dpi_r04,lazazzara2018_cmp038,169461.111018829,area_de_pico
lazazzara2018_exp2_so4_6dpi_r05,lazazzara2018_cmp038,372270.68093004,area_de_pico
lazazzara2018_exp1_solaris_0dpi_r01,lazazzara2018_cmp038,158418.22067484,area_de_pico
lazazzara2018_exp1_solaris_0dpi_r02,lazazzara2018_cmp038,160835.92286673,area_de_pico
lazazzara2018_exp1_solaris_0dpi_r03,lazazzara2018_cmp038,141969.4672641,area_de_pico
lazazzara2018_exp1_solaris_0dpi_r04,lazazzara2018_cmp038,150212.73313348,area_de_pico
lazazzara2018_exp1_solaris_0dpi_r05,lazazzara2018_cmp038,137051.20520412,area_de_pico
lazazzara2018_exp2_solaris_0dpi_r01,lazazzara2018_cmp038,238823.73136327,area_de_pico
lazazzara2018_exp2_solaris_0dpi_r02,lazazzara2018_cmp038,442527.092729708,area_de_pico
lazazzara2018_exp2_solaris_0dpi_r03,lazazzara2018_cmp038,378851.114856187,area_de_pico
lazazzara2018_exp2_solaris_0dpi_r04,lazazzara2018_cmp038,197656.780439918,area_de_pico
lazazzara2018_exp2_solaris_0dpi_r05,lazazzara2018_cmp038,330368.58107326,area_de_pico
lazazzara2018_exp1_solaris_6dpi_r01,lazazzara2018_cmp038,160860.95470091,area_de_pico
lazazzara2018_exp1_solaris_6dpi_r02,lazazzara2018_cmp038,154327.55688236,area_de_pico
lazazzara2018_exp1_solaris_6dpi_r03,lazazzara2018_cmp038,157949.71909201,area_de_pico
lazazzara2018_exp1_solaris_6dpi_r04,lazazzara2018_cmp038,157896.61695552,area_de_pico
lazazzara2018_exp1_solaris_6dpi_r05,lazazzara2018_cmp038,160667.47214103,area_de_pico
lazazzara2018_exp2_solaris_6dpi_r01,lazazzara2018_cmp038,379952.598044513,area_de_pico
lazazzara2018_exp2_solaris_6dpi_r02,lazazzara2018_cmp038,391115.113043353,area_de_pico
lazazzara2018_exp2_solaris_6dpi_r03,lazazzara2018_cmp038,275116.775020139,area_de_pico
lazazzara2018_exp2_solaris_6dpi_r04,lazazzara2018_cmp038,366127.15244986,area_de_pico
lazazzara2018_exp2_solaris_6dpi_r05,lazazzara2018_cmp038,389439.92984557,area_de_pico
lazazzara2018_exp1_pinotnoir_0dpi_r01,lazazzara2018_cmp039,19220.803101466,area_de_pico
lazazzara2018_exp1_pinotnoir_0dpi_r02,lazazzara2018_cmp039,3325.991993863,area_de_pico
lazazzara2018_exp1_pinotnoir_0dpi_r03,lazazzara2018_cmp039,99688.700867634,area_de_pico
lazazzara2018_exp1_pinotnoir_0dpi_r04,lazazzara2018_cmp039,83554.927752021,area_de_pico
lazazzara2018_exp1_pinotnoir_0dpi_r05,lazazzara2018_cmp039,66976.14040982,area_de_pico
lazazzara2018_exp2_pinotnoir_0dpi_r01,lazazzara2018_cmp039,26570.2983726422,area_de_pico
lazazzara2018_exp2_pinotnoir_0dpi_r02,lazazzara2018_cmp039,44398.548266817,area_de_pico
lazazzara2018_exp2_pinotnoir_0dpi_r03,lazazzara2018_cmp039,66032.0,area_de_pico
lazazzara2018_exp2_pinotnoir_0dpi_r04,lazazzara2018_cmp039,27592.99360832,area_de_pico
lazazzara2018_exp2_pinotnoir_0dpi_r05,lazazzara2018_cmp039,25628.974219678,area_de_pico
lazazzara2018_exp1_pinotnoir_6dpi_r01,lazazzara2018_cmp039,25323.0,area_de_pico
lazazzara2018_exp1_pinotnoir_6dpi_r02,lazazzara2018_cmp039,41659.660996524,area_de_pico
lazazzara2018_exp1_pinotnoir_6dpi_r03,lazazzara2018_cmp039,7105.0,area_de_pico
lazazzara2018_exp1_pinotnoir_6dpi_r04,lazazzara2018_cmp039,34965.76526221,area_de_pico
lazazzara2018_exp1_pinotnoir_6dpi_r05,lazazzara2018_cmp039,37068.1866573,area_de_pico
lazazzara2018_exp2_pinotnoir_6dpi_r01,lazazzara2018_cmp039,9125.0,area_de_pico
lazazzara2018_exp2_pinotnoir_6dpi_r02,lazazzara2018_cmp039,65464.7219227032,area_de_pico
lazazzara2018_exp2_pinotnoir_6dpi_r03,lazazzara2018_cmp039,36816.762995845,area_de_pico
lazazzara2018_exp2_pinotnoir_6dpi_r04,lazazzara2018_cmp039,27739.28191214,area_de_pico
lazazzara2018_exp2_pinotnoir_6dpi_r05,lazazzara2018_cmp039,46343.258090008,area_de_pico
lazazzara2018_exp1_bc4_0dpi_r01,lazazzara2018_cmp039,98647.12402026,area_de_pico
lazazzara2018_exp1_bc4_0dpi_r02,lazazzara2018_cmp039,17732.9781139,area_de_pico
lazazzara2018_exp1_bc4_0dpi_r03,lazazzara2018_cmp039,274793.873278392,area_de_pico
lazazzara2018_exp1_bc4_0dpi_r04,lazazzara2018_cmp039,24970.0,area_de_pico
lazazzara2018_exp1_bc4_0dpi_r05,lazazzara2018_cmp039,16802.0,area_de_pico
lazazzara2018_exp2_bc4_0dpi_r01,lazazzara2018_cmp039,46897.2238807457,area_de_pico
lazazzara2018_exp2_bc4_0dpi_r02,lazazzara2018_cmp039,80417.654059077,area_de_pico
lazazzara2018_exp2_bc4_0dpi_r03,lazazzara2018_cmp039,32385.075816045,area_de_pico
lazazzara2018_exp2_bc4_0dpi_r04,lazazzara2018_cmp039,366660.731576233,area_de_pico
lazazzara2018_exp2_bc4_0dpi_r05,lazazzara2018_cmp039,169988.223811822,area_de_pico
lazazzara2018_exp1_bc4_6dpi_r01,lazazzara2018_cmp039,188998.16096116,area_de_pico
lazazzara2018_exp1_bc4_6dpi_r02,lazazzara2018_cmp039,32945.0,area_de_pico
lazazzara2018_exp1_bc4_6dpi_r03,lazazzara2018_cmp039,25927.0,area_de_pico
lazazzara2018_exp1_bc4_6dpi_r04,lazazzara2018_cmp039,48477.0,area_de_pico
lazazzara2018_exp1_bc4_6dpi_r05,lazazzara2018_cmp039,17657.0,area_de_pico
lazazzara2018_exp2_bc4_6dpi_r01,lazazzara2018_cmp039,329124.624782584,area_de_pico
lazazzara2018_exp2_bc4_6dpi_r02,lazazzara2018_cmp039,105162.56728677,area_de_pico
lazazzara2018_exp2_bc4_6dpi_r03,lazazzara2018_cmp039,64355.086094037,area_de_pico
lazazzara2018_exp2_bc4_6dpi_r04,lazazzara2018_cmp039,36174.106321817,area_de_pico
lazazzara2018_exp2_bc4_6dpi_r05,lazazzara2018_cmp039,112456.89037581,area_de_pico
lazazzara2018_exp1_k5bb_0dpi_r01,lazazzara2018_cmp039,117849.0,area_de_pico
lazazzara2018_exp1_k5bb_0dpi_r02,lazazzara2018_cmp039,172674.07394264,area_de_pico
lazazzara2018_exp1_k5bb_0dpi_r03,lazazzara2018_cmp039,294478.353767403,area_de_pico
lazazzara2018_exp1_k5bb_0dpi_r04,lazazzara2018_cmp039,210386.72262133,area_de_pico
lazazzara2018_exp1_k5bb_0dpi_r05,lazazzara2018_cmp039,84949.0,area_de_pico
lazazzara2018_exp2_k5bb_0dpi_r01,lazazzara2018_cmp039,144137.37703687,area_de_pico
lazazzara2018_exp2_k5bb_0dpi_r02,lazazzara2018_cmp039,67808.775299847,area_de_pico
lazazzara2018_exp2_k5bb_0dpi_r03,lazazzara2018_cmp039,61535.0,area_de_pico
lazazzara2018_exp2_k5bb_0dpi_r04,lazazzara2018_cmp039,228082.0,area_de_pico
lazazzara2018_exp2_k5bb_0dpi_r05,lazazzara2018_cmp039,148241.0,area_de_pico
lazazzara2018_exp1_k5bb_6dpi_r01,lazazzara2018_cmp039,300355.662679033,area_de_pico
lazazzara2018_exp1_k5bb_6dpi_r02,lazazzara2018_cmp039,112333.0,area_de_pico
lazazzara2018_exp1_k5bb_6dpi_r04,lazazzara2018_cmp039,100548.0,area_de_pico
lazazzara2018_exp2_k5bb_6dpi_r01,lazazzara2018_cmp039,68721.881104695,area_de_pico
lazazzara2018_exp2_k5bb_6dpi_r02,lazazzara2018_cmp039,327086.797317547,area_de_pico
lazazzara2018_exp2_k5bb_6dpi_r03,lazazzara2018_cmp039,133913.163654496,area_de_pico
lazazzara2018_exp2_k5bb_6dpi_r04,lazazzara2018_cmp039,121102.0,area_de_pico
lazazzara2018_exp2_k5bb_6dpi_r05,lazazzara2018_cmp039,103914.218842547,area_de_pico
lazazzara2018_exp1_so4_0dpi_r01,lazazzara2018_cmp039,45418.0,area_de_pico
lazazzara2018_exp1_so4_0dpi_r02,lazazzara2018_cmp039,92899.0,area_de_pico
lazazzara2018_exp1_so4_0dpi_r03,lazazzara2018_cmp039,101925.591073279,area_de_pico
lazazzara2018_exp1_so4_0dpi_r04,lazazzara2018_cmp039,54894.0,area_de_pico
lazazzara2018_exp1_so4_0dpi_r05,lazazzara2018_cmp039,93666.481042579,area_de_pico
lazazzara2018_exp2_so4_0dpi_r01,lazazzara2018_cmp039,52196.6149143142,area_de_pico
lazazzara2018_exp2_so4_0dpi_r02,lazazzara2018_cmp039,106381.666272514,area_de_pico
lazazzara2018_exp2_so4_0dpi_r03,lazazzara2018_cmp039,46832.83963692,area_de_pico
lazazzara2018_exp2_so4_0dpi_r04,lazazzara2018_cmp039,151801.441989,area_de_pico
lazazzara2018_exp2_so4_0dpi_r05,lazazzara2018_cmp039,23088.67932864,area_de_pico
lazazzara2018_exp1_so4_6dpi_r01,lazazzara2018_cmp039,17528.0,area_de_pico
lazazzara2018_exp1_so4_6dpi_r02,lazazzara2018_cmp039,47610.0,area_de_pico
lazazzara2018_exp1_so4_6dpi_r03,lazazzara2018_cmp039,42934.0,area_de_pico
lazazzara2018_exp1_so4_6dpi_r04,lazazzara2018_cmp039,16540.0,area_de_pico
lazazzara2018_exp1_so4_6dpi_r05,lazazzara2018_cmp039,182978.48110869,area_de_pico
lazazzara2018_exp2_so4_6dpi_r01,lazazzara2018_cmp039,57873.17865872,area_de_pico
lazazzara2018_exp2_so4_6dpi_r02,lazazzara2018_cmp039,99783.0,area_de_pico
lazazzara2018_exp2_so4_6dpi_r03,lazazzara2018_cmp039,41017.088873182,area_de_pico
lazazzara2018_exp2_so4_6dpi_r04,lazazzara2018_cmp039,78545.02597963,area_de_pico
lazazzara2018_exp2_so4_6dpi_r05,lazazzara2018_cmp039,15716.34775792,area_de_pico
lazazzara2018_exp1_solaris_0dpi_r01,lazazzara2018_cmp039,69915.0,area_de_pico
lazazzara2018_exp1_solaris_0dpi_r02,lazazzara2018_cmp039,35763.0,area_de_pico
lazazzara2018_exp1_solaris_0dpi_r03,lazazzara2018_cmp039,81545.990612798,area_de_pico
lazazzara2018_exp1_solaris_0dpi_r04,lazazzara2018_cmp039,36154.70782168,area_de_pico
lazazzara2018_exp1_solaris_0dpi_r05,lazazzara2018_cmp039,28840.0,area_de_pico
lazazzara2018_exp2_solaris_0dpi_r01,lazazzara2018_cmp039,254872.787733899,area_de_pico
lazazzara2018_exp2_solaris_0dpi_r02,lazazzara2018_cmp039,94924.381308542,area_de_pico
lazazzara2018_exp2_solaris_0dpi_r03,lazazzara2018_cmp039,126096.927645112,area_de_pico
lazazzara2018_exp2_solaris_0dpi_r04,lazazzara2018_cmp039,106097.18036868,area_de_pico
lazazzara2018_exp2_solaris_0dpi_r05,lazazzara2018_cmp039,76453.629795241,area_de_pico
lazazzara2018_exp1_solaris_6dpi_r01,lazazzara2018_cmp039,47384.0,area_de_pico
lazazzara2018_exp1_solaris_6dpi_r02,lazazzara2018_cmp039,376997.191096439,area_de_pico
lazazzara2018_exp1_solaris_6dpi_r03,lazazzara2018_cmp039,56747.0,area_de_pico
lazazzara2018_exp1_solaris_6dpi_r04,lazazzara2018_cmp039,32687.0,area_de_pico
lazazzara2018_exp1_solaris_6dpi_r05,lazazzara2018_cmp039,83777.0,area_de_pico
lazazzara2018_exp2_solaris_6dpi_r01,lazazzara2018_cmp039,113563.262011902,area_de_pico
lazazzara2018_exp2_solaris_6dpi_r02,lazazzara2018_cmp039,101716.765803898,area_de_pico
lazazzara2018_exp2_solaris_6dpi_r03,lazazzara2018_cmp039,99594.98285802,area_de_pico
lazazzara2018_exp2_solaris_6dpi_r04,lazazzara2018_cmp039,248333.39434244,area_de_pico
lazazzara2018_exp2_solaris_6dpi_r05,lazazzara2018_cmp039,106667.985431158,area_de_pico
lazazzara2018_exp1_pinotnoir_0dpi_r01,lazazzara2018_cmp040,87648.70481137,area_de_pico
lazazzara2018_exp1_pinotnoir_0dpi_r02,lazazzara2018_cmp040,84896.00784378,area_de_pico
lazazzara2018_exp1_pinotnoir_0dpi_r03,lazazzara2018_cmp040,91710.56957583,area_de_pico
lazazzara2018_exp1_pinotnoir_0dpi_r04,lazazzara2018_cmp040,109423.37561641,area_de_pico
lazazzara2018_exp1_pinotnoir_0dpi_r05,lazazzara2018_cmp040,85781.35173725,area_de_pico
lazazzara2018_exp2_pinotnoir_0dpi_r01,lazazzara2018_cmp040,65010.1122788,area_de_pico
lazazzara2018_exp2_pinotnoir_0dpi_r02,lazazzara2018_cmp040,103296.05049775,area_de_pico
lazazzara2018_exp2_pinotnoir_0dpi_r03,lazazzara2018_cmp040,87849.71239557,area_de_pico
lazazzara2018_exp2_pinotnoir_0dpi_r04,lazazzara2018_cmp040,117916.155655316,area_de_pico
lazazzara2018_exp2_pinotnoir_0dpi_r05,lazazzara2018_cmp040,75008.6756610514,area_de_pico
lazazzara2018_exp1_pinotnoir_6dpi_r01,lazazzara2018_cmp040,80395.32420068,area_de_pico
lazazzara2018_exp1_pinotnoir_6dpi_r02,lazazzara2018_cmp040,85788.05955399,area_de_pico
lazazzara2018_exp1_pinotnoir_6dpi_r03,lazazzara2018_cmp040,81073.42608228,area_de_pico
lazazzara2018_exp1_pinotnoir_6dpi_r04,lazazzara2018_cmp040,82579.00422659,area_de_pico
lazazzara2018_exp1_pinotnoir_6dpi_r05,lazazzara2018_cmp040,87810.00452021,area_de_pico
lazazzara2018_exp2_pinotnoir_6dpi_r01,lazazzara2018_cmp040,86296.248951884,area_de_pico
lazazzara2018_exp2_pinotnoir_6dpi_r02,lazazzara2018_cmp040,90357.35168034,area_de_pico
lazazzara2018_exp2_pinotnoir_6dpi_r03,lazazzara2018_cmp040,85389.68884076,area_de_pico
lazazzara2018_exp2_pinotnoir_6dpi_r04,lazazzara2018_cmp040,79015.72953865,area_de_pico
lazazzara2018_exp2_pinotnoir_6dpi_r05,lazazzara2018_cmp040,75230.59225255,area_de_pico
lazazzara2018_exp1_bc4_0dpi_r01,lazazzara2018_cmp040,86055.65248938,area_de_pico
lazazzara2018_exp1_bc4_0dpi_r02,lazazzara2018_cmp040,83766.72985028,area_de_pico
lazazzara2018_exp1_bc4_0dpi_r03,lazazzara2018_cmp040,89393.71475712,area_de_pico
lazazzara2018_exp1_bc4_0dpi_r04,lazazzara2018_cmp040,81640.30216678,area_de_pico
lazazzara2018_exp1_bc4_0dpi_r05,lazazzara2018_cmp040,91823.46534458,area_de_pico
lazazzara2018_exp2_bc4_0dpi_r01,lazazzara2018_cmp040,71582.13331328,area_de_pico
lazazzara2018_exp2_bc4_0dpi_r02,lazazzara2018_cmp040,111596.99910138,area_de_pico
lazazzara2018_exp2_bc4_0dpi_r03,lazazzara2018_cmp040,76244.10137002,area_de_pico
lazazzara2018_exp2_bc4_0dpi_r04,lazazzara2018_cmp040,176161.03901177,area_de_pico
lazazzara2018_exp2_bc4_0dpi_r05,lazazzara2018_cmp040,132272.30567052,area_de_pico
lazazzara2018_exp1_bc4_6dpi_r01,lazazzara2018_cmp040,85797.56095109,area_de_pico
lazazzara2018_exp1_bc4_6dpi_r02,lazazzara2018_cmp040,87958.32983616,area_de_pico
lazazzara2018_exp1_bc4_6dpi_r03,lazazzara2018_cmp040,94429.32472188,area_de_pico
lazazzara2018_exp1_bc4_6dpi_r04,lazazzara2018_cmp040,94332.61158149,area_de_pico
lazazzara2018_exp1_bc4_6dpi_r05,lazazzara2018_cmp040,88650.0051716,area_de_pico
lazazzara2018_exp2_bc4_6dpi_r01,lazazzara2018_cmp040,125835.597876172,area_de_pico
lazazzara2018_exp2_bc4_6dpi_r02,lazazzara2018_cmp040,155919.36748508,area_de_pico
lazazzara2018_exp2_bc4_6dpi_r03,lazazzara2018_cmp040,133621.22232056,area_de_pico
lazazzara2018_exp2_bc4_6dpi_r04,lazazzara2018_cmp040,111421.25338861,area_de_pico
lazazzara2018_exp2_bc4_6dpi_r05,lazazzara2018_cmp040,128653.203491239,area_de_pico
lazazzara2018_exp1_k5bb_0dpi_r01,lazazzara2018_cmp040,103740.47622757,area_de_pico
lazazzara2018_exp1_k5bb_0dpi_r02,lazazzara2018_cmp040,92174.34471274,area_de_pico
lazazzara2018_exp1_k5bb_0dpi_r03,lazazzara2018_cmp040,88382.79673122,area_de_pico
lazazzara2018_exp1_k5bb_0dpi_r04,lazazzara2018_cmp040,87706.72730277,area_de_pico
lazazzara2018_exp1_k5bb_0dpi_r05,lazazzara2018_cmp040,92358.34305205,area_de_pico
lazazzara2018_exp2_k5bb_0dpi_r01,lazazzara2018_cmp040,175700.00693222,area_de_pico
lazazzara2018_exp2_k5bb_0dpi_r02,lazazzara2018_cmp040,188738.060742403,area_de_pico
lazazzara2018_exp2_k5bb_0dpi_r03,lazazzara2018_cmp040,112445.27010758,area_de_pico
lazazzara2018_exp2_k5bb_0dpi_r04,lazazzara2018_cmp040,209892.563026308,area_de_pico
lazazzara2018_exp2_k5bb_0dpi_r05,lazazzara2018_cmp040,146916.18128706,area_de_pico
lazazzara2018_exp1_k5bb_6dpi_r01,lazazzara2018_cmp040,88969.30746461,area_de_pico
lazazzara2018_exp1_k5bb_6dpi_r02,lazazzara2018_cmp040,95255.3620544,area_de_pico
lazazzara2018_exp1_k5bb_6dpi_r04,lazazzara2018_cmp040,88551.5328926,area_de_pico
lazazzara2018_exp2_k5bb_6dpi_r01,lazazzara2018_cmp040,127900.14816884,area_de_pico
lazazzara2018_exp2_k5bb_6dpi_r02,lazazzara2018_cmp040,240629.588236974,area_de_pico
lazazzara2018_exp2_k5bb_6dpi_r03,lazazzara2018_cmp040,148310.36853385,area_de_pico
lazazzara2018_exp2_k5bb_6dpi_r04,lazazzara2018_cmp040,149595.72405837,area_de_pico
lazazzara2018_exp2_k5bb_6dpi_r05,lazazzara2018_cmp040,80544.42494879,area_de_pico
lazazzara2018_exp1_so4_0dpi_r01,lazazzara2018_cmp040,90033.80841422,area_de_pico
lazazzara2018_exp1_so4_0dpi_r02,lazazzara2018_cmp040,97238.70189062,area_de_pico
lazazzara2018_exp1_so4_0dpi_r03,lazazzara2018_cmp040,101754.91708368,area_de_pico
lazazzara2018_exp1_so4_0dpi_r04,lazazzara2018_cmp040,90679.05586804,area_de_pico
lazazzara2018_exp1_so4_0dpi_r05,lazazzara2018_cmp040,84841.175092364,area_de_pico
lazazzara2018_exp2_so4_0dpi_r01,lazazzara2018_cmp040,128058.54045537,area_de_pico
lazazzara2018_exp2_so4_0dpi_r02,lazazzara2018_cmp040,188421.71039762,area_de_pico
lazazzara2018_exp2_so4_0dpi_r03,lazazzara2018_cmp040,118455.49999873,area_de_pico
lazazzara2018_exp2_so4_0dpi_r04,lazazzara2018_cmp040,113929.480008,area_de_pico
lazazzara2018_exp2_so4_0dpi_r05,lazazzara2018_cmp040,80220.4097257,area_de_pico
lazazzara2018_exp1_so4_6dpi_r01,lazazzara2018_cmp040,90613.21733911,area_de_pico
lazazzara2018_exp1_so4_6dpi_r02,lazazzara2018_cmp040,105367.25724613,area_de_pico
lazazzara2018_exp1_so4_6dpi_r03,lazazzara2018_cmp040,91759.64281969,area_de_pico
lazazzara2018_exp1_so4_6dpi_r04,lazazzara2018_cmp040,86334.79380184,area_de_pico
lazazzara2018_exp1_so4_6dpi_r05,lazazzara2018_cmp040,95181.16440788,area_de_pico
lazazzara2018_exp2_so4_6dpi_r01,lazazzara2018_cmp040,100205.21213639,area_de_pico
lazazzara2018_exp2_so4_6dpi_r02,lazazzara2018_cmp040,78486.54009526,area_de_pico
lazazzara2018_exp2_so4_6dpi_r03,lazazzara2018_cmp040,80293.90034648,area_de_pico
lazazzara2018_exp2_so4_6dpi_r04,lazazzara2018_cmp040,92469.78327449,area_de_pico
lazazzara2018_exp2_so4_6dpi_r05,lazazzara2018_cmp040,92582.029731528,area_de_pico
lazazzara2018_exp1_solaris_0dpi_r01,lazazzara2018_cmp040,84312.71013389,area_de_pico
lazazzara2018_exp1_solaris_0dpi_r02,lazazzara2018_cmp040,94823.6385291,area_de_pico
lazazzara2018_exp1_solaris_0dpi_r03,lazazzara2018_cmp040,89412.99985776,area_de_pico
lazazzara2018_exp1_solaris_0dpi_r04,lazazzara2018_cmp040,88687.42913702,area_de_pico
lazazzara2018_exp1_solaris_0dpi_r05,lazazzara2018_cmp040,95983.00466408,area_de_pico
lazazzara2018_exp2_solaris_0dpi_r01,lazazzara2018_cmp040,118777.72154626,area_de_pico
lazazzara2018_exp2_solaris_0dpi_r02,lazazzara2018_cmp040,173428.83523851,area_de_pico
lazazzara2018_exp2_solaris_0dpi_r03,lazazzara2018_cmp040,112734.65938686,area_de_pico
lazazzara2018_exp2_solaris_0dpi_r04,lazazzara2018_cmp040,144706.03886475,area_de_pico
lazazzara2018_exp2_solaris_0dpi_r05,lazazzara2018_cmp040,171883.26751156,area_de_pico
lazazzara2018_exp1_solaris_6dpi_r01,lazazzara2018_cmp040,98346.64816554,area_de_pico
lazazzara2018_exp1_solaris_6dpi_r02,lazazzara2018_cmp040,96140.6075125,area_de_pico
lazazzara2018_exp1_solaris_6dpi_r03,lazazzara2018_cmp040,120227.99189738,area_de_pico
lazazzara2018_exp1_solaris_6dpi_r04,lazazzara2018_cmp040,87489.07504215,area_de_pico
lazazzara2018_exp1_solaris_6dpi_r05,lazazzara2018_cmp040,94547.49547201,area_de_pico
lazazzara2018_exp2_solaris_6dpi_r01,lazazzara2018_cmp040,147181.32835307,area_de_pico
lazazzara2018_exp2_solaris_6dpi_r02,lazazzara2018_cmp040,189475.066012713,area_de_pico
lazazzara2018_exp2_solaris_6dpi_r03,lazazzara2018_cmp040,143195.57744841,area_de_pico
lazazzara2018_exp2_solaris_6dpi_r04,lazazzara2018_cmp040,216959.0703109,area_de_pico
lazazzara2018_exp2_solaris_6dpi_r05,lazazzara2018_cmp040,145974.65800488,area_de_pico
lazazzara2018_exp1_pinotnoir_0dpi_r01,lazazzara2018_cmp041,8861360.34640074,area_de_pico
lazazzara2018_exp1_pinotnoir_0dpi_r02,lazazzara2018_cmp041,1143983.10078172,area_de_pico
lazazzara2018_exp1_pinotnoir_0dpi_r03,lazazzara2018_cmp041,8857668.52087884,area_de_pico
lazazzara2018_exp1_pinotnoir_0dpi_r04,lazazzara2018_cmp041,3867317.51229509,area_de_pico
lazazzara2018_exp1_pinotnoir_0dpi_r05,lazazzara2018_cmp041,2080850.03716963,area_de_pico
lazazzara2018_exp2_pinotnoir_0dpi_r01,lazazzara2018_cmp041,2084451.52405101,area_de_pico
lazazzara2018_exp2_pinotnoir_0dpi_r02,lazazzara2018_cmp041,3669810.51257744,area_de_pico
lazazzara2018_exp2_pinotnoir_0dpi_r03,lazazzara2018_cmp041,1787985.08527377,area_de_pico
lazazzara2018_exp2_pinotnoir_0dpi_r04,lazazzara2018_cmp041,927539.3396509,area_de_pico
lazazzara2018_exp2_pinotnoir_0dpi_r05,lazazzara2018_cmp041,1338627.51311248,area_de_pico
lazazzara2018_exp1_pinotnoir_6dpi_r01,lazazzara2018_cmp041,2518888.35614151,area_de_pico
lazazzara2018_exp1_pinotnoir_6dpi_r02,lazazzara2018_cmp041,3811135.60191605,area_de_pico
lazazzara2018_exp1_pinotnoir_6dpi_r03,lazazzara2018_cmp041,1199886.1081161,area_de_pico
lazazzara2018_exp1_pinotnoir_6dpi_r04,lazazzara2018_cmp041,3559079.30878393,area_de_pico
lazazzara2018_exp1_pinotnoir_6dpi_r05,lazazzara2018_cmp041,1803770.80942208,area_de_pico
lazazzara2018_exp2_pinotnoir_6dpi_r01,lazazzara2018_cmp041,1136849.894251,area_de_pico
lazazzara2018_exp2_pinotnoir_6dpi_r02,lazazzara2018_cmp041,2341337.09187059,area_de_pico
lazazzara2018_exp2_pinotnoir_6dpi_r03,lazazzara2018_cmp041,1998023.26604586,area_de_pico
lazazzara2018_exp2_pinotnoir_6dpi_r04,lazazzara2018_cmp041,2295483.45582388,area_de_pico
lazazzara2018_exp2_pinotnoir_6dpi_r05,lazazzara2018_cmp041,2266487.63177861,area_de_pico
lazazzara2018_exp1_bc4_0dpi_r01,lazazzara2018_cmp041,3674924.55754766,area_de_pico
lazazzara2018_exp1_bc4_0dpi_r02,lazazzara2018_cmp041,8860279.61181109,area_de_pico
lazazzara2018_exp1_bc4_0dpi_r03,lazazzara2018_cmp041,8631429.59788756,area_de_pico
lazazzara2018_exp1_bc4_0dpi_r04,lazazzara2018_cmp041,3477154.62850908,area_de_pico
lazazzara2018_exp1_bc4_0dpi_r05,lazazzara2018_cmp041,2780723.11404575,area_de_pico
lazazzara2018_exp2_bc4_0dpi_r01,lazazzara2018_cmp041,1086830.72945094,area_de_pico
lazazzara2018_exp2_bc4_0dpi_r02,lazazzara2018_cmp041,5187178.6758972,area_de_pico
lazazzara2018_exp2_bc4_0dpi_r03,lazazzara2018_cmp041,2154169.26813913,area_de_pico
lazazzara2018_exp2_bc4_0dpi_r04,lazazzara2018_cmp041,2535294.60459408,area_de_pico
lazazzara2018_exp2_bc4_0dpi_r05,lazazzara2018_cmp041,5171799.18692985,area_de_pico
lazazzara2018_exp1_bc4_6dpi_r01,lazazzara2018_cmp041,3257588.6363606,area_de_pico
lazazzara2018_exp1_bc4_6dpi_r02,lazazzara2018_cmp041,3731566.24921283,area_de_pico
lazazzara2018_exp1_bc4_6dpi_r03,lazazzara2018_cmp041,2353038.14708476,area_de_pico
lazazzara2018_exp1_bc4_6dpi_r04,lazazzara2018_cmp041,3844630.41710483,area_de_pico
lazazzara2018_exp1_bc4_6dpi_r05,lazazzara2018_cmp041,1982536.72760439,area_de_pico
lazazzara2018_exp2_bc4_6dpi_r01,lazazzara2018_cmp041,2063683.05197704,area_de_pico
lazazzara2018_exp2_bc4_6dpi_r02,lazazzara2018_cmp041,7277315.53410437,area_de_pico
lazazzara2018_exp2_bc4_6dpi_r03,lazazzara2018_cmp041,2788526.17835574,area_de_pico
lazazzara2018_exp2_bc4_6dpi_r04,lazazzara2018_cmp041,3427348.9227807,area_de_pico
lazazzara2018_exp2_bc4_6dpi_r05,lazazzara2018_cmp041,2370316.85712239,area_de_pico
lazazzara2018_exp1_k5bb_0dpi_r01,lazazzara2018_cmp041,7473032.69563916,area_de_pico
lazazzara2018_exp1_k5bb_0dpi_r02,lazazzara2018_cmp041,8144271.64308699,area_de_pico
lazazzara2018_exp1_k5bb_0dpi_r03,lazazzara2018_cmp041,6269311.49861451,area_de_pico
lazazzara2018_exp1_k5bb_0dpi_r04,lazazzara2018_cmp041,3663492.52032475,area_de_pico
lazazzara2018_exp1_k5bb_0dpi_r05,lazazzara2018_cmp041,8515737.12813751,area_de_pico
lazazzara2018_exp2_k5bb_0dpi_r01,lazazzara2018_cmp041,4576075.84023945,area_de_pico
lazazzara2018_exp2_k5bb_0dpi_r02,lazazzara2018_cmp041,5364357.11237372,area_de_pico
lazazzara2018_exp2_k5bb_0dpi_r03,lazazzara2018_cmp041,3195405.83116583,area_de_pico
lazazzara2018_exp2_k5bb_0dpi_r04,lazazzara2018_cmp041,8567623.29974304,area_de_pico
lazazzara2018_exp2_k5bb_0dpi_r05,lazazzara2018_cmp041,1525008.92030576,area_de_pico
lazazzara2018_exp1_k5bb_6dpi_r01,lazazzara2018_cmp041,6279286.79394869,area_de_pico
lazazzara2018_exp1_k5bb_6dpi_r02,lazazzara2018_cmp041,5261346.95787212,area_de_pico
lazazzara2018_exp1_k5bb_6dpi_r04,lazazzara2018_cmp041,6050327.89528383,area_de_pico
lazazzara2018_exp2_k5bb_6dpi_r01,lazazzara2018_cmp041,3395647.61484474,area_de_pico
lazazzara2018_exp2_k5bb_6dpi_r02,lazazzara2018_cmp041,9626199.61267889,area_de_pico
lazazzara2018_exp2_k5bb_6dpi_r03,lazazzara2018_cmp041,4068452.34044816,area_de_pico
lazazzara2018_exp2_k5bb_6dpi_r04,lazazzara2018_cmp041,2640265.02475569,area_de_pico
lazazzara2018_exp2_k5bb_6dpi_r05,lazazzara2018_cmp041,1556301.17037128,area_de_pico
lazazzara2018_exp1_so4_0dpi_r01,lazazzara2018_cmp041,5659473.23622209,area_de_pico
lazazzara2018_exp1_so4_0dpi_r02,lazazzara2018_cmp041,12476694.0190663,area_de_pico
lazazzara2018_exp1_so4_0dpi_r03,lazazzara2018_cmp041,4191662.66124983,area_de_pico
lazazzara2018_exp1_so4_0dpi_r04,lazazzara2018_cmp041,6839061.84916701,area_de_pico
lazazzara2018_exp1_so4_0dpi_r05,lazazzara2018_cmp041,9432412.11488447,area_de_pico
lazazzara2018_exp2_so4_0dpi_r01,lazazzara2018_cmp041,2881714.9908218,area_de_pico
lazazzara2018_exp2_so4_0dpi_r02,lazazzara2018_cmp041,8445586.72839576,area_de_pico
lazazzara2018_exp2_so4_0dpi_r03,lazazzara2018_cmp041,3762019.016684,area_de_pico
lazazzara2018_exp2_so4_0dpi_r04,lazazzara2018_cmp041,2295102.70445445,area_de_pico
lazazzara2018_exp2_so4_0dpi_r05,lazazzara2018_cmp041,3083322.50292739,area_de_pico
lazazzara2018_exp1_so4_6dpi_r01,lazazzara2018_cmp041,5090203.21734128,area_de_pico
lazazzara2018_exp1_so4_6dpi_r02,lazazzara2018_cmp041,9272560.69344352,area_de_pico
lazazzara2018_exp1_so4_6dpi_r03,lazazzara2018_cmp041,4473390.59406717,area_de_pico
lazazzara2018_exp1_so4_6dpi_r04,lazazzara2018_cmp041,3240220.65443742,area_de_pico
lazazzara2018_exp1_so4_6dpi_r05,lazazzara2018_cmp041,2943111.34781029,area_de_pico
lazazzara2018_exp2_so4_6dpi_r01,lazazzara2018_cmp041,2005048.6601419,area_de_pico
lazazzara2018_exp2_so4_6dpi_r02,lazazzara2018_cmp041,2270222.80108183,area_de_pico
lazazzara2018_exp2_so4_6dpi_r03,lazazzara2018_cmp041,1261332.74657827,area_de_pico
lazazzara2018_exp2_so4_6dpi_r04,lazazzara2018_cmp041,4467186.24552087,area_de_pico
lazazzara2018_exp2_so4_6dpi_r05,lazazzara2018_cmp041,675322.8260124,area_de_pico
lazazzara2018_exp1_solaris_0dpi_r01,lazazzara2018_cmp041,9874056.5696562,area_de_pico
lazazzara2018_exp1_solaris_0dpi_r02,lazazzara2018_cmp041,4985789.03920178,area_de_pico
lazazzara2018_exp1_solaris_0dpi_r03,lazazzara2018_cmp041,6536932.24012014,area_de_pico
lazazzara2018_exp1_solaris_0dpi_r04,lazazzara2018_cmp041,4217937.04480152,area_de_pico
lazazzara2018_exp1_solaris_0dpi_r05,lazazzara2018_cmp041,3441962.28349953,area_de_pico
lazazzara2018_exp2_solaris_0dpi_r01,lazazzara2018_cmp041,1821724.33028712,area_de_pico
lazazzara2018_exp2_solaris_0dpi_r02,lazazzara2018_cmp041,4673886.15670758,area_de_pico
lazazzara2018_exp2_solaris_0dpi_r03,lazazzara2018_cmp041,1717739.6537358,area_de_pico
lazazzara2018_exp2_solaris_0dpi_r04,lazazzara2018_cmp041,5845233.66716465,area_de_pico
lazazzara2018_exp2_solaris_0dpi_r05,lazazzara2018_cmp041,5574482.09001783,area_de_pico
lazazzara2018_exp1_solaris_6dpi_r01,lazazzara2018_cmp041,6848577.9409888,area_de_pico
lazazzara2018_exp1_solaris_6dpi_r02,lazazzara2018_cmp041,5469492.38927912,area_de_pico
lazazzara2018_exp1_solaris_6dpi_r03,lazazzara2018_cmp041,6116956.16866517,area_de_pico
lazazzara2018_exp1_solaris_6dpi_r04,lazazzara2018_cmp041,5331931.65969092,area_de_pico
lazazzara2018_exp1_solaris_6dpi_r05,lazazzara2018_cmp041,6828165.93116056,area_de_pico
lazazzara2018_exp2_solaris_6dpi_r01,lazazzara2018_cmp041,7544078.37240447,area_de_pico
lazazzara2018_exp2_solaris_6dpi_r02,lazazzara2018_cmp041,7134288.90834289,area_de_pico
lazazzara2018_exp2_solaris_6dpi_r03,lazazzara2018_cmp041,4574687.97552125,area_de_pico
lazazzara2018_exp2_solaris_6dpi_r04,lazazzara2018_cmp041,6399804.04670841,area_de_pico
lazazzara2018_exp2_solaris_6dpi_r05,lazazzara2018_cmp041,6995115.81115077,area_de_pico
lazazzara2018_exp1_pinotnoir_0dpi_r01,lazazzara2018_cmp042,116182.12291317,area_de_pico
lazazzara2018_exp1_pinotnoir_0dpi_r02,lazazzara2018_cmp042,199312.0,area_de_pico
lazazzara2018_exp1_pinotnoir_0dpi_r03,lazazzara2018_cmp042,1199604.54695876,area_de_pico
lazazzara2018_exp1_pinotnoir_0dpi_r04,lazazzara2018_cmp042,1009076.65210345,area_de_pico
lazazzara2018_exp1_pinotnoir_0dpi_r05,lazazzara2018_cmp042,216021.40469578,area_de_pico
lazazzara2018_exp2_pinotnoir_0dpi_r01,lazazzara2018_cmp042,24541.89547399,area_de_pico
lazazzara2018_exp2_pinotnoir_0dpi_r02,lazazzara2018_cmp042,357036.82325264,area_de_pico
lazazzara2018_exp2_pinotnoir_0dpi_r03,lazazzara2018_cmp042,172493.258569763,area_de_pico
lazazzara2018_exp2_pinotnoir_0dpi_r04,lazazzara2018_cmp042,42240.94992548,area_de_pico
lazazzara2018_exp2_pinotnoir_0dpi_r05,lazazzara2018_cmp042,46850.672725857,area_de_pico
lazazzara2018_exp1_pinotnoir_6dpi_r01,lazazzara2018_cmp042,387067.19101655,area_de_pico
lazazzara2018_exp1_pinotnoir_6dpi_r02,lazazzara2018_cmp042,177104.862176229,area_de_pico
lazazzara2018_exp1_pinotnoir_6dpi_r03,lazazzara2018_cmp042,13470.0,area_de_pico
lazazzara2018_exp1_pinotnoir_6dpi_r04,lazazzara2018_cmp042,229480.20392676,area_de_pico
lazazzara2018_exp1_pinotnoir_6dpi_r05,lazazzara2018_cmp042,312694.0,area_de_pico
lazazzara2018_exp2_pinotnoir_6dpi_r01,lazazzara2018_cmp042,14020.0132035,area_de_pico
lazazzara2018_exp2_pinotnoir_6dpi_r02,lazazzara2018_cmp042,13534.100018004,area_de_pico
lazazzara2018_exp2_pinotnoir_6dpi_r03,lazazzara2018_cmp042,35442.318097446,area_de_pico
lazazzara2018_exp2_pinotnoir_6dpi_r04,lazazzara2018_cmp042,8271.9638166,area_de_pico
lazazzara2018_exp2_pinotnoir_6dpi_r05,lazazzara2018_cmp042,193670.651305052,area_de_pico
lazazzara2018_exp1_bc4_0dpi_r01,lazazzara2018_cmp042,814592.205826865,area_de_pico
lazazzara2018_exp1_bc4_0dpi_r02,lazazzara2018_cmp042,368895.11223456,area_de_pico
lazazzara2018_exp1_bc4_0dpi_r03,lazazzara2018_cmp042,2327283.12614006,area_de_pico
lazazzara2018_exp1_bc4_0dpi_r04,lazazzara2018_cmp042,188999.90888796,area_de_pico
lazazzara2018_exp1_bc4_0dpi_r05,lazazzara2018_cmp042,1417831.36040277,area_de_pico
lazazzara2018_exp2_bc4_0dpi_r01,lazazzara2018_cmp042,56698.9189873,area_de_pico
lazazzara2018_exp2_bc4_0dpi_r02,lazazzara2018_cmp042,78273.62713352,area_de_pico
lazazzara2018_exp2_bc4_0dpi_r03,lazazzara2018_cmp042,2356.40054397,area_de_pico
lazazzara2018_exp2_bc4_0dpi_r04,lazazzara2018_cmp042,8769.29266194,area_de_pico
lazazzara2018_exp2_bc4_0dpi_r05,lazazzara2018_cmp042,78016.50210044,area_de_pico
lazazzara2018_exp1_bc4_6dpi_r01,lazazzara2018_cmp042,1772191.14206195,area_de_pico
lazazzara2018_exp1_bc4_6dpi_r02,lazazzara2018_cmp042,273748.0,area_de_pico
lazazzara2018_exp1_bc4_6dpi_r03,lazazzara2018_cmp042,957016.24389135,area_de_pico
lazazzara2018_exp1_bc4_6dpi_r04,lazazzara2018_cmp042,1525100.83338676,area_de_pico
lazazzara2018_exp1_bc4_6dpi_r05,lazazzara2018_cmp042,552229.62380928,area_de_pico
lazazzara2018_exp2_bc4_6dpi_r01,lazazzara2018_cmp042,464041.24407172,area_de_pico
lazazzara2018_exp2_bc4_6dpi_r02,lazazzara2018_cmp042,100044.538808302,area_de_pico
lazazzara2018_exp2_bc4_6dpi_r03,lazazzara2018_cmp042,222456.099044188,area_de_pico
lazazzara2018_exp2_bc4_6dpi_r04,lazazzara2018_cmp042,22440.142439019,area_de_pico
lazazzara2018_exp2_bc4_6dpi_r05,lazazzara2018_cmp042,201042.52861828,area_de_pico
lazazzara2018_exp1_k5bb_0dpi_r01,lazazzara2018_cmp042,2463254.64397021,area_de_pico
lazazzara2018_exp1_k5bb_0dpi_r02,lazazzara2018_cmp042,1269863.0,area_de_pico
lazazzara2018_exp1_k5bb_0dpi_r03,lazazzara2018_cmp042,111175.0,area_de_pico
lazazzara2018_exp1_k5bb_0dpi_r04,lazazzara2018_cmp042,56990.0,area_de_pico
lazazzara2018_exp1_k5bb_0dpi_r05,lazazzara2018_cmp042,2142983.04790025,area_de_pico
lazazzara2018_exp2_k5bb_0dpi_r01,lazazzara2018_cmp042,345965.655491269,area_de_pico
lazazzara2018_exp2_k5bb_0dpi_r02,lazazzara2018_cmp042,91543.137803212,area_de_pico
lazazzara2018_exp2_k5bb_0dpi_r03,lazazzara2018_cmp042,35899.448181155,area_de_pico
lazazzara2018_exp2_k5bb_0dpi_r04,lazazzara2018_cmp042,154730.95251435,area_de_pico
lazazzara2018_exp2_k5bb_0dpi_r05,lazazzara2018_cmp042,70148.928788634,area_de_pico
lazazzara2018_exp1_k5bb_6dpi_r01,lazazzara2018_cmp042,146071.0,area_de_pico
lazazzara2018_exp1_k5bb_6dpi_r02,lazazzara2018_cmp042,1144708.87032447,area_de_pico
lazazzara2018_exp1_k5bb_6dpi_r04,lazazzara2018_cmp042,1769954.54965248,area_de_pico
lazazzara2018_exp2_k5bb_6dpi_r01,lazazzara2018_cmp042,504328.167975048,area_de_pico
lazazzara2018_exp2_k5bb_6dpi_r02,lazazzara2018_cmp042,714750.558141962,area_de_pico
lazazzara2018_exp2_k5bb_6dpi_r03,lazazzara2018_cmp042,128209.89668134,area_de_pico
lazazzara2018_exp2_k5bb_6dpi_r04,lazazzara2018_cmp042,105548.946819114,area_de_pico
lazazzara2018_exp2_k5bb_6dpi_r05,lazazzara2018_cmp042,4133.723043144,area_de_pico
lazazzara2018_exp1_so4_0dpi_r01,lazazzara2018_cmp042,1514053.2389115,area_de_pico
lazazzara2018_exp1_so4_0dpi_r02,lazazzara2018_cmp042,1700923.74380691,area_de_pico
lazazzara2018_exp1_so4_0dpi_r03,lazazzara2018_cmp042,1631616.25196035,area_de_pico
lazazzara2018_exp1_so4_0dpi_r04,lazazzara2018_cmp042,761915.91904212,area_de_pico
lazazzara2018_exp1_so4_0dpi_r05,lazazzara2018_cmp042,1274105.97565152,area_de_pico
lazazzara2018_exp2_so4_0dpi_r01,lazazzara2018_cmp042,208569.214764316,area_de_pico
lazazzara2018_exp2_so4_0dpi_r02,lazazzara2018_cmp042,262340.838580741,area_de_pico
lazazzara2018_exp2_so4_0dpi_r03,lazazzara2018_cmp042,5696.260915512,area_de_pico
lazazzara2018_exp2_so4_0dpi_r04,lazazzara2018_cmp042,618877.25120116,area_de_pico
lazazzara2018_exp2_so4_0dpi_r05,lazazzara2018_cmp042,95383.50905791,area_de_pico
lazazzara2018_exp1_so4_6dpi_r01,lazazzara2018_cmp042,101497.0,area_de_pico
lazazzara2018_exp1_so4_6dpi_r02,lazazzara2018_cmp042,1065704.37669676,area_de_pico
lazazzara2018_exp1_so4_6dpi_r03,lazazzara2018_cmp042,1652466.1324848,area_de_pico
lazazzara2018_exp1_so4_6dpi_r04,lazazzara2018_cmp042,80150.0,area_de_pico
lazazzara2018_exp1_so4_6dpi_r05,lazazzara2018_cmp042,685569.814285965,area_de_pico
lazazzara2018_exp2_so4_6dpi_r01,lazazzara2018_cmp042,316018.839944267,area_de_pico
lazazzara2018_exp2_so4_6dpi_r02,lazazzara2018_cmp042,232596.610748255,area_de_pico
lazazzara2018_exp2_so4_6dpi_r03,lazazzara2018_cmp042,17046.5566031,area_de_pico
lazazzara2018_exp2_so4_6dpi_r04,lazazzara2018_cmp042,156589.382706854,area_de_pico
lazazzara2018_exp2_so4_6dpi_r05,lazazzara2018_cmp042,97978.954035741,area_de_pico
lazazzara2018_exp1_solaris_0dpi_r01,lazazzara2018_cmp042,3479313.59258384,area_de_pico
lazazzara2018_exp1_solaris_0dpi_r02,lazazzara2018_cmp042,1336167.38082509,area_de_pico
lazazzara2018_exp1_solaris_0dpi_r03,lazazzara2018_cmp042,830173.885269489,area_de_pico
lazazzara2018_exp1_solaris_0dpi_r04,lazazzara2018_cmp042,192450.97407201,area_de_pico
lazazzara2018_exp1_solaris_0dpi_r05,lazazzara2018_cmp042,595214.381814861,area_de_pico
lazazzara2018_exp2_solaris_0dpi_r01,lazazzara2018_cmp042,240687.335690058,area_de_pico
lazazzara2018_exp2_solaris_0dpi_r02,lazazzara2018_cmp042,219565.112897852,area_de_pico
lazazzara2018_exp2_solaris_0dpi_r03,lazazzara2018_cmp042,565661.767398049,area_de_pico
lazazzara2018_exp2_solaris_0dpi_r04,lazazzara2018_cmp042,72992.471198952,area_de_pico
lazazzara2018_exp2_solaris_0dpi_r05,lazazzara2018_cmp042,364561.711281522,area_de_pico
lazazzara2018_exp1_solaris_6dpi_r01,lazazzara2018_cmp042,1205297.25948705,area_de_pico
lazazzara2018_exp1_solaris_6dpi_r02,lazazzara2018_cmp042,1227979.548053,area_de_pico
lazazzara2018_exp1_solaris_6dpi_r03,lazazzara2018_cmp042,1050459.34552258,area_de_pico
lazazzara2018_exp1_solaris_6dpi_r04,lazazzara2018_cmp042,728262.712889974,area_de_pico
lazazzara2018_exp1_solaris_6dpi_r05,lazazzara2018_cmp042,1097111.33144863,area_de_pico
lazazzara2018_exp2_solaris_6dpi_r01,lazazzara2018_cmp042,234284.956099419,area_de_pico
lazazzara2018_exp2_solaris_6dpi_r02,lazazzara2018_cmp042,17389.778556139,area_de_pico
lazazzara2018_exp2_solaris_6dpi_r03,lazazzara2018_cmp042,303363.660648615,area_de_pico
lazazzara2018_exp2_solaris_6dpi_r04,lazazzara2018_cmp042,488536.837973066,area_de_pico
lazazzara2018_exp2_solaris_6dpi_r05,lazazzara2018_cmp042,294240.984193472,area_de_pico
lazazzara2018_exp1_pinotnoir_0dpi_r01,lazazzara2018_cmp043,22559.0,area_de_pico
lazazzara2018_exp1_pinotnoir_0dpi_r02,lazazzara2018_cmp043,11885.4041890429,area_de_pico
lazazzara2018_exp1_pinotnoir_0dpi_r03,lazazzara2018_cmp043,16059.0,area_de_pico
lazazzara2018_exp1_pinotnoir_0dpi_r04,lazazzara2018_cmp043,38925.0,area_de_pico
lazazzara2018_exp1_pinotnoir_0dpi_r05,lazazzara2018_cmp043,6448.0,area_de_pico
lazazzara2018_exp2_pinotnoir_0dpi_r01,lazazzara2018_cmp043,9667.6740223,area_de_pico
lazazzara2018_exp2_pinotnoir_0dpi_r02,lazazzara2018_cmp043,31122.646817171,area_de_pico
lazazzara2018_exp2_pinotnoir_0dpi_r03,lazazzara2018_cmp043,21556.0210672,area_de_pico
lazazzara2018_exp2_pinotnoir_0dpi_r04,lazazzara2018_cmp043,917.445892159,area_de_pico
lazazzara2018_exp2_pinotnoir_0dpi_r05,lazazzara2018_cmp043,14919.587934046,area_de_pico
lazazzara2018_exp1_pinotnoir_6dpi_r01,lazazzara2018_cmp043,2564.87301528492,area_de_pico
lazazzara2018_exp1_pinotnoir_6dpi_r02,lazazzara2018_cmp043,9939.0,area_de_pico
lazazzara2018_exp1_pinotnoir_6dpi_r03,lazazzara2018_cmp043,18442.0,area_de_pico
lazazzara2018_exp1_pinotnoir_6dpi_r04,lazazzara2018_cmp043,46868.13536294,area_de_pico
lazazzara2018_exp1_pinotnoir_6dpi_r05,lazazzara2018_cmp043,18441.712754576,area_de_pico
lazazzara2018_exp2_pinotnoir_6dpi_r01,lazazzara2018_cmp043,2399.92658532,area_de_pico
lazazzara2018_exp2_pinotnoir_6dpi_r02,lazazzara2018_cmp043,18113.61852308,area_de_pico
lazazzara2018_exp2_pinotnoir_6dpi_r03,lazazzara2018_cmp043,12339.33309507,area_de_pico
lazazzara2018_exp2_pinotnoir_6dpi_r04,lazazzara2018_cmp043,9101.67594769,area_de_pico
lazazzara2018_exp2_pinotnoir_6dpi_r05,lazazzara2018_cmp043,15096.446655726,area_de_pico
lazazzara2018_exp1_bc4_0dpi_r01,lazazzara2018_cmp043,10487.0,area_de_pico
lazazzara2018_exp1_bc4_0dpi_r02,lazazzara2018_cmp043,72858.0,area_de_pico
lazazzara2018_exp1_bc4_0dpi_r03,lazazzara2018_cmp043,29034.0,area_de_pico
lazazzara2018_exp1_bc4_0dpi_r04,lazazzara2018_cmp043,29762.89763312,area_de_pico
lazazzara2018_exp1_bc4_0dpi_r05,lazazzara2018_cmp043,16629.13187136,area_de_pico
lazazzara2018_exp2_bc4_0dpi_r01,lazazzara2018_cmp043,6342.87809718,area_de_pico
lazazzara2018_exp2_bc4_0dpi_r02,lazazzara2018_cmp043,33438.95592658,area_de_pico
lazazzara2018_exp2_bc4_0dpi_r03,lazazzara2018_cmp043,5396.68382742,area_de_pico
lazazzara2018_exp2_bc4_0dpi_r04,lazazzara2018_cmp043,22716.140425878,area_de_pico
lazazzara2018_exp2_bc4_0dpi_r05,lazazzara2018_cmp043,34757.36683248,area_de_pico
lazazzara2018_exp1_bc4_6dpi_r01,lazazzara2018_cmp043,43627.0,area_de_pico
lazazzara2018_exp1_bc4_6dpi_r02,lazazzara2018_cmp043,22955.0,area_de_pico
lazazzara2018_exp1_bc4_6dpi_r03,lazazzara2018_cmp043,31489.0,area_de_pico
lazazzara2018_exp1_bc4_6dpi_r04,lazazzara2018_cmp043,45590.0,area_de_pico
lazazzara2018_exp1_bc4_6dpi_r05,lazazzara2018_cmp043,3690.0,area_de_pico
lazazzara2018_exp2_bc4_6dpi_r01,lazazzara2018_cmp043,24219.57602476,area_de_pico
lazazzara2018_exp2_bc4_6dpi_r02,lazazzara2018_cmp043,65828.63603362,area_de_pico
lazazzara2018_exp2_bc4_6dpi_r03,lazazzara2018_cmp043,36334.96627185,area_de_pico
lazazzara2018_exp2_bc4_6dpi_r04,lazazzara2018_cmp043,42231.7410057,area_de_pico
lazazzara2018_exp2_bc4_6dpi_r05,lazazzara2018_cmp043,38683.716597208,area_de_pico
lazazzara2018_exp1_k5bb_0dpi_r01,lazazzara2018_cmp043,28695.0,area_de_pico
lazazzara2018_exp1_k5bb_0dpi_r02,lazazzara2018_cmp043,15795.0,area_de_pico
lazazzara2018_exp1_k5bb_0dpi_r03,lazazzara2018_cmp043,18833.69243668,area_de_pico
lazazzara2018_exp1_k5bb_0dpi_r04,lazazzara2018_cmp043,50840.0,area_de_pico
lazazzara2018_exp1_k5bb_0dpi_r05,lazazzara2018_cmp043,12836.0,area_de_pico
lazazzara2018_exp2_k5bb_0dpi_r01,lazazzara2018_cmp043,133110.23744229,area_de_pico
lazazzara2018_exp2_k5bb_0dpi_r02,lazazzara2018_cmp043,100710.776391005,area_de_pico
lazazzara2018_exp2_k5bb_0dpi_r03,lazazzara2018_cmp043,55890.648426053,area_de_pico
lazazzara2018_exp2_k5bb_0dpi_r04,lazazzara2018_cmp043,239010.71851864,area_de_pico
lazazzara2018_exp2_k5bb_0dpi_r05,lazazzara2018_cmp043,166713.53825752,area_de_pico
lazazzara2018_exp1_k5bb_6dpi_r01,lazazzara2018_cmp043,13004.0,area_de_pico
lazazzara2018_exp1_k5bb_6dpi_r02,lazazzara2018_cmp043,34999.0,area_de_pico
lazazzara2018_exp1_k5bb_6dpi_r04,lazazzara2018_cmp043,13998.0,area_de_pico
lazazzara2018_exp2_k5bb_6dpi_r01,lazazzara2018_cmp043,94965.20617348,area_de_pico
lazazzara2018_exp2_k5bb_6dpi_r02,lazazzara2018_cmp043,350788.509825562,area_de_pico
lazazzara2018_exp2_k5bb_6dpi_r03,lazazzara2018_cmp043,155202.34111017,area_de_pico
lazazzara2018_exp2_k5bb_6dpi_r04,lazazzara2018_cmp043,123690.63027526,area_de_pico
lazazzara2018_exp2_k5bb_6dpi_r05,lazazzara2018_cmp043,30292.88342424,area_de_pico
lazazzara2018_exp1_so4_0dpi_r01,lazazzara2018_cmp043,69569.65930321,area_de_pico
lazazzara2018_exp1_so4_0dpi_r02,lazazzara2018_cmp043,141059.0,area_de_pico
lazazzara2018_exp1_so4_0dpi_r03,lazazzara2018_cmp043,39662.0,area_de_pico
lazazzara2018_exp1_so4_0dpi_r04,lazazzara2018_cmp043,66411.0,area_de_pico
lazazzara2018_exp1_so4_0dpi_r05,lazazzara2018_cmp043,120859.48715692,area_de_pico
lazazzara2018_exp2_so4_0dpi_r01,lazazzara2018_cmp043,23392.4251367,area_de_pico
lazazzara2018_exp2_so4_0dpi_r02,lazazzara2018_cmp043,96760.875478205,area_de_pico
lazazzara2018_exp2_so4_0dpi_r03,lazazzara2018_cmp043,37660.61300517,area_de_pico
lazazzara2018_exp2_so4_0dpi_r04,lazazzara2018_cmp043,45411.11541363,area_de_pico
lazazzara2018_exp2_so4_0dpi_r05,lazazzara2018_cmp043,16733.4652393,area_de_pico
lazazzara2018_exp1_so4_6dpi_r01,lazazzara2018_cmp043,63773.0,area_de_pico
lazazzara2018_exp1_so4_6dpi_r02,lazazzara2018_cmp043,43992.0,area_de_pico
lazazzara2018_exp1_so4_6dpi_r03,lazazzara2018_cmp043,40957.0,area_de_pico
lazazzara2018_exp1_so4_6dpi_r04,lazazzara2018_cmp043,59206.0,area_de_pico
lazazzara2018_exp1_so4_6dpi_r05,lazazzara2018_cmp043,26976.0,area_de_pico
lazazzara2018_exp2_so4_6dpi_r01,lazazzara2018_cmp043,15758.79303581,area_de_pico
lazazzara2018_exp2_so4_6dpi_r02,lazazzara2018_cmp043,35078.56614193,area_de_pico
lazazzara2018_exp2_so4_6dpi_r03,lazazzara2018_cmp043,4507.571779356,area_de_pico
lazazzara2018_exp2_so4_6dpi_r04,lazazzara2018_cmp043,37645.59318398,area_de_pico
lazazzara2018_exp2_so4_6dpi_r05,lazazzara2018_cmp043,5438.7076638,area_de_pico
lazazzara2018_exp1_solaris_0dpi_r01,lazazzara2018_cmp043,108856.0,area_de_pico
lazazzara2018_exp1_solaris_0dpi_r02,lazazzara2018_cmp043,51812.0,area_de_pico
lazazzara2018_exp1_solaris_0dpi_r03,lazazzara2018_cmp043,57594.0,area_de_pico
lazazzara2018_exp1_solaris_0dpi_r04,lazazzara2018_cmp043,21898.0,area_de_pico
lazazzara2018_exp1_solaris_0dpi_r05,lazazzara2018_cmp043,35398.033761054,area_de_pico
lazazzara2018_exp2_solaris_0dpi_r01,lazazzara2018_cmp043,15798.30969101,area_de_pico
lazazzara2018_exp2_solaris_0dpi_r02,lazazzara2018_cmp043,35122.955228462,area_de_pico
lazazzara2018_exp2_solaris_0dpi_r03,lazazzara2018_cmp043,9388.950584,area_de_pico
lazazzara2018_exp2_solaris_0dpi_r04,lazazzara2018_cmp043,56942.86365078,area_de_pico
lazazzara2018_exp2_solaris_0dpi_r05,lazazzara2018_cmp043,46995.049021952,area_de_pico
lazazzara2018_exp1_solaris_6dpi_r01,lazazzara2018_cmp043,11886.0,area_de_pico
lazazzara2018_exp1_solaris_6dpi_r02,lazazzara2018_cmp043,86035.0,area_de_pico
lazazzara2018_exp1_solaris_6dpi_r03,lazazzara2018_cmp043,71629.0,area_de_pico
lazazzara2018_exp1_solaris_6dpi_r04,lazazzara2018_cmp043,80649.0,area_de_pico
lazazzara2018_exp1_solaris_6dpi_r05,lazazzara2018_cmp043,84325.0,area_de_pico
lazazzara2018_exp2_solaris_6dpi_r01,lazazzara2018_cmp043,51492.05472513,area_de_pico
lazazzara2018_exp2_solaris_6dpi_r02,lazazzara2018_cmp043,66651.37502341,area_de_pico
lazazzara2018_exp2_solaris_6dpi_r03,lazazzara2018_cmp043,33873.55552991,area_de_pico
lazazzara2018_exp2_solaris_6dpi_r04,lazazzara2018_cmp043,43989.86814841,area_de_pico
lazazzara2018_exp2_solaris_6dpi_r05,lazazzara2018_cmp043,46690.950245193,area_de_pico
lazazzara2018_exp1_pinotnoir_0dpi_r01,lazazzara2018_cmp044,188173.363980307,area_de_pico
lazazzara2018_exp1_pinotnoir_0dpi_r02,lazazzara2018_cmp044,54968.6535551599,area_de_pico
lazazzara2018_exp1_pinotnoir_0dpi_r03,lazazzara2018_cmp044,138885.946238041,area_de_pico
lazazzara2018_exp1_pinotnoir_0dpi_r04,lazazzara2018_cmp044,92260.720737692,area_de_pico
lazazzara2018_exp1_pinotnoir_0dpi_r05,lazazzara2018_cmp044,37325.704480567,area_de_pico
lazazzara2018_exp2_pinotnoir_0dpi_r01,lazazzara2018_cmp044,30609.275354228,area_de_pico
lazazzara2018_exp2_pinotnoir_0dpi_r02,lazazzara2018_cmp044,50849.3892006418,area_de_pico
lazazzara2018_exp2_pinotnoir_0dpi_r03,lazazzara2018_cmp044,33735.1529543704,area_de_pico
lazazzara2018_exp2_pinotnoir_0dpi_r04,lazazzara2018_cmp044,23800.703170637,area_de_pico
lazazzara2018_exp2_pinotnoir_0dpi_r05,lazazzara2018_cmp044,24266.5385219444,area_de_pico
lazazzara2018_exp1_pinotnoir_6dpi_r01,lazazzara2018_cmp044,56598.627105371,area_de_pico
lazazzara2018_exp1_pinotnoir_6dpi_r02,lazazzara2018_cmp044,55164.6252509435,area_de_pico
lazazzara2018_exp1_pinotnoir_6dpi_r03,lazazzara2018_cmp044,39792.0328697635,area_de_pico
lazazzara2018_exp1_pinotnoir_6dpi_r04,lazazzara2018_cmp044,64592.5826268625,area_de_pico
lazazzara2018_exp1_pinotnoir_6dpi_r05,lazazzara2018_cmp044,28705.620837624,area_de_pico
lazazzara2018_exp2_pinotnoir_6dpi_r01,lazazzara2018_cmp044,22624.4045687279,area_de_pico
lazazzara2018_exp2_pinotnoir_6dpi_r02,lazazzara2018_cmp044,22949.4162573632,area_de_pico
lazazzara2018_exp2_pinotnoir_6dpi_r03,lazazzara2018_cmp044,30306.8057972548,area_de_pico
lazazzara2018_exp2_pinotnoir_6dpi_r04,lazazzara2018_cmp044,51177.3541008827,area_de_pico
lazazzara2018_exp2_pinotnoir_6dpi_r05,lazazzara2018_cmp044,36257.3461239122,area_de_pico
lazazzara2018_exp1_bc4_0dpi_r01,lazazzara2018_cmp044,24789.565011002,area_de_pico
lazazzara2018_exp1_bc4_0dpi_r02,lazazzara2018_cmp044,80184.148298337,area_de_pico
lazazzara2018_exp1_bc4_0dpi_r03,lazazzara2018_cmp044,170458.536974487,area_de_pico
lazazzara2018_exp1_bc4_0dpi_r04,lazazzara2018_cmp044,18851.887346403,area_de_pico
lazazzara2018_exp1_bc4_0dpi_r05,lazazzara2018_cmp044,30018.76533858,area_de_pico
lazazzara2018_exp2_bc4_0dpi_r01,lazazzara2018_cmp044,8445.52282074,area_de_pico
lazazzara2018_exp2_bc4_0dpi_r02,lazazzara2018_cmp044,33897.126663956,area_de_pico
lazazzara2018_exp2_bc4_0dpi_r03,lazazzara2018_cmp044,12033.5046818701,area_de_pico
lazazzara2018_exp2_bc4_0dpi_r04,lazazzara2018_cmp044,26402.4852626855,area_de_pico
lazazzara2018_exp2_bc4_0dpi_r05,lazazzara2018_cmp044,47105.1073923429,area_de_pico
lazazzara2018_exp1_bc4_6dpi_r01,lazazzara2018_cmp044,15058.422865956,area_de_pico
lazazzara2018_exp1_bc4_6dpi_r02,lazazzara2018_cmp044,36386.1143101252,area_de_pico
lazazzara2018_exp1_bc4_6dpi_r03,lazazzara2018_cmp044,9242.942620337,area_de_pico
lazazzara2018_exp1_bc4_6dpi_r04,lazazzara2018_cmp044,47819.914990822,area_de_pico
lazazzara2018_exp1_bc4_6dpi_r05,lazazzara2018_cmp044,43845.4409056,area_de_pico
lazazzara2018_exp2_bc4_6dpi_r01,lazazzara2018_cmp044,33116.651666882,area_de_pico
lazazzara2018_exp2_bc4_6dpi_r02,lazazzara2018_cmp044,54030.6837183498,area_de_pico
lazazzara2018_exp2_bc4_6dpi_r03,lazazzara2018_cmp044,35042.2001979478,area_de_pico
lazazzara2018_exp2_bc4_6dpi_r04,lazazzara2018_cmp044,29952.864601351,area_de_pico
lazazzara2018_exp2_bc4_6dpi_r05,lazazzara2018_cmp044,32220.15552953,area_de_pico
lazazzara2018_exp1_k5bb_0dpi_r01,lazazzara2018_cmp044,230082.05848074,area_de_pico
lazazzara2018_exp1_k5bb_0dpi_r02,lazazzara2018_cmp044,177736.073596377,area_de_pico
lazazzara2018_exp1_k5bb_0dpi_r03,lazazzara2018_cmp044,132280.174181166,area_de_pico
lazazzara2018_exp1_k5bb_0dpi_r04,lazazzara2018_cmp044,97177.0767539278,area_de_pico
lazazzara2018_exp1_k5bb_0dpi_r05,lazazzara2018_cmp044,216837.443773675,area_de_pico
lazazzara2018_exp2_k5bb_0dpi_r01,lazazzara2018_cmp044,86958.9721159561,area_de_pico
lazazzara2018_exp2_k5bb_0dpi_r02,lazazzara2018_cmp044,51673.026035172,area_de_pico
lazazzara2018_exp2_k5bb_0dpi_r03,lazazzara2018_cmp044,40842.7932289964,area_de_pico
lazazzara2018_exp2_k5bb_0dpi_r04,lazazzara2018_cmp044,136787.600342543,area_de_pico
lazazzara2018_exp2_k5bb_0dpi_r05,lazazzara2018_cmp044,77429.8314397488,area_de_pico
lazazzara2018_exp1_k5bb_6dpi_r01,lazazzara2018_cmp044,93973.5213135005,area_de_pico
lazazzara2018_exp1_k5bb_6dpi_r02,lazazzara2018_cmp044,198411.888061566,area_de_pico
lazazzara2018_exp1_k5bb_6dpi_r04,lazazzara2018_cmp044,158397.233548116,area_de_pico
lazazzara2018_exp2_k5bb_6dpi_r01,lazazzara2018_cmp044,74881.4498789788,area_de_pico
lazazzara2018_exp2_k5bb_6dpi_r02,lazazzara2018_cmp044,171855.44331542,area_de_pico
lazazzara2018_exp2_k5bb_6dpi_r03,lazazzara2018_cmp044,82496.595233272,area_de_pico
lazazzara2018_exp2_k5bb_6dpi_r04,lazazzara2018_cmp044,70272.8775141644,area_de_pico
lazazzara2018_exp2_k5bb_6dpi_r05,lazazzara2018_cmp044,58755.1666362744,area_de_pico
lazazzara2018_exp1_so4_0dpi_r01,lazazzara2018_cmp044,82299.6985457814,area_de_pico
lazazzara2018_exp1_so4_0dpi_r02,lazazzara2018_cmp044,167036.125211049,area_de_pico
lazazzara2018_exp1_so4_0dpi_r03,lazazzara2018_cmp044,31471.277956254,area_de_pico
lazazzara2018_exp1_so4_0dpi_r04,lazazzara2018_cmp044,118296.878672651,area_de_pico
lazazzara2018_exp1_so4_0dpi_r05,lazazzara2018_cmp044,85406.029601812,area_de_pico
lazazzara2018_exp2_so4_0dpi_r01,lazazzara2018_cmp044,30546.263798267,area_de_pico
lazazzara2018_exp2_so4_0dpi_r02,lazazzara2018_cmp044,81020.8346223263,area_de_pico
lazazzara2018_exp2_so4_0dpi_r03,lazazzara2018_cmp044,50912.9629396865,area_de_pico
lazazzara2018_exp2_so4_0dpi_r04,lazazzara2018_cmp044,57072.852127982,area_de_pico
lazazzara2018_exp2_so4_0dpi_r05,lazazzara2018_cmp044,42134.5768026362,area_de_pico
lazazzara2018_exp1_so4_6dpi_r01,lazazzara2018_cmp044,60265.7147678712,area_de_pico
lazazzara2018_exp1_so4_6dpi_r02,lazazzara2018_cmp044,89092.255618011,area_de_pico
lazazzara2018_exp1_so4_6dpi_r03,lazazzara2018_cmp044,51400.909780868,area_de_pico
lazazzara2018_exp1_so4_6dpi_r04,lazazzara2018_cmp044,32506.862548647,area_de_pico
lazazzara2018_exp1_so4_6dpi_r05,lazazzara2018_cmp044,47795.293871076,area_de_pico
lazazzara2018_exp2_so4_6dpi_r01,lazazzara2018_cmp044,32659.085959203,area_de_pico
lazazzara2018_exp2_so4_6dpi_r02,lazazzara2018_cmp044,39001.9464579681,area_de_pico
lazazzara2018_exp2_so4_6dpi_r03,lazazzara2018_cmp044,20216.7611798467,area_de_pico
lazazzara2018_exp2_so4_6dpi_r04,lazazzara2018_cmp044,38815.395952138,area_de_pico
lazazzara2018_exp2_so4_6dpi_r05,lazazzara2018_cmp044,9235.497044691,area_de_pico
lazazzara2018_exp1_solaris_0dpi_r01,lazazzara2018_cmp044,118482.551084343,area_de_pico
lazazzara2018_exp1_solaris_0dpi_r02,lazazzara2018_cmp044,114257.909397911,area_de_pico
lazazzara2018_exp1_solaris_0dpi_r03,lazazzara2018_cmp044,116781.033261017,area_de_pico
lazazzara2018_exp1_solaris_0dpi_r04,lazazzara2018_cmp044,103663.167306205,area_de_pico
lazazzara2018_exp1_solaris_0dpi_r05,lazazzara2018_cmp044,76924.906587628,area_de_pico
lazazzara2018_exp2_solaris_0dpi_r01,lazazzara2018_cmp044,40106.4269245092,area_de_pico
lazazzara2018_exp2_solaris_0dpi_r02,lazazzara2018_cmp044,52842.789012108,area_de_pico
lazazzara2018_exp2_solaris_0dpi_r03,lazazzara2018_cmp044,30654.8647513974,area_de_pico
lazazzara2018_exp2_solaris_0dpi_r04,lazazzara2018_cmp044,66191.4367160812,area_de_pico
lazazzara2018_exp2_solaris_0dpi_r05,lazazzara2018_cmp044,132074.024813057,area_de_pico
lazazzara2018_exp1_solaris_6dpi_r01,lazazzara2018_cmp044,140800.086031434,area_de_pico
lazazzara2018_exp1_solaris_6dpi_r02,lazazzara2018_cmp044,106502.54526591,area_de_pico
lazazzara2018_exp1_solaris_6dpi_r03,lazazzara2018_cmp044,114519.605559043,area_de_pico
lazazzara2018_exp1_solaris_6dpi_r04,lazazzara2018_cmp044,115945.878625088,area_de_pico
lazazzara2018_exp1_solaris_6dpi_r05,lazazzara2018_cmp044,104593.722403218,area_de_pico
lazazzara2018_exp2_solaris_6dpi_r01,lazazzara2018_cmp044,97016.2078549827,area_de_pico
lazazzara2018_exp2_solaris_6dpi_r02,lazazzara2018_cmp044,72896.8737685169,area_de_pico
lazazzara2018_exp2_solaris_6dpi_r03,lazazzara2018_cmp044,124881.264639634,area_de_pico
lazazzara2018_exp2_solaris_6dpi_r04,lazazzara2018_cmp044,69204.6745214386,area_de_pico
lazazzara2018_exp2_solaris_6dpi_r05,lazazzara2018_cmp044,125881.992134505,area_de_pico
lazazzara2018_exp1_pinotnoir_0dpi_r01,lazazzara2018_cmp045,54869.04744861,area_de_pico
lazazzara2018_exp1_pinotnoir_0dpi_r02,lazazzara2018_cmp045,20546.7105206,area_de_pico
lazazzara2018_exp1_pinotnoir_0dpi_r03,lazazzara2018_cmp045,54171.566984427,area_de_pico
lazazzara2018_exp1_pinotnoir_0dpi_r04,lazazzara2018_cmp045,10645.233829855,area_de_pico
lazazzara2018_exp1_pinotnoir_0dpi_r05,lazazzara2018_cmp045,32167.34220848,area_de_pico
lazazzara2018_exp2_pinotnoir_0dpi_r01,lazazzara2018_cmp045,13520.924045785,area_de_pico
lazazzara2018_exp2_pinotnoir_0dpi_r02,lazazzara2018_cmp045,15729.31417669,area_de_pico
lazazzara2018_exp2_pinotnoir_0dpi_r03,lazazzara2018_cmp045,12866.760346792,area_de_pico
lazazzara2018_exp2_pinotnoir_0dpi_r04,lazazzara2018_cmp045,18282.223984185,area_de_pico
lazazzara2018_exp2_pinotnoir_0dpi_r05,lazazzara2018_cmp045,12063.145750135,area_de_pico
lazazzara2018_exp1_pinotnoir_6dpi_r01,lazazzara2018_cmp045,42622.36549906,area_de_pico
lazazzara2018_exp1_pinotnoir_6dpi_r02,lazazzara2018_cmp045,208408.36617384,area_de_pico
lazazzara2018_exp1_pinotnoir_6dpi_r03,lazazzara2018_cmp045,33787.4963037352,area_de_pico
lazazzara2018_exp1_pinotnoir_6dpi_r04,lazazzara2018_cmp045,20662.40855906,area_de_pico
lazazzara2018_exp1_pinotnoir_6dpi_r05,lazazzara2018_cmp045,20059.88573812,area_de_pico
lazazzara2018_exp2_pinotnoir_6dpi_r01,lazazzara2018_cmp045,12671.156555,area_de_pico
lazazzara2018_exp2_pinotnoir_6dpi_r02,lazazzara2018_cmp045,16032.33283432,area_de_pico
lazazzara2018_exp2_pinotnoir_6dpi_r03,lazazzara2018_cmp045,17816.410688855,area_de_pico
lazazzara2018_exp2_pinotnoir_6dpi_r04,lazazzara2018_cmp045,14794.688051991,area_de_pico
lazazzara2018_exp2_pinotnoir_6dpi_r05,lazazzara2018_cmp045,12033.551185415,area_de_pico
lazazzara2018_exp1_bc4_0dpi_r01,lazazzara2018_cmp045,35890.21412966,area_de_pico
lazazzara2018_exp1_bc4_0dpi_r02,lazazzara2018_cmp045,20803.81825062,area_de_pico
lazazzara2018_exp1_bc4_0dpi_r03,lazazzara2018_cmp045,24026.92175524,area_de_pico
lazazzara2018_exp1_bc4_0dpi_r04,lazazzara2018_cmp045,7963.0,area_de_pico
lazazzara2018_exp1_bc4_0dpi_r05,lazazzara2018_cmp045,11688.60653421,area_de_pico
lazazzara2018_exp2_bc4_0dpi_r01,lazazzara2018_cmp045,15748.002098292,area_de_pico
lazazzara2018_exp2_bc4_0dpi_r02,lazazzara2018_cmp045,40129.803182727,area_de_pico
lazazzara2018_exp2_bc4_0dpi_r03,lazazzara2018_cmp045,13485.907376025,area_de_pico
lazazzara2018_exp2_bc4_0dpi_r04,lazazzara2018_cmp045,24180.595810128,area_de_pico
lazazzara2018_exp2_bc4_0dpi_r05,lazazzara2018_cmp045,33984.22993248,area_de_pico
lazazzara2018_exp1_bc4_6dpi_r01,lazazzara2018_cmp045,216058.93207929,area_de_pico
lazazzara2018_exp1_bc4_6dpi_r02,lazazzara2018_cmp045,481281.0,area_de_pico
lazazzara2018_exp1_bc4_6dpi_r03,lazazzara2018_cmp045,207193.0,area_de_pico
lazazzara2018_exp1_bc4_6dpi_r04,lazazzara2018_cmp045,1206538.0674045,area_de_pico
lazazzara2018_exp1_bc4_6dpi_r05,lazazzara2018_cmp045,436568.44629366,area_de_pico
lazazzara2018_exp2_bc4_6dpi_r01,lazazzara2018_cmp045,24274.13744804,area_de_pico
lazazzara2018_exp2_bc4_6dpi_r02,lazazzara2018_cmp045,139407.79427772,area_de_pico
lazazzara2018_exp2_bc4_6dpi_r03,lazazzara2018_cmp045,98043.731350978,area_de_pico
lazazzara2018_exp2_bc4_6dpi_r04,lazazzara2018_cmp045,83259.030045526,area_de_pico
lazazzara2018_exp2_bc4_6dpi_r05,lazazzara2018_cmp045,116367.633586377,area_de_pico
lazazzara2018_exp1_k5bb_0dpi_r01,lazazzara2018_cmp045,16253.446745022,area_de_pico
lazazzara2018_exp1_k5bb_0dpi_r02,lazazzara2018_cmp045,84957.047142319,area_de_pico
lazazzara2018_exp1_k5bb_0dpi_r03,lazazzara2018_cmp045,19966.451813142,area_de_pico
lazazzara2018_exp1_k5bb_0dpi_r04,lazazzara2018_cmp045,22210.0,area_de_pico
lazazzara2018_exp1_k5bb_0dpi_r05,lazazzara2018_cmp045,87140.358771626,area_de_pico
lazazzara2018_exp2_k5bb_0dpi_r01,lazazzara2018_cmp045,28404.040275907,area_de_pico
lazazzara2018_exp2_k5bb_0dpi_r02,lazazzara2018_cmp045,16093.706426476,area_de_pico
lazazzara2018_exp2_k5bb_0dpi_r03,lazazzara2018_cmp045,22111.424372594,area_de_pico
lazazzara2018_exp2_k5bb_0dpi_r04,lazazzara2018_cmp045,29905.560134653,area_de_pico
lazazzara2018_exp2_k5bb_0dpi_r05,lazazzara2018_cmp045,28004.3220656,area_de_pico
lazazzara2018_exp1_k5bb_6dpi_r01,lazazzara2018_cmp045,38772.768941217,area_de_pico
lazazzara2018_exp1_k5bb_6dpi_r02,lazazzara2018_cmp045,89575.9404768,area_de_pico
lazazzara2018_exp1_k5bb_6dpi_r04,lazazzara2018_cmp045,64126.223823162,area_de_pico
lazazzara2018_exp2_k5bb_6dpi_r01,lazazzara2018_cmp045,184540.851784536,area_de_pico
lazazzara2018_exp2_k5bb_6dpi_r02,lazazzara2018_cmp045,299799.362108682,area_de_pico
lazazzara2018_exp2_k5bb_6dpi_r03,lazazzara2018_cmp045,43527.88544879,area_de_pico
lazazzara2018_exp2_k5bb_6dpi_r04,lazazzara2018_cmp045,68776.28652206,area_de_pico
lazazzara2018_exp2_k5bb_6dpi_r05,lazazzara2018_cmp045,25751.95839977,area_de_pico
lazazzara2018_exp1_so4_0dpi_r01,lazazzara2018_cmp045,10124.3993975228,area_de_pico
lazazzara2018_exp1_so4_0dpi_r02,lazazzara2018_cmp045,44960.073154481,area_de_pico
lazazzara2018_exp1_so4_0dpi_r03,lazazzara2018_cmp045,33527.42370958,area_de_pico
lazazzara2018_exp1_so4_0dpi_r04,lazazzara2018_cmp045,45017.36314042,area_de_pico
lazazzara2018_exp1_so4_0dpi_r05,lazazzara2018_cmp045,14173.587400828,area_de_pico
lazazzara2018_exp2_so4_0dpi_r01,lazazzara2018_cmp045,22106.10278772,area_de_pico
lazazzara2018_exp2_so4_0dpi_r02,lazazzara2018_cmp045,28325.03452303,area_de_pico
lazazzara2018_exp2_so4_0dpi_r03,lazazzara2018_cmp045,22511.246534558,area_de_pico
lazazzara2018_exp2_so4_0dpi_r04,lazazzara2018_cmp045,23145.716287432,area_de_pico
lazazzara2018_exp2_so4_0dpi_r05,lazazzara2018_cmp045,11024.833086375,area_de_pico
lazazzara2018_exp1_so4_6dpi_r01,lazazzara2018_cmp045,124893.7139373,area_de_pico
lazazzara2018_exp1_so4_6dpi_r02,lazazzara2018_cmp045,42550.730303646,area_de_pico
lazazzara2018_exp1_so4_6dpi_r03,lazazzara2018_cmp045,20677.027121356,area_de_pico
lazazzara2018_exp1_so4_6dpi_r04,lazazzara2018_cmp045,138605.230037724,area_de_pico
lazazzara2018_exp1_so4_6dpi_r05,lazazzara2018_cmp045,18148.401795005,area_de_pico
lazazzara2018_exp2_so4_6dpi_r01,lazazzara2018_cmp045,16478.99019636,area_de_pico
lazazzara2018_exp2_so4_6dpi_r02,lazazzara2018_cmp045,14647.685657285,area_de_pico
lazazzara2018_exp2_so4_6dpi_r03,lazazzara2018_cmp045,15438.049412304,area_de_pico
lazazzara2018_exp2_so4_6dpi_r04,lazazzara2018_cmp045,32850.75430766,area_de_pico
lazazzara2018_exp2_so4_6dpi_r05,lazazzara2018_cmp045,13808.44822917,area_de_pico
lazazzara2018_exp1_solaris_0dpi_r01,lazazzara2018_cmp045,28455.76954414,area_de_pico
lazazzara2018_exp1_solaris_0dpi_r02,lazazzara2018_cmp045,776619.314629832,area_de_pico
lazazzara2018_exp1_solaris_0dpi_r03,lazazzara2018_cmp045,31479.20043062,area_de_pico
lazazzara2018_exp1_solaris_0dpi_r04,lazazzara2018_cmp045,69471.32773181,area_de_pico
lazazzara2018_exp1_solaris_0dpi_r05,lazazzara2018_cmp045,92610.796580864,area_de_pico
lazazzara2018_exp2_solaris_0dpi_r01,lazazzara2018_cmp045,17839.4675983,area_de_pico
lazazzara2018_exp2_solaris_0dpi_r02,lazazzara2018_cmp045,15452.854412742,area_de_pico
lazazzara2018_exp2_solaris_0dpi_r03,lazazzara2018_cmp045,18833.931574144,area_de_pico
lazazzara2018_exp2_solaris_0dpi_r04,lazazzara2018_cmp045,14390.828528088,area_de_pico
lazazzara2018_exp2_solaris_0dpi_r05,lazazzara2018_cmp045,28284.83519831,area_de_pico
lazazzara2018_exp1_solaris_6dpi_r01,lazazzara2018_cmp045,115552.009244421,area_de_pico
lazazzara2018_exp1_solaris_6dpi_r02,lazazzara2018_cmp045,675954.2284566,area_de_pico
lazazzara2018_exp1_solaris_6dpi_r03,lazazzara2018_cmp045,1807278.96694826,area_de_pico
lazazzara2018_exp1_solaris_6dpi_r04,lazazzara2018_cmp045,608262.715656972,area_de_pico
lazazzara2018_exp1_solaris_6dpi_r05,lazazzara2018_cmp045,3025391.53491032,area_de_pico
lazazzara2018_exp2_solaris_6dpi_r01,lazazzara2018_cmp045,50738.638823108,area_de_pico
lazazzara2018_exp2_solaris_6dpi_r02,lazazzara2018_cmp045,29204.55125217,area_de_pico
lazazzara2018_exp2_solaris_6dpi_r03,lazazzara2018_cmp045,27273.197088034,area_de_pico
lazazzara2018_exp2_solaris_6dpi_r04,lazazzara2018_cmp045,62792.330206315,area_de_pico
lazazzara2018_exp2_solaris_6dpi_r05,lazazzara2018_cmp045,110044.056967207,area_de_pico
lazazzara2018_exp1_pinotnoir_0dpi_r01,lazazzara2018_cmp046,767580.84034582,area_de_pico
lazazzara2018_exp1_pinotnoir_0dpi_r02,lazazzara2018_cmp046,13684.36602831,area_de_pico
lazazzara2018_exp1_pinotnoir_0dpi_r03,lazazzara2018_cmp046,25584.56523452,area_de_pico
lazazzara2018_exp1_pinotnoir_0dpi_r04,lazazzara2018_cmp046,14160.51577998,area_de_pico
lazazzara2018_exp1_pinotnoir_0dpi_r05,lazazzara2018_cmp046,15400.38249761,area_de_pico
lazazzara2018_exp2_pinotnoir_0dpi_r01,lazazzara2018_cmp046,12518.3102261694,area_de_pico
lazazzara2018_exp2_pinotnoir_0dpi_r02,lazazzara2018_cmp046,7672.6447367775,area_de_pico
lazazzara2018_exp2_pinotnoir_0dpi_r03,lazazzara2018_cmp046,31445.2280708632,area_de_pico
lazazzara2018_exp2_pinotnoir_0dpi_r04,lazazzara2018_cmp046,24776.326606527,area_de_pico
lazazzara2018_exp2_pinotnoir_0dpi_r05,lazazzara2018_cmp046,20592.832020518,area_de_pico
lazazzara2018_exp1_pinotnoir_6dpi_r01,lazazzara2018_cmp046,216200.84216944,area_de_pico
lazazzara2018_exp1_pinotnoir_6dpi_r02,lazazzara2018_cmp046,362272.2854928,area_de_pico
lazazzara2018_exp1_pinotnoir_6dpi_r03,lazazzara2018_cmp046,15559.678365871,area_de_pico
lazazzara2018_exp1_pinotnoir_6dpi_r04,lazazzara2018_cmp046,413448.10247456,area_de_pico
lazazzara2018_exp1_pinotnoir_6dpi_r05,lazazzara2018_cmp046,13114.256167056,area_de_pico
lazazzara2018_exp2_pinotnoir_6dpi_r01,lazazzara2018_cmp046,20860.267561606,area_de_pico
lazazzara2018_exp2_pinotnoir_6dpi_r02,lazazzara2018_cmp046,27438.2816751668,area_de_pico
lazazzara2018_exp2_pinotnoir_6dpi_r03,lazazzara2018_cmp046,9921.425573408,area_de_pico
lazazzara2018_exp2_pinotnoir_6dpi_r04,lazazzara2018_cmp046,13434.893155071,area_de_pico
lazazzara2018_exp2_pinotnoir_6dpi_r05,lazazzara2018_cmp046,7987.091921264,area_de_pico
lazazzara2018_exp1_bc4_0dpi_r01,lazazzara2018_cmp046,395675.64862454,area_de_pico
lazazzara2018_exp1_bc4_0dpi_r02,lazazzara2018_cmp046,19403.652772824,area_de_pico
lazazzara2018_exp1_bc4_0dpi_r03,lazazzara2018_cmp046,556989.43975441,area_de_pico
lazazzara2018_exp1_bc4_0dpi_r04,lazazzara2018_cmp046,16072.82595064,area_de_pico
lazazzara2018_exp1_bc4_0dpi_r05,lazazzara2018_cmp046,32162.9835352,area_de_pico
lazazzara2018_exp2_bc4_0dpi_r01,lazazzara2018_cmp046,822.187029664,area_de_pico
lazazzara2018_exp2_bc4_0dpi_r02,lazazzara2018_cmp046,36841.893295691,area_de_pico
lazazzara2018_exp2_bc4_0dpi_r03,lazazzara2018_cmp046,18579.605394425,area_de_pico
lazazzara2018_exp2_bc4_0dpi_r04,lazazzara2018_cmp046,35944.4232860562,area_de_pico
lazazzara2018_exp2_bc4_0dpi_r05,lazazzara2018_cmp046,46286.6312005368,area_de_pico
lazazzara2018_exp1_bc4_6dpi_r01,lazazzara2018_cmp046,429352.83260619,area_de_pico
lazazzara2018_exp1_bc4_6dpi_r02,lazazzara2018_cmp046,453083.025885575,area_de_pico
lazazzara2018_exp1_bc4_6dpi_r03,lazazzara2018_cmp046,239576.26010916,area_de_pico
lazazzara2018_exp1_bc4_6dpi_r04,lazazzara2018_cmp046,547400.97837477,area_de_pico
lazazzara2018_exp1_bc4_6dpi_r05,lazazzara2018_cmp046,206009.1268595,area_de_pico
lazazzara2018_exp2_bc4_6dpi_r01,lazazzara2018_cmp046,25676.8755064929,area_de_pico
lazazzara2018_exp2_bc4_6dpi_r02,lazazzara2018_cmp046,44017.6990405937,area_de_pico
lazazzara2018_exp2_bc4_6dpi_r03,lazazzara2018_cmp046,37257.57365146,area_de_pico
lazazzara2018_exp2_bc4_6dpi_r04,lazazzara2018_cmp046,3200.016742086,area_de_pico
lazazzara2018_exp2_bc4_6dpi_r05,lazazzara2018_cmp046,33120.52089921,area_de_pico
lazazzara2018_exp1_k5bb_0dpi_r01,lazazzara2018_cmp046,563853.91986855,area_de_pico
lazazzara2018_exp1_k5bb_0dpi_r02,lazazzara2018_cmp046,14070.657071994,area_de_pico
lazazzara2018_exp1_k5bb_0dpi_r03,lazazzara2018_cmp046,8023.6703353,area_de_pico
lazazzara2018_exp1_k5bb_0dpi_r04,lazazzara2018_cmp046,287215.2459645,area_de_pico
lazazzara2018_exp1_k5bb_0dpi_r05,lazazzara2018_cmp046,711955.72730674,area_de_pico
lazazzara2018_exp2_k5bb_0dpi_r01,lazazzara2018_cmp046,37000.306769476,area_de_pico
lazazzara2018_exp2_k5bb_0dpi_r02,lazazzara2018_cmp046,4062.40876392,area_de_pico
lazazzara2018_exp2_k5bb_0dpi_r03,lazazzara2018_cmp046,18788.29955856,area_de_pico
lazazzara2018_exp2_k5bb_0dpi_r04,lazazzara2018_cmp046,43290.973827262,area_de_pico
lazazzara2018_exp2_k5bb_0dpi_r05,lazazzara2018_cmp046,15105.306201322,area_de_pico
lazazzara2018_exp1_k5bb_6dpi_r01,lazazzara2018_cmp046,490211.78436944,area_de_pico
lazazzara2018_exp1_k5bb_6dpi_r02,lazazzara2018_cmp046,540290.96006553,area_de_pico
lazazzara2018_exp1_k5bb_6dpi_r04,lazazzara2018_cmp046,556353.62086068,area_de_pico
lazazzara2018_exp2_k5bb_6dpi_r01,lazazzara2018_cmp046,48656.383990322,area_de_pico
lazazzara2018_exp2_k5bb_6dpi_r02,lazazzara2018_cmp046,748002.661391729,area_de_pico
lazazzara2018_exp2_k5bb_6dpi_r03,lazazzara2018_cmp046,48543.134704274,area_de_pico
lazazzara2018_exp2_k5bb_6dpi_r04,lazazzara2018_cmp046,1656.0224585154,area_de_pico
lazazzara2018_exp2_k5bb_6dpi_r05,lazazzara2018_cmp046,1980.365963294,area_de_pico
lazazzara2018_exp1_so4_0dpi_r01,lazazzara2018_cmp046,9503.971844,area_de_pico
lazazzara2018_exp1_so4_0dpi_r02,lazazzara2018_cmp046,32930.09934592,area_de_pico
lazazzara2018_exp1_so4_0dpi_r03,lazazzara2018_cmp046,426583.14262049,area_de_pico
lazazzara2018_exp1_so4_0dpi_r04,lazazzara2018_cmp046,19296.92964648,area_de_pico
lazazzara2018_exp1_so4_0dpi_r05,lazazzara2018_cmp046,603296.27834078,area_de_pico
lazazzara2018_exp2_so4_0dpi_r01,lazazzara2018_cmp046,30092.705701191,area_de_pico
lazazzara2018_exp2_so4_0dpi_r02,lazazzara2018_cmp046,45978.9159741602,area_de_pico
lazazzara2018_exp2_so4_0dpi_r03,lazazzara2018_cmp046,25740.1675298805,area_de_pico
lazazzara2018_exp2_so4_0dpi_r04,lazazzara2018_cmp046,2029.87214912,area_de_pico
lazazzara2018_exp2_so4_0dpi_r05,lazazzara2018_cmp046,31382.571205296,area_de_pico
lazazzara2018_exp1_so4_6dpi_r01,lazazzara2018_cmp046,22442.28227504,area_de_pico
lazazzara2018_exp1_so4_6dpi_r02,lazazzara2018_cmp046,21825.80104595,area_de_pico
lazazzara2018_exp1_so4_6dpi_r03,lazazzara2018_cmp046,364376.81882536,area_de_pico
lazazzara2018_exp1_so4_6dpi_r04,lazazzara2018_cmp046,20777.59684676,area_de_pico
lazazzara2018_exp1_so4_6dpi_r05,lazazzara2018_cmp046,335314.54492924,area_de_pico
lazazzara2018_exp2_so4_6dpi_r01,lazazzara2018_cmp046,36872.3737660579,area_de_pico
lazazzara2018_exp2_so4_6dpi_r02,lazazzara2018_cmp046,36097.1848164962,area_de_pico
lazazzara2018_exp2_so4_6dpi_r03,lazazzara2018_cmp046,15909.88537727,area_de_pico
lazazzara2018_exp2_so4_6dpi_r04,lazazzara2018_cmp046,22929.587233227,area_de_pico
lazazzara2018_exp2_so4_6dpi_r05,lazazzara2018_cmp046,18208.19518227,area_de_pico
lazazzara2018_exp1_solaris_0dpi_r01,lazazzara2018_cmp046,893267.43969208,area_de_pico
lazazzara2018_exp1_solaris_0dpi_r02,lazazzara2018_cmp046,443204.29422683,area_de_pico
lazazzara2018_exp1_solaris_0dpi_r03,lazazzara2018_cmp046,19224.77485952,area_de_pico
lazazzara2018_exp1_solaris_0dpi_r04,lazazzara2018_cmp046,530763.0,area_de_pico
lazazzara2018_exp1_solaris_0dpi_r05,lazazzara2018_cmp046,412025.041254536,area_de_pico
lazazzara2018_exp2_solaris_0dpi_r01,lazazzara2018_cmp046,33796.5894866486,area_de_pico
lazazzara2018_exp2_solaris_0dpi_r02,lazazzara2018_cmp046,29727.743435112,area_de_pico
lazazzara2018_exp2_solaris_0dpi_r03,lazazzara2018_cmp046,39628.95547531,area_de_pico
lazazzara2018_exp2_solaris_0dpi_r04,lazazzara2018_cmp046,59105.4675338712,area_de_pico
lazazzara2018_exp2_solaris_0dpi_r05,lazazzara2018_cmp046,44226.93387041,area_de_pico
lazazzara2018_exp1_solaris_6dpi_r01,lazazzara2018_cmp046,747755.4890842,area_de_pico
lazazzara2018_exp1_solaris_6dpi_r02,lazazzara2018_cmp046,481121.12851344,area_de_pico
lazazzara2018_exp1_solaris_6dpi_r03,lazazzara2018_cmp046,763118.91489075,area_de_pico
lazazzara2018_exp1_solaris_6dpi_r04,lazazzara2018_cmp046,480882.66904256,area_de_pico
lazazzara2018_exp1_solaris_6dpi_r05,lazazzara2018_cmp046,887772.79636702,area_de_pico
lazazzara2018_exp2_solaris_6dpi_r01,lazazzara2018_cmp046,42085.2701050284,area_de_pico
lazazzara2018_exp2_solaris_6dpi_r02,lazazzara2018_cmp046,35886.9338174652,area_de_pico
lazazzara2018_exp2_solaris_6dpi_r03,lazazzara2018_cmp046,56443.291316736,area_de_pico
lazazzara2018_exp2_solaris_6dpi_r04,lazazzara2018_cmp046,58027.279841275,area_de_pico
lazazzara2018_exp2_solaris_6dpi_r05,lazazzara2018_cmp046,43901.6573756262,area_de_pico
lazazzara2018_exp1_pinotnoir_0dpi_r01,lazazzara2018_cmp047,1065.218888718,area_de_pico
lazazzara2018_exp1_pinotnoir_0dpi_r02,lazazzara2018_cmp047,1737.768781134,area_de_pico
lazazzara2018_exp1_pinotnoir_0dpi_r03,lazazzara2018_cmp047,11480.5804860152,area_de_pico
lazazzara2018_exp1_pinotnoir_0dpi_r04,lazazzara2018_cmp047,6759.5922314363,area_de_pico
lazazzara2018_exp1_pinotnoir_0dpi_r05,lazazzara2018_cmp047,850.0,area_de_pico
lazazzara2018_exp2_pinotnoir_0dpi_r01,lazazzara2018_cmp047,16674.56720468,area_de_pico
lazazzara2018_exp2_pinotnoir_0dpi_r02,lazazzara2018_cmp047,56184.16230983,area_de_pico
lazazzara2018_exp2_pinotnoir_0dpi_r03,lazazzara2018_cmp047,44766.95173578,area_de_pico
lazazzara2018_exp2_pinotnoir_0dpi_r04,lazazzara2018_cmp047,3828.47383901,area_de_pico
lazazzara2018_exp2_pinotnoir_0dpi_r05,lazazzara2018_cmp047,17739.80953268,area_de_pico
lazazzara2018_exp1_pinotnoir_6dpi_r01,lazazzara2018_cmp047,857.3089915,area_de_pico
lazazzara2018_exp1_pinotnoir_6dpi_r02,lazazzara2018_cmp047,6371.89096096,area_de_pico
lazazzara2018_exp1_pinotnoir_6dpi_r03,lazazzara2018_cmp047,1094.087917498,area_de_pico
lazazzara2018_exp1_pinotnoir_6dpi_r04,lazazzara2018_cmp047,4266.60465389,area_de_pico
lazazzara2018_exp1_pinotnoir_6dpi_r05,lazazzara2018_cmp047,993.11725259,area_de_pico
lazazzara2018_exp2_pinotnoir_6dpi_r01,lazazzara2018_cmp047,5015.2030223,area_de_pico
lazazzara2018_exp2_pinotnoir_6dpi_r02,lazazzara2018_cmp047,28931.99989563,area_de_pico
lazazzara2018_exp2_pinotnoir_6dpi_r03,lazazzara2018_cmp047,23030.22233036,area_de_pico
lazazzara2018_exp2_pinotnoir_6dpi_r04,lazazzara2018_cmp047,16634.51871905,area_de_pico
lazazzara2018_exp2_pinotnoir_6dpi_r05,lazazzara2018_cmp047,23424.6230207,area_de_pico
lazazzara2018_exp1_bc4_0dpi_r01,lazazzara2018_cmp047,1320.6297285,area_de_pico
lazazzara2018_exp1_bc4_0dpi_r02,lazazzara2018_cmp047,3460.83685295574,area_de_pico
lazazzara2018_exp1_bc4_0dpi_r03,lazazzara2018_cmp047,2925.285260192,area_de_pico
lazazzara2018_exp1_bc4_0dpi_r04,lazazzara2018_cmp047,1723.389314503,area_de_pico
lazazzara2018_exp1_bc4_0dpi_r05,lazazzara2018_cmp047,910.28002101,area_de_pico
lazazzara2018_exp2_bc4_0dpi_r01,lazazzara2018_cmp047,16152.83341245,area_de_pico
lazazzara2018_exp2_bc4_0dpi_r02,lazazzara2018_cmp047,32049.22002482,area_de_pico
lazazzara2018_exp2_bc4_0dpi_r03,lazazzara2018_cmp047,8271.7899618,area_de_pico
lazazzara2018_exp2_bc4_0dpi_r04,lazazzara2018_cmp047,40768.37863181,area_de_pico
lazazzara2018_exp2_bc4_0dpi_r05,lazazzara2018_cmp047,70789.91551778,area_de_pico
lazazzara2018_exp1_bc4_6dpi_r01,lazazzara2018_cmp047,15953.083057132,area_de_pico
lazazzara2018_exp1_bc4_6dpi_r02,lazazzara2018_cmp047,19723.003579176,area_de_pico
lazazzara2018_exp1_bc4_6dpi_r03,lazazzara2018_cmp047,21900.52646884,area_de_pico
lazazzara2018_exp1_bc4_6dpi_r04,lazazzara2018_cmp047,111108.765248832,area_de_pico
lazazzara2018_exp1_bc4_6dpi_r05,lazazzara2018_cmp047,9957.24644003,area_de_pico
lazazzara2018_exp2_bc4_6dpi_r01,lazazzara2018_cmp047,58034.46187176,area_de_pico
lazazzara2018_exp2_bc4_6dpi_r02,lazazzara2018_cmp047,90488.595677444,area_de_pico
lazazzara2018_exp2_bc4_6dpi_r03,lazazzara2018_cmp047,52555.8384730968,area_de_pico
lazazzara2018_exp2_bc4_6dpi_r04,lazazzara2018_cmp047,49117.332344088,area_de_pico
lazazzara2018_exp2_bc4_6dpi_r05,lazazzara2018_cmp047,82499.537765148,area_de_pico
lazazzara2018_exp1_k5bb_0dpi_r01,lazazzara2018_cmp047,1415.955569752,area_de_pico
lazazzara2018_exp1_k5bb_0dpi_r02,lazazzara2018_cmp047,43013.18768731,area_de_pico
lazazzara2018_exp1_k5bb_0dpi_r03,lazazzara2018_cmp047,1232.56536244,area_de_pico
lazazzara2018_exp1_k5bb_0dpi_r04,lazazzara2018_cmp047,2686.11915873,area_de_pico
lazazzara2018_exp1_k5bb_0dpi_r05,lazazzara2018_cmp047,4168.00243669,area_de_pico
lazazzara2018_exp2_k5bb_0dpi_r01,lazazzara2018_cmp047,195570.62100367,area_de_pico
lazazzara2018_exp2_k5bb_0dpi_r02,lazazzara2018_cmp047,79659.24079158,area_de_pico
lazazzara2018_exp2_k5bb_0dpi_r03,lazazzara2018_cmp047,50344.61544936,area_de_pico
lazazzara2018_exp2_k5bb_0dpi_r04,lazazzara2018_cmp047,213916.23083621,area_de_pico
lazazzara2018_exp2_k5bb_0dpi_r05,lazazzara2018_cmp047,91873.80650833,area_de_pico
lazazzara2018_exp1_k5bb_6dpi_r01,lazazzara2018_cmp047,10922.269625834,area_de_pico
lazazzara2018_exp1_k5bb_6dpi_r02,lazazzara2018_cmp047,11021.6251698001,area_de_pico
lazazzara2018_exp1_k5bb_6dpi_r04,lazazzara2018_cmp047,35652.4389733691,area_de_pico
lazazzara2018_exp2_k5bb_6dpi_r01,lazazzara2018_cmp047,142225.706567674,area_de_pico
lazazzara2018_exp2_k5bb_6dpi_r02,lazazzara2018_cmp047,183248.16010549,area_de_pico
lazazzara2018_exp2_k5bb_6dpi_r03,lazazzara2018_cmp047,84736.55426425,area_de_pico
lazazzara2018_exp2_k5bb_6dpi_r04,lazazzara2018_cmp047,77517.71177604,area_de_pico
lazazzara2018_exp2_k5bb_6dpi_r05,lazazzara2018_cmp047,41811.95498189,area_de_pico
lazazzara2018_exp1_so4_0dpi_r01,lazazzara2018_cmp047,4123.43535988,area_de_pico
lazazzara2018_exp1_so4_0dpi_r02,lazazzara2018_cmp047,558.834064865,area_de_pico
lazazzara2018_exp1_so4_0dpi_r03,lazazzara2018_cmp047,2265.3708909142,area_de_pico
lazazzara2018_exp1_so4_0dpi_r04,lazazzara2018_cmp047,8764.24896853,area_de_pico
lazazzara2018_exp1_so4_0dpi_r05,lazazzara2018_cmp047,1267.153114334,area_de_pico
lazazzara2018_exp2_so4_0dpi_r01,lazazzara2018_cmp047,38664.14562131,area_de_pico
lazazzara2018_exp2_so4_0dpi_r02,lazazzara2018_cmp047,87347.00389419,area_de_pico
lazazzara2018_exp2_so4_0dpi_r03,lazazzara2018_cmp047,35722.77624054,area_de_pico
lazazzara2018_exp2_so4_0dpi_r04,lazazzara2018_cmp047,71280.69517392,area_de_pico
lazazzara2018_exp2_so4_0dpi_r05,lazazzara2018_cmp047,24764.165391494,area_de_pico
lazazzara2018_exp1_so4_6dpi_r01,lazazzara2018_cmp047,8258.745015072,area_de_pico
lazazzara2018_exp1_so4_6dpi_r02,lazazzara2018_cmp047,9471.7362228424,area_de_pico
lazazzara2018_exp1_so4_6dpi_r03,lazazzara2018_cmp047,1605.268007234,area_de_pico
lazazzara2018_exp1_so4_6dpi_r04,lazazzara2018_cmp047,849.676139043,area_de_pico
lazazzara2018_exp1_so4_6dpi_r05,lazazzara2018_cmp047,1654.359239143,area_de_pico
lazazzara2018_exp2_so4_6dpi_r01,lazazzara2018_cmp047,41040.5620552,area_de_pico
lazazzara2018_exp2_so4_6dpi_r02,lazazzara2018_cmp047,54657.10163279,area_de_pico
lazazzara2018_exp2_so4_6dpi_r03,lazazzara2018_cmp047,18812.77247172,area_de_pico
lazazzara2018_exp2_so4_6dpi_r04,lazazzara2018_cmp047,51606.37648668,area_de_pico
lazazzara2018_exp2_so4_6dpi_r05,lazazzara2018_cmp047,4128.1793023,area_de_pico
lazazzara2018_exp1_solaris_0dpi_r01,lazazzara2018_cmp047,1336.30052272,area_de_pico
lazazzara2018_exp1_solaris_0dpi_r02,lazazzara2018_cmp047,16433.603030219,area_de_pico
lazazzara2018_exp1_solaris_0dpi_r03,lazazzara2018_cmp047,568.253890904,area_de_pico
lazazzara2018_exp1_solaris_0dpi_r04,lazazzara2018_cmp047,309.89155827,area_de_pico
lazazzara2018_exp1_solaris_0dpi_r05,lazazzara2018_cmp047,2671.964569172,area_de_pico
lazazzara2018_exp2_solaris_0dpi_r01,lazazzara2018_cmp047,20222.44294095,area_de_pico
lazazzara2018_exp2_solaris_0dpi_r02,lazazzara2018_cmp047,60757.60337981,area_de_pico
lazazzara2018_exp2_solaris_0dpi_r03,lazazzara2018_cmp047,42714.24891884,area_de_pico
lazazzara2018_exp2_solaris_0dpi_r04,lazazzara2018_cmp047,66731.6306964,area_de_pico
lazazzara2018_exp2_solaris_0dpi_r05,lazazzara2018_cmp047,77978.74702106,area_de_pico
lazazzara2018_exp1_solaris_6dpi_r01,lazazzara2018_cmp047,6242.3987391272,area_de_pico
lazazzara2018_exp1_solaris_6dpi_r02,lazazzara2018_cmp047,11029.672713738,area_de_pico
lazazzara2018_exp1_solaris_6dpi_r03,lazazzara2018_cmp047,90652.067435666,area_de_pico
lazazzara2018_exp1_solaris_6dpi_r04,lazazzara2018_cmp047,11166.20099978,area_de_pico
lazazzara2018_exp1_solaris_6dpi_r05,lazazzara2018_cmp047,164797.20636431,area_de_pico
lazazzara2018_exp2_solaris_6dpi_r01,lazazzara2018_cmp047,75001.44743366,area_de_pico
lazazzara2018_exp2_solaris_6dpi_r02,lazazzara2018_cmp047,97169.64893623,area_de_pico
lazazzara2018_exp2_solaris_6dpi_r03,lazazzara2018_cmp047,41760.04152369,area_de_pico
lazazzara2018_exp2_solaris_6dpi_r04,lazazzara2018_cmp047,56524.77599038,area_de_pico
lazazzara2018_exp2_solaris_6dpi_r05,lazazzara2018_cmp047,54653.38359357,area_de_pico
lazazzara2018_exp1_pinotnoir_0dpi_r01,lazazzara2018_cmp048,4153.0,area_de_pico
lazazzara2018_exp1_pinotnoir_0dpi_r02,lazazzara2018_cmp048,4940.209982859,area_de_pico
lazazzara2018_exp1_pinotnoir_0dpi_r03,lazazzara2018_cmp048,6570.228466181,area_de_pico
lazazzara2018_exp1_pinotnoir_0dpi_r04,lazazzara2018_cmp048,7777.966779336,area_de_pico
lazazzara2018_exp1_pinotnoir_0dpi_r05,lazazzara2018_cmp048,1712.883065839,area_de_pico
lazazzara2018_exp2_pinotnoir_0dpi_r01,lazazzara2018_cmp048,13450.22044243,area_de_pico
lazazzara2018_exp2_pinotnoir_0dpi_r02,lazazzara2018_cmp048,19448.086763244,area_de_pico
lazazzara2018_exp2_pinotnoir_0dpi_r03,lazazzara2018_cmp048,17092.642084769,area_de_pico
lazazzara2018_exp2_pinotnoir_0dpi_r04,lazazzara2018_cmp048,7955.139206135,area_de_pico
lazazzara2018_exp2_pinotnoir_0dpi_r05,lazazzara2018_cmp048,13130.965679029,area_de_pico
lazazzara2018_exp1_pinotnoir_6dpi_r01,lazazzara2018_cmp048,11766.447712241,area_de_pico
lazazzara2018_exp1_pinotnoir_6dpi_r02,lazazzara2018_cmp048,2758.719892235,area_de_pico
lazazzara2018_exp1_pinotnoir_6dpi_r03,lazazzara2018_cmp048,3125.354076642,area_de_pico
lazazzara2018_exp1_pinotnoir_6dpi_r04,lazazzara2018_cmp048,6571.9038566499,area_de_pico
lazazzara2018_exp1_pinotnoir_6dpi_r05,lazazzara2018_cmp048,4181.492342014,area_de_pico
lazazzara2018_exp2_pinotnoir_6dpi_r01,lazazzara2018_cmp048,14561.374523425,area_de_pico
lazazzara2018_exp2_pinotnoir_6dpi_r02,lazazzara2018_cmp048,26252.877916736,area_de_pico
lazazzara2018_exp2_pinotnoir_6dpi_r03,lazazzara2018_cmp048,20802.020087052,area_de_pico
lazazzara2018_exp2_pinotnoir_6dpi_r04,lazazzara2018_cmp048,15560.263456005,area_de_pico
lazazzara2018_exp2_pinotnoir_6dpi_r05,lazazzara2018_cmp048,0.0,area_de_pico
lazazzara2018_exp1_bc4_0dpi_r01,lazazzara2018_cmp048,20574.652675312,area_de_pico
lazazzara2018_exp1_bc4_0dpi_r02,lazazzara2018_cmp048,10194.5865735,area_de_pico
lazazzara2018_exp1_bc4_0dpi_r03,lazazzara2018_cmp048,18757.3027699085,area_de_pico
lazazzara2018_exp1_bc4_0dpi_r04,lazazzara2018_cmp048,3311.648344624,area_de_pico
lazazzara2018_exp1_bc4_0dpi_r05,lazazzara2018_cmp048,4565.188599059,area_de_pico
lazazzara2018_exp2_bc4_0dpi_r01,lazazzara2018_cmp048,40202.893184974,area_de_pico
lazazzara2018_exp2_bc4_0dpi_r02,lazazzara2018_cmp048,100562.819051533,area_de_pico
lazazzara2018_exp2_bc4_0dpi_r03,lazazzara2018_cmp048,27721.01315005,area_de_pico
lazazzara2018_exp2_bc4_0dpi_r04,lazazzara2018_cmp048,43468.688699975,area_de_pico
lazazzara2018_exp2_bc4_0dpi_r05,lazazzara2018_cmp048,98094.44802912,area_de_pico
lazazzara2018_exp1_bc4_6dpi_r01,lazazzara2018_cmp048,101771.572632037,area_de_pico
lazazzara2018_exp1_bc4_6dpi_r02,lazazzara2018_cmp048,188409.934692951,area_de_pico
lazazzara2018_exp1_bc4_6dpi_r03,lazazzara2018_cmp048,128284.69496566,area_de_pico
lazazzara2018_exp1_bc4_6dpi_r04,lazazzara2018_cmp048,459149.373615903,area_de_pico
lazazzara2018_exp1_bc4_6dpi_r05,lazazzara2018_cmp048,77942.5687321263,area_de_pico
lazazzara2018_exp2_bc4_6dpi_r01,lazazzara2018_cmp048,63627.5309097,area_de_pico
lazazzara2018_exp2_bc4_6dpi_r02,lazazzara2018_cmp048,405130.434207372,area_de_pico
lazazzara2018_exp2_bc4_6dpi_r03,lazazzara2018_cmp048,35798.415513848,area_de_pico
lazazzara2018_exp2_bc4_6dpi_r04,lazazzara2018_cmp048,205004.414713202,area_de_pico
lazazzara2018_exp2_bc4_6dpi_r05,lazazzara2018_cmp048,38133.718257405,area_de_pico
lazazzara2018_exp1_k5bb_0dpi_r01,lazazzara2018_cmp048,16167.0,area_de_pico
lazazzara2018_exp1_k5bb_0dpi_r02,lazazzara2018_cmp048,8926.473153366,area_de_pico
lazazzara2018_exp1_k5bb_0dpi_r03,lazazzara2018_cmp048,11516.3239949073,area_de_pico
lazazzara2018_exp1_k5bb_0dpi_r04,lazazzara2018_cmp048,4439.2934271964,area_de_pico
lazazzara2018_exp1_k5bb_0dpi_r05,lazazzara2018_cmp048,10159.204235816,area_de_pico
lazazzara2018_exp2_k5bb_0dpi_r01,lazazzara2018_cmp048,5881.8275044,area_de_pico
lazazzara2018_exp2_k5bb_0dpi_r02,lazazzara2018_cmp048,43444.2985393,area_de_pico
lazazzara2018_exp2_k5bb_0dpi_r03,lazazzara2018_cmp048,16478.458745334,area_de_pico
lazazzara2018_exp2_k5bb_0dpi_r04,lazazzara2018_cmp048,80045.011999868,area_de_pico
lazazzara2018_exp2_k5bb_0dpi_r05,lazazzara2018_cmp048,43245.35984635,area_de_pico
lazazzara2018_exp1_k5bb_6dpi_r01,lazazzara2018_cmp048,24738.0679346485,area_de_pico
lazazzara2018_exp1_k5bb_6dpi_r02,lazazzara2018_cmp048,40770.2309172616,area_de_pico
lazazzara2018_exp1_k5bb_6dpi_r04,lazazzara2018_cmp048,49666.3713058223,area_de_pico
lazazzara2018_exp2_k5bb_6dpi_r01,lazazzara2018_cmp048,358641.271761496,area_de_pico
lazazzara2018_exp2_k5bb_6dpi_r02,lazazzara2018_cmp048,498033.193425944,area_de_pico
lazazzara2018_exp2_k5bb_6dpi_r03,lazazzara2018_cmp048,123123.757394932,area_de_pico
lazazzara2018_exp2_k5bb_6dpi_r04,lazazzara2018_cmp048,179610.225129398,area_de_pico
lazazzara2018_exp2_k5bb_6dpi_r05,lazazzara2018_cmp048,73947.528009388,area_de_pico
lazazzara2018_exp1_so4_0dpi_r01,lazazzara2018_cmp048,5744.396454867,area_de_pico
lazazzara2018_exp1_so4_0dpi_r02,lazazzara2018_cmp048,20592.2564893344,area_de_pico
lazazzara2018_exp1_so4_0dpi_r03,lazazzara2018_cmp048,25114.239945716,area_de_pico
lazazzara2018_exp1_so4_0dpi_r04,lazazzara2018_cmp048,19562.307605818,area_de_pico
lazazzara2018_exp1_so4_0dpi_r05,lazazzara2018_cmp048,9008.837548951,area_de_pico
lazazzara2018_exp2_so4_0dpi_r01,lazazzara2018_cmp048,28470.946303029,area_de_pico
lazazzara2018_exp2_so4_0dpi_r02,lazazzara2018_cmp048,51639.39078882,area_de_pico
lazazzara2018_exp2_so4_0dpi_r03,lazazzara2018_cmp048,33175.978592785,area_de_pico
lazazzara2018_exp2_so4_0dpi_r04,lazazzara2018_cmp048,32467.160147988,area_de_pico
lazazzara2018_exp2_so4_0dpi_r05,lazazzara2018_cmp048,13510.04194225,area_de_pico
lazazzara2018_exp1_so4_6dpi_r01,lazazzara2018_cmp048,71656.6495334928,area_de_pico
lazazzara2018_exp1_so4_6dpi_r02,lazazzara2018_cmp048,34901.4921521005,area_de_pico
lazazzara2018_exp1_so4_6dpi_r03,lazazzara2018_cmp048,26371.6341846742,area_de_pico
lazazzara2018_exp1_so4_6dpi_r04,lazazzara2018_cmp048,101961.92897198,area_de_pico
lazazzara2018_exp1_so4_6dpi_r05,lazazzara2018_cmp048,31108.3672653313,area_de_pico
lazazzara2018_exp2_so4_6dpi_r01,lazazzara2018_cmp048,34170.830984,area_de_pico
lazazzara2018_exp2_so4_6dpi_r02,lazazzara2018_cmp048,27788.37944292,area_de_pico
lazazzara2018_exp2_so4_6dpi_r03,lazazzara2018_cmp048,20966.38047061,area_de_pico
lazazzara2018_exp2_so4_6dpi_r04,lazazzara2018_cmp048,55641.105587584,area_de_pico
lazazzara2018_exp2_so4_6dpi_r05,lazazzara2018_cmp048,15288.12849709,area_de_pico
lazazzara2018_exp1_solaris_0dpi_r01,lazazzara2018_cmp048,13390.278748885,area_de_pico
lazazzara2018_exp1_solaris_0dpi_r02,lazazzara2018_cmp048,159712.20165703,area_de_pico
lazazzara2018_exp1_solaris_0dpi_r03,lazazzara2018_cmp048,5148.917617578,area_de_pico
lazazzara2018_exp1_solaris_0dpi_r04,lazazzara2018_cmp048,6827.878823424,area_de_pico
lazazzara2018_exp1_solaris_0dpi_r05,lazazzara2018_cmp048,4005.656534206,area_de_pico
lazazzara2018_exp2_solaris_0dpi_r01,lazazzara2018_cmp048,14932.971296728,area_de_pico
lazazzara2018_exp2_solaris_0dpi_r02,lazazzara2018_cmp048,10720.059562258,area_de_pico
lazazzara2018_exp2_solaris_0dpi_r03,lazazzara2018_cmp048,18668.180010816,area_de_pico
lazazzara2018_exp2_solaris_0dpi_r04,lazazzara2018_cmp048,41439.773905809,area_de_pico
lazazzara2018_exp2_solaris_0dpi_r05,lazazzara2018_cmp048,39522.851729876,area_de_pico
lazazzara2018_exp1_solaris_6dpi_r01,lazazzara2018_cmp048,92841.8650667379,area_de_pico
lazazzara2018_exp1_solaris_6dpi_r02,lazazzara2018_cmp048,135881.093912649,area_de_pico
lazazzara2018_exp1_solaris_6dpi_r03,lazazzara2018_cmp048,448554.408936635,area_de_pico
lazazzara2018_exp1_solaris_6dpi_r04,lazazzara2018_cmp048,167085.097219123,area_de_pico
lazazzara2018_exp1_solaris_6dpi_r05,lazazzara2018_cmp048,648298.370513689,area_de_pico
lazazzara2018_exp2_solaris_6dpi_r01,lazazzara2018_cmp048,119836.918493316,area_de_pico
lazazzara2018_exp2_solaris_6dpi_r02,lazazzara2018_cmp048,116526.831594154,area_de_pico
lazazzara2018_exp2_solaris_6dpi_r03,lazazzara2018_cmp048,77879.97015372,area_de_pico
lazazzara2018_exp2_solaris_6dpi_r04,lazazzara2018_cmp048,147581.96273916,area_de_pico
lazazzara2018_exp2_solaris_6dpi_r05,lazazzara2018_cmp048,233460.807056286,area_de_pico
lazazzara2018_exp1_pinotnoir_0dpi_r01,lazazzara2018_cmp049,2877.064297472,area_de_pico
lazazzara2018_exp1_pinotnoir_0dpi_r02,lazazzara2018_cmp049,21486.68936724,area_de_pico
lazazzara2018_exp1_pinotnoir_0dpi_r03,lazazzara2018_cmp049,12162.0,area_de_pico
lazazzara2018_exp1_pinotnoir_0dpi_r04,lazazzara2018_cmp049,3614.0,area_de_pico
lazazzara2018_exp1_pinotnoir_0dpi_r05,lazazzara2018_cmp049,5959.0,area_de_pico
lazazzara2018_exp2_pinotnoir_0dpi_r01,lazazzara2018_cmp049,4223.932668034,area_de_pico
lazazzara2018_exp2_pinotnoir_0dpi_r02,lazazzara2018_cmp049,3236.978756026,area_de_pico
lazazzara2018_exp2_pinotnoir_0dpi_r03,lazazzara2018_cmp049,6621.503284604,area_de_pico
lazazzara2018_exp2_pinotnoir_0dpi_r04,lazazzara2018_cmp049,5018.799267557,area_de_pico
lazazzara2018_exp2_pinotnoir_0dpi_r05,lazazzara2018_cmp049,5323.070518469,area_de_pico
lazazzara2018_exp1_pinotnoir_6dpi_r01,lazazzara2018_cmp049,71500.57310043,area_de_pico
lazazzara2018_exp1_pinotnoir_6dpi_r02,lazazzara2018_cmp049,3514.0,area_de_pico
lazazzara2018_exp1_pinotnoir_6dpi_r03,lazazzara2018_cmp049,5086.0,area_de_pico
lazazzara2018_exp1_pinotnoir_6dpi_r04,lazazzara2018_cmp049,72528.4659678,area_de_pico
lazazzara2018_exp1_pinotnoir_6dpi_r05,lazazzara2018_cmp049,27311.61582452,area_de_pico
lazazzara2018_exp2_pinotnoir_6dpi_r01,lazazzara2018_cmp049,10284.720946684,area_de_pico
lazazzara2018_exp2_pinotnoir_6dpi_r02,lazazzara2018_cmp049,10092.402150326,area_de_pico
lazazzara2018_exp2_pinotnoir_6dpi_r03,lazazzara2018_cmp049,9531.126203388,area_de_pico
lazazzara2018_exp2_pinotnoir_6dpi_r04,lazazzara2018_cmp049,4259.282831937,area_de_pico
lazazzara2018_exp2_pinotnoir_6dpi_r05,lazazzara2018_cmp049,0.0,area_de_pico
lazazzara2018_exp1_bc4_0dpi_r01,lazazzara2018_cmp049,117378.82854394,area_de_pico
lazazzara2018_exp1_bc4_0dpi_r02,lazazzara2018_cmp049,6690.0,area_de_pico
lazazzara2018_exp1_bc4_0dpi_r03,lazazzara2018_cmp049,12670.59839364,area_de_pico
lazazzara2018_exp1_bc4_0dpi_r04,lazazzara2018_cmp049,1921.0,area_de_pico
lazazzara2018_exp1_bc4_0dpi_r05,lazazzara2018_cmp049,40964.67843831,area_de_pico
lazazzara2018_exp2_bc4_0dpi_r01,lazazzara2018_cmp049,39320.227033,area_de_pico
lazazzara2018_exp2_bc4_0dpi_r02,lazazzara2018_cmp049,86226.853721231,area_de_pico
lazazzara2018_exp2_bc4_0dpi_r03,lazazzara2018_cmp049,16722.77920844,area_de_pico
lazazzara2018_exp2_bc4_0dpi_r04,lazazzara2018_cmp049,22957.955085925,area_de_pico
lazazzara2018_exp2_bc4_0dpi_r05,lazazzara2018_cmp049,89194.93806033,area_de_pico
lazazzara2018_exp1_bc4_6dpi_r01,lazazzara2018_cmp049,930195.511871702,area_de_pico
lazazzara2018_exp1_bc4_6dpi_r02,lazazzara2018_cmp049,1640535.31277167,area_de_pico
lazazzara2018_exp1_bc4_6dpi_r03,lazazzara2018_cmp049,975804.239753068,area_de_pico
lazazzara2018_exp1_bc4_6dpi_r04,lazazzara2018_cmp049,6774113.34738531,area_de_pico
lazazzara2018_exp1_bc4_6dpi_r05,lazazzara2018_cmp049,559695.89781902,area_de_pico
lazazzara2018_exp2_bc4_6dpi_r01,lazazzara2018_cmp049,57604.863584464,area_de_pico
lazazzara2018_exp2_bc4_6dpi_r02,lazazzara2018_cmp049,430089.470315889,area_de_pico
lazazzara2018_exp2_bc4_6dpi_r03,lazazzara2018_cmp049,259895.886895836,area_de_pico
lazazzara2018_exp2_bc4_6dpi_r04,lazazzara2018_cmp049,189437.18339819,area_de_pico
lazazzara2018_exp2_bc4_6dpi_r05,lazazzara2018_cmp049,284347.107402446,area_de_pico
lazazzara2018_exp1_k5bb_0dpi_r01,lazazzara2018_cmp049,120765.3269888,area_de_pico
lazazzara2018_exp1_k5bb_0dpi_r02,lazazzara2018_cmp049,8522.0,area_de_pico
lazazzara2018_exp1_k5bb_0dpi_r03,lazazzara2018_cmp049,77610.5813301,area_de_pico
lazazzara2018_exp1_k5bb_0dpi_r04,lazazzara2018_cmp049,74962.413721382,area_de_pico
lazazzara2018_exp1_k5bb_0dpi_r05,lazazzara2018_cmp049,5779.824669212,area_de_pico
lazazzara2018_exp2_k5bb_0dpi_r01,lazazzara2018_cmp049,41587.865795837,area_de_pico
lazazzara2018_exp2_k5bb_0dpi_r02,lazazzara2018_cmp049,21474.37971539,area_de_pico
lazazzara2018_exp2_k5bb_0dpi_r03,lazazzara2018_cmp049,3897.603334526,area_de_pico
lazazzara2018_exp2_k5bb_0dpi_r04,lazazzara2018_cmp049,52869.952774458,area_de_pico
lazazzara2018_exp2_k5bb_0dpi_r05,lazazzara2018_cmp049,13507.697394547,area_de_pico
lazazzara2018_exp1_k5bb_6dpi_r01,lazazzara2018_cmp049,186469.389206,area_de_pico
lazazzara2018_exp1_k5bb_6dpi_r02,lazazzara2018_cmp049,149178.35717871,area_de_pico
lazazzara2018_exp1_k5bb_6dpi_r04,lazazzara2018_cmp049,420502.06854865,area_de_pico
lazazzara2018_exp2_k5bb_6dpi_r01,lazazzara2018_cmp049,401306.625169038,area_de_pico
lazazzara2018_exp2_k5bb_6dpi_r02,lazazzara2018_cmp049,533751.29337516,area_de_pico
lazazzara2018_exp2_k5bb_6dpi_r03,lazazzara2018_cmp049,116864.176641538,area_de_pico
lazazzara2018_exp2_k5bb_6dpi_r04,lazazzara2018_cmp049,192053.7701387,area_de_pico
lazazzara2018_exp2_k5bb_6dpi_r05,lazazzara2018_cmp049,64506.59921662,area_de_pico
lazazzara2018_exp1_so4_0dpi_r01,lazazzara2018_cmp049,3374.0,area_de_pico
lazazzara2018_exp1_so4_0dpi_r02,lazazzara2018_cmp049,144493.05066495,area_de_pico
lazazzara2018_exp1_so4_0dpi_r03,lazazzara2018_cmp049,80085.35108277,area_de_pico
lazazzara2018_exp1_so4_0dpi_r04,lazazzara2018_cmp049,79624.998775128,area_de_pico
lazazzara2018_exp1_so4_0dpi_r05,lazazzara2018_cmp049,4597.0,area_de_pico
lazazzara2018_exp2_so4_0dpi_r01,lazazzara2018_cmp049,14359.490406189,area_de_pico
lazazzara2018_exp2_so4_0dpi_r02,lazazzara2018_cmp049,22196.04381177,area_de_pico
lazazzara2018_exp2_so4_0dpi_r03,lazazzara2018_cmp049,18626.703535169,area_de_pico
lazazzara2018_exp2_so4_0dpi_r04,lazazzara2018_cmp049,19957.240060401,area_de_pico
lazazzara2018_exp2_so4_0dpi_r05,lazazzara2018_cmp049,1949.968878342,area_de_pico
lazazzara2018_exp1_so4_6dpi_r01,lazazzara2018_cmp049,387971.46997012,area_de_pico
lazazzara2018_exp1_so4_6dpi_r02,lazazzara2018_cmp049,294492.95578733,area_de_pico
lazazzara2018_exp1_so4_6dpi_r03,lazazzara2018_cmp049,179520.028852433,area_de_pico
lazazzara2018_exp1_so4_6dpi_r04,lazazzara2018_cmp049,600022.5712007,area_de_pico
lazazzara2018_exp1_so4_6dpi_r05,lazazzara2018_cmp049,141709.35859432,area_de_pico
lazazzara2018_exp2_so4_6dpi_r01,lazazzara2018_cmp049,30325.202701992,area_de_pico
lazazzara2018_exp2_so4_6dpi_r02,lazazzara2018_cmp049,20150.435540285,area_de_pico
lazazzara2018_exp2_so4_6dpi_r03,lazazzara2018_cmp049,20307.047998904,area_de_pico
lazazzara2018_exp2_so4_6dpi_r04,lazazzara2018_cmp049,45307.560343536,area_de_pico
lazazzara2018_exp2_so4_6dpi_r05,lazazzara2018_cmp049,14680.19929493,area_de_pico
lazazzara2018_exp1_solaris_0dpi_r01,lazazzara2018_cmp049,3115.344149761,area_de_pico
lazazzara2018_exp1_solaris_0dpi_r02,lazazzara2018_cmp049,1122138.17115107,area_de_pico
lazazzara2018_exp1_solaris_0dpi_r03,lazazzara2018_cmp049,2581.0,area_de_pico
lazazzara2018_exp1_solaris_0dpi_r04,lazazzara2018_cmp049,2219.98868696,area_de_pico
lazazzara2018_exp1_solaris_0dpi_r05,lazazzara2018_cmp049,1906.0,area_de_pico
lazazzara2018_exp2_solaris_0dpi_r01,lazazzara2018_cmp049,3790.1312921662,area_de_pico
lazazzara2018_exp2_solaris_0dpi_r02,lazazzara2018_cmp049,10153.2318154981,area_de_pico
lazazzara2018_exp2_solaris_0dpi_r03,lazazzara2018_cmp049,6182.591110767,area_de_pico
lazazzara2018_exp2_solaris_0dpi_r04,lazazzara2018_cmp049,10871.716624764,area_de_pico
lazazzara2018_exp2_solaris_0dpi_r05,lazazzara2018_cmp049,8400.8499329872,area_de_pico
lazazzara2018_exp1_solaris_6dpi_r01,lazazzara2018_cmp049,838547.01888058,area_de_pico
lazazzara2018_exp1_solaris_6dpi_r02,lazazzara2018_cmp049,1112360.8025331,area_de_pico
lazazzara2018_exp1_solaris_6dpi_r03,lazazzara2018_cmp049,4039431.06120671,area_de_pico
lazazzara2018_exp1_solaris_6dpi_r04,lazazzara2018_cmp049,1317917.37301684,area_de_pico
lazazzara2018_exp1_solaris_6dpi_r05,lazazzara2018_cmp049,5720666.69131636,area_de_pico
lazazzara2018_exp2_solaris_6dpi_r01,lazazzara2018_cmp049,101348.465374278,area_de_pico
lazazzara2018_exp2_solaris_6dpi_r02,lazazzara2018_cmp049,76307.222053794,area_de_pico
lazazzara2018_exp2_solaris_6dpi_r03,lazazzara2018_cmp049,62002.794805084,area_de_pico
lazazzara2018_exp2_solaris_6dpi_r04,lazazzara2018_cmp049,127632.130640702,area_de_pico
lazazzara2018_exp2_solaris_6dpi_r05,lazazzara2018_cmp049,227627.956620447,area_de_pico
lazazzara2018_exp1_pinotnoir_0dpi_r01,lazazzara2018_cmp050,615974.92986912,area_de_pico
lazazzara2018_exp1_pinotnoir_0dpi_r02,lazazzara2018_cmp050,383501.63193994,area_de_pico
lazazzara2018_exp1_pinotnoir_0dpi_r03,lazazzara2018_cmp050,537975.11166601,area_de_pico
lazazzara2018_exp1_pinotnoir_0dpi_r04,lazazzara2018_cmp050,500354.1560994,area_de_pico
lazazzara2018_exp1_pinotnoir_0dpi_r05,lazazzara2018_cmp050,523790.71884215,area_de_pico
lazazzara2018_exp2_pinotnoir_0dpi_r01,lazazzara2018_cmp050,1235535.12989771,area_de_pico
lazazzara2018_exp2_pinotnoir_0dpi_r02,lazazzara2018_cmp050,1040365.19023164,area_de_pico
lazazzara2018_exp2_pinotnoir_0dpi_r03,lazazzara2018_cmp050,1140197.99342927,area_de_pico
lazazzara2018_exp2_pinotnoir_0dpi_r04,lazazzara2018_cmp050,1566135.24170881,area_de_pico
lazazzara2018_exp2_pinotnoir_0dpi_r05,lazazzara2018_cmp050,1270755.13818056,area_de_pico
lazazzara2018_exp1_pinotnoir_6dpi_r01,lazazzara2018_cmp050,449888.08205226,area_de_pico
lazazzara2018_exp1_pinotnoir_6dpi_r02,lazazzara2018_cmp050,529009.07436752,area_de_pico
lazazzara2018_exp1_pinotnoir_6dpi_r03,lazazzara2018_cmp050,492427.68737406,area_de_pico
lazazzara2018_exp1_pinotnoir_6dpi_r04,lazazzara2018_cmp050,531417.0870454,area_de_pico
lazazzara2018_exp1_pinotnoir_6dpi_r05,lazazzara2018_cmp050,465534.93965208,area_de_pico
lazazzara2018_exp2_pinotnoir_6dpi_r01,lazazzara2018_cmp050,1351312.72065411,area_de_pico
lazazzara2018_exp2_pinotnoir_6dpi_r02,lazazzara2018_cmp050,1323263.00522656,area_de_pico
lazazzara2018_exp2_pinotnoir_6dpi_r03,lazazzara2018_cmp050,1192559.03990182,area_de_pico
lazazzara2018_exp2_pinotnoir_6dpi_r04,lazazzara2018_cmp050,1277283.42960573,area_de_pico
lazazzara2018_exp2_pinotnoir_6dpi_r05,lazazzara2018_cmp050,1195030.16588242,area_de_pico
lazazzara2018_exp1_bc4_0dpi_r01,lazazzara2018_cmp050,604654.98849412,area_de_pico
lazazzara2018_exp1_bc4_0dpi_r02,lazazzara2018_cmp050,495390.43897284,area_de_pico
lazazzara2018_exp1_bc4_0dpi_r03,lazazzara2018_cmp050,637123.87011431,area_de_pico
lazazzara2018_exp1_bc4_0dpi_r04,lazazzara2018_cmp050,503004.05709786,area_de_pico
lazazzara2018_exp1_bc4_0dpi_r05,lazazzara2018_cmp050,466558.37591546,area_de_pico
lazazzara2018_exp2_bc4_0dpi_r01,lazazzara2018_cmp050,1156746.39620931,area_de_pico
lazazzara2018_exp2_bc4_0dpi_r02,lazazzara2018_cmp050,1268970.75163258,area_de_pico
lazazzara2018_exp2_bc4_0dpi_r03,lazazzara2018_cmp050,1199825.73969552,area_de_pico
lazazzara2018_exp2_bc4_0dpi_r04,lazazzara2018_cmp050,1651750.29298962,area_de_pico
lazazzara2018_exp2_bc4_0dpi_r05,lazazzara2018_cmp050,1375724.63144672,area_de_pico
lazazzara2018_exp1_bc4_6dpi_r01,lazazzara2018_cmp050,558744.73059867,area_de_pico
lazazzara2018_exp1_bc4_6dpi_r02,lazazzara2018_cmp050,581365.52384822,area_de_pico
lazazzara2018_exp1_bc4_6dpi_r03,lazazzara2018_cmp050,386269.9396736,area_de_pico
lazazzara2018_exp1_bc4_6dpi_r04,lazazzara2018_cmp050,720836.90327166,area_de_pico
lazazzara2018_exp1_bc4_6dpi_r05,lazazzara2018_cmp050,393801.66100625,area_de_pico
lazazzara2018_exp2_bc4_6dpi_r01,lazazzara2018_cmp050,1480856.3687779,area_de_pico
lazazzara2018_exp2_bc4_6dpi_r02,lazazzara2018_cmp050,1476970.1803457,area_de_pico
lazazzara2018_exp2_bc4_6dpi_r03,lazazzara2018_cmp050,1074907.35163799,area_de_pico
lazazzara2018_exp2_bc4_6dpi_r04,lazazzara2018_cmp050,1239547.27467163,area_de_pico
lazazzara2018_exp2_bc4_6dpi_r05,lazazzara2018_cmp050,1082078.76255616,area_de_pico
lazazzara2018_exp1_k5bb_0dpi_r01,lazazzara2018_cmp050,440729.33471348,area_de_pico
lazazzara2018_exp1_k5bb_0dpi_r02,lazazzara2018_cmp050,528979.57456689,area_de_pico
lazazzara2018_exp1_k5bb_0dpi_r03,lazazzara2018_cmp050,597811.87882425,area_de_pico
lazazzara2018_exp1_k5bb_0dpi_r04,lazazzara2018_cmp050,539070.14152229,area_de_pico
lazazzara2018_exp1_k5bb_0dpi_r05,lazazzara2018_cmp050,658929.61925683,area_de_pico
lazazzara2018_exp2_k5bb_0dpi_r01,lazazzara2018_cmp050,1115291.77640586,area_de_pico
lazazzara2018_exp2_k5bb_0dpi_r02,lazazzara2018_cmp050,1381129.31273506,area_de_pico
lazazzara2018_exp2_k5bb_0dpi_r03,lazazzara2018_cmp050,1378774.82141459,area_de_pico
lazazzara2018_exp2_k5bb_0dpi_r04,lazazzara2018_cmp050,1348252.4074985,area_de_pico
lazazzara2018_exp2_k5bb_0dpi_r05,lazazzara2018_cmp050,1282079.82607036,area_de_pico
lazazzara2018_exp1_k5bb_6dpi_r01,lazazzara2018_cmp050,571036.80910585,area_de_pico
lazazzara2018_exp1_k5bb_6dpi_r02,lazazzara2018_cmp050,509667.25436765,area_de_pico
lazazzara2018_exp1_k5bb_6dpi_r04,lazazzara2018_cmp050,516537.99079422,area_de_pico
lazazzara2018_exp2_k5bb_6dpi_r01,lazazzara2018_cmp050,1423299.86977528,area_de_pico
lazazzara2018_exp2_k5bb_6dpi_r02,lazazzara2018_cmp050,1426824.95859338,area_de_pico
lazazzara2018_exp2_k5bb_6dpi_r03,lazazzara2018_cmp050,1323892.74860452,area_de_pico
lazazzara2018_exp2_k5bb_6dpi_r04,lazazzara2018_cmp050,1387178.32052772,area_de_pico
lazazzara2018_exp2_k5bb_6dpi_r05,lazazzara2018_cmp050,1243372.32513584,area_de_pico
lazazzara2018_exp1_so4_0dpi_r01,lazazzara2018_cmp050,444094.50406261,area_de_pico
lazazzara2018_exp1_so4_0dpi_r02,lazazzara2018_cmp050,529469.89672763,area_de_pico
lazazzara2018_exp1_so4_0dpi_r03,lazazzara2018_cmp050,561562.42547297,area_de_pico
lazazzara2018_exp1_so4_0dpi_r04,lazazzara2018_cmp050,507597.40267257,area_de_pico
lazazzara2018_exp1_so4_0dpi_r05,lazazzara2018_cmp050,574870.28202491,area_de_pico
lazazzara2018_exp2_so4_0dpi_r01,lazazzara2018_cmp050,1205470.41225039,area_de_pico
lazazzara2018_exp2_so4_0dpi_r02,lazazzara2018_cmp050,1528569.93408156,area_de_pico
lazazzara2018_exp2_so4_0dpi_r03,lazazzara2018_cmp050,1474487.60031175,area_de_pico
lazazzara2018_exp2_so4_0dpi_r04,lazazzara2018_cmp050,1244837.84654133,area_de_pico
lazazzara2018_exp2_so4_0dpi_r05,lazazzara2018_cmp050,1279407.16088079,area_de_pico
lazazzara2018_exp1_so4_6dpi_r01,lazazzara2018_cmp050,550490.26251868,area_de_pico
lazazzara2018_exp1_so4_6dpi_r02,lazazzara2018_cmp050,738076.32458521,area_de_pico
lazazzara2018_exp1_so4_6dpi_r03,lazazzara2018_cmp050,591440.07162801,area_de_pico
lazazzara2018_exp1_so4_6dpi_r04,lazazzara2018_cmp050,646484.02028387,area_de_pico
lazazzara2018_exp1_so4_6dpi_r05,lazazzara2018_cmp050,463478.38609871,area_de_pico
lazazzara2018_exp2_so4_6dpi_r01,lazazzara2018_cmp050,1329522.79640446,area_de_pico
lazazzara2018_exp2_so4_6dpi_r02,lazazzara2018_cmp050,1173531.08775146,area_de_pico
lazazzara2018_exp2_so4_6dpi_r03,lazazzara2018_cmp050,1180145.0369323,area_de_pico
lazazzara2018_exp2_so4_6dpi_r04,lazazzara2018_cmp050,1233668.78721926,area_de_pico
lazazzara2018_exp2_so4_6dpi_r05,lazazzara2018_cmp050,1004643.96987758,area_de_pico
lazazzara2018_exp1_solaris_0dpi_r01,lazazzara2018_cmp050,532822.80075061,area_de_pico
lazazzara2018_exp1_solaris_0dpi_r02,lazazzara2018_cmp050,511051.7688077,area_de_pico
lazazzara2018_exp1_solaris_0dpi_r03,lazazzara2018_cmp050,470610.58287971,area_de_pico
lazazzara2018_exp1_solaris_0dpi_r04,lazazzara2018_cmp050,506868.68058761,area_de_pico
lazazzara2018_exp1_solaris_0dpi_r05,lazazzara2018_cmp050,421298.94057506,area_de_pico
lazazzara2018_exp2_solaris_0dpi_r01,lazazzara2018_cmp050,1533682.78826398,area_de_pico
lazazzara2018_exp2_solaris_0dpi_r02,lazazzara2018_cmp050,1128410.96325068,area_de_pico
lazazzara2018_exp2_solaris_0dpi_r03,lazazzara2018_cmp050,1042513.36880902,area_de_pico
lazazzara2018_exp2_solaris_0dpi_r04,lazazzara2018_cmp050,1396721.60847168,area_de_pico
lazazzara2018_exp2_solaris_0dpi_r05,lazazzara2018_cmp050,1205484.8025839,area_de_pico
lazazzara2018_exp1_solaris_6dpi_r01,lazazzara2018_cmp050,561558.75391342,area_de_pico
lazazzara2018_exp1_solaris_6dpi_r02,lazazzara2018_cmp050,449512.4855851,area_de_pico
lazazzara2018_exp1_solaris_6dpi_r03,lazazzara2018_cmp050,622180.90677895,area_de_pico
lazazzara2018_exp1_solaris_6dpi_r04,lazazzara2018_cmp050,540891.33385793,area_de_pico
lazazzara2018_exp1_solaris_6dpi_r05,lazazzara2018_cmp050,696174.64380103,area_de_pico
lazazzara2018_exp2_solaris_6dpi_r01,lazazzara2018_cmp050,1274583.89433695,area_de_pico
lazazzara2018_exp2_solaris_6dpi_r02,lazazzara2018_cmp050,1282551.84149897,area_de_pico
lazazzara2018_exp2_solaris_6dpi_r03,lazazzara2018_cmp050,1606640.90561601,area_de_pico
lazazzara2018_exp2_solaris_6dpi_r04,lazazzara2018_cmp050,1785300.53750457,area_de_pico
lazazzara2018_exp2_solaris_6dpi_r05,lazazzara2018_cmp050,1325840.06819899,area_de_pico
lazazzara2018_exp1_pinotnoir_0dpi_r01,lazazzara2018_cmp051,22152.96935512,area_de_pico
lazazzara2018_exp1_pinotnoir_0dpi_r02,lazazzara2018_cmp051,25048.69286198,area_de_pico
lazazzara2018_exp1_pinotnoir_0dpi_r03,lazazzara2018_cmp051,29017.85716299,area_de_pico
lazazzara2018_exp1_pinotnoir_0dpi_r04,lazazzara2018_cmp051,31667.64845214,area_de_pico
lazazzara2018_exp1_pinotnoir_0dpi_r05,lazazzara2018_cmp051,22498.068094297,area_de_pico
lazazzara2018_exp2_pinotnoir_0dpi_r01,lazazzara2018_cmp051,7018.605372016,area_de_pico
lazazzara2018_exp2_pinotnoir_0dpi_r02,lazazzara2018_cmp051,70117.0386046075,area_de_pico
lazazzara2018_exp2_pinotnoir_0dpi_r03,lazazzara2018_cmp051,7896.66108702,area_de_pico
lazazzara2018_exp2_pinotnoir_0dpi_r04,lazazzara2018_cmp051,7911.5654862,area_de_pico
lazazzara2018_exp2_pinotnoir_0dpi_r05,lazazzara2018_cmp051,7635.28376079,area_de_pico
lazazzara2018_exp1_pinotnoir_6dpi_r01,lazazzara2018_cmp051,33013.73975836,area_de_pico
lazazzara2018_exp1_pinotnoir_6dpi_r02,lazazzara2018_cmp051,18034.313142204,area_de_pico
lazazzara2018_exp1_pinotnoir_6dpi_r03,lazazzara2018_cmp051,21063.620916972,area_de_pico
lazazzara2018_exp1_pinotnoir_6dpi_r04,lazazzara2018_cmp051,27169.2499176,area_de_pico
lazazzara2018_exp1_pinotnoir_6dpi_r05,lazazzara2018_cmp051,21241.31453573,area_de_pico
lazazzara2018_exp2_pinotnoir_6dpi_r01,lazazzara2018_cmp051,6673.74952416,area_de_pico
lazazzara2018_exp2_pinotnoir_6dpi_r02,lazazzara2018_cmp051,6745.71733353,area_de_pico
lazazzara2018_exp2_pinotnoir_6dpi_r03,lazazzara2018_cmp051,7932.51851151,area_de_pico
lazazzara2018_exp2_pinotnoir_6dpi_r04,lazazzara2018_cmp051,8111.35454239,area_de_pico
lazazzara2018_exp2_pinotnoir_6dpi_r05,lazazzara2018_cmp051,7247.9015321524,area_de_pico
lazazzara2018_exp1_bc4_0dpi_r01,lazazzara2018_cmp051,22396.922336,area_de_pico
lazazzara2018_exp1_bc4_0dpi_r02,lazazzara2018_cmp051,35156.61135764,area_de_pico
lazazzara2018_exp1_bc4_0dpi_r03,lazazzara2018_cmp051,43759.568874739,area_de_pico
lazazzara2018_exp1_bc4_0dpi_r04,lazazzara2018_cmp051,16707.8147460456,area_de_pico
lazazzara2018_exp1_bc4_0dpi_r05,lazazzara2018_cmp051,20130.50653708,area_de_pico
lazazzara2018_exp2_bc4_0dpi_r01,lazazzara2018_cmp051,5985.05290245,area_de_pico
lazazzara2018_exp2_bc4_0dpi_r02,lazazzara2018_cmp051,7483.47923174,area_de_pico
lazazzara2018_exp2_bc4_0dpi_r03,lazazzara2018_cmp051,6394.40926801,area_de_pico
lazazzara2018_exp2_bc4_0dpi_r04,lazazzara2018_cmp051,6330.85179714,area_de_pico
lazazzara2018_exp2_bc4_0dpi_r05,lazazzara2018_cmp051,8047.39366829,area_de_pico
lazazzara2018_exp1_bc4_6dpi_r01,lazazzara2018_cmp051,29278.282979584,area_de_pico
lazazzara2018_exp1_bc4_6dpi_r02,lazazzara2018_cmp051,36307.073829855,area_de_pico
lazazzara2018_exp1_bc4_6dpi_r03,lazazzara2018_cmp051,33501.5019531344,area_de_pico
lazazzara2018_exp1_bc4_6dpi_r04,lazazzara2018_cmp051,44609.047196616,area_de_pico
lazazzara2018_exp1_bc4_6dpi_r05,lazazzara2018_cmp051,31481.373073254,area_de_pico
lazazzara2018_exp2_bc4_6dpi_r01,lazazzara2018_cmp051,9505.138348053,area_de_pico
lazazzara2018_exp2_bc4_6dpi_r02,lazazzara2018_cmp051,8033.6150978,area_de_pico
lazazzara2018_exp2_bc4_6dpi_r03,lazazzara2018_cmp051,79608.40328944,area_de_pico
lazazzara2018_exp2_bc4_6dpi_r04,lazazzara2018_cmp051,6790.04198267,area_de_pico
lazazzara2018_exp2_bc4_6dpi_r05,lazazzara2018_cmp051,94312.84323497,area_de_pico
lazazzara2018_exp1_k5bb_0dpi_r01,lazazzara2018_cmp051,58686.38031101,area_de_pico
lazazzara2018_exp1_k5bb_0dpi_r02,lazazzara2018_cmp051,35211.03878014,area_de_pico
lazazzara2018_exp1_k5bb_0dpi_r03,lazazzara2018_cmp051,23422.07907459,area_de_pico
lazazzara2018_exp1_k5bb_0dpi_r04,lazazzara2018_cmp051,60534.86088092,area_de_pico
lazazzara2018_exp1_k5bb_0dpi_r05,lazazzara2018_cmp051,39269.25243832,area_de_pico
lazazzara2018_exp2_k5bb_0dpi_r01,lazazzara2018_cmp051,78715.7763468719,area_de_pico
lazazzara2018_exp2_k5bb_0dpi_r02,lazazzara2018_cmp051,8779.4377111,area_de_pico
lazazzara2018_exp2_k5bb_0dpi_r03,lazazzara2018_cmp051,7972.35253439,area_de_pico
lazazzara2018_exp2_k5bb_0dpi_r04,lazazzara2018_cmp051,9727.74471721,area_de_pico
lazazzara2018_exp2_k5bb_0dpi_r05,lazazzara2018_cmp051,6975.55114879,area_de_pico
lazazzara2018_exp1_k5bb_6dpi_r01,lazazzara2018_cmp051,29768.76336,area_de_pico
lazazzara2018_exp1_k5bb_6dpi_r02,lazazzara2018_cmp051,49564.39825294,area_de_pico
lazazzara2018_exp1_k5bb_6dpi_r04,lazazzara2018_cmp051,67548.02702936,area_de_pico
lazazzara2018_exp2_k5bb_6dpi_r01,lazazzara2018_cmp051,12430.9788475264,area_de_pico
lazazzara2018_exp2_k5bb_6dpi_r02,lazazzara2018_cmp051,10628.85682347,area_de_pico
lazazzara2018_exp2_k5bb_6dpi_r03,lazazzara2018_cmp051,9879.1119983,area_de_pico
lazazzara2018_exp2_k5bb_6dpi_r04,lazazzara2018_cmp051,11217.5806695001,area_de_pico
lazazzara2018_exp2_k5bb_6dpi_r05,lazazzara2018_cmp051,7173.60047377,area_de_pico
lazazzara2018_exp1_so4_0dpi_r01,lazazzara2018_cmp051,36186.991739761,area_de_pico
lazazzara2018_exp1_so4_0dpi_r02,lazazzara2018_cmp051,40871.49527252,area_de_pico
lazazzara2018_exp1_so4_0dpi_r03,lazazzara2018_cmp051,20586.872958031,area_de_pico
lazazzara2018_exp1_so4_0dpi_r04,lazazzara2018_cmp051,41883.794878901,area_de_pico
lazazzara2018_exp1_so4_0dpi_r05,lazazzara2018_cmp051,21660.79616024,area_de_pico
lazazzara2018_exp2_so4_0dpi_r01,lazazzara2018_cmp051,8177.707490495,area_de_pico
lazazzara2018_exp2_so4_0dpi_r02,lazazzara2018_cmp051,10057.58178963,area_de_pico
lazazzara2018_exp2_so4_0dpi_r03,lazazzara2018_cmp051,7165.66497657,area_de_pico
lazazzara2018_exp2_so4_0dpi_r04,lazazzara2018_cmp051,8794.193435004,area_de_pico
lazazzara2018_exp2_so4_0dpi_r05,lazazzara2018_cmp051,7593.224797246,area_de_pico
lazazzara2018_exp1_so4_6dpi_r01,lazazzara2018_cmp051,35769.1310475,area_de_pico
lazazzara2018_exp1_so4_6dpi_r02,lazazzara2018_cmp051,35876.05248768,area_de_pico
lazazzara2018_exp1_so4_6dpi_r03,lazazzara2018_cmp051,38415.16471558,area_de_pico
lazazzara2018_exp1_so4_6dpi_r04,lazazzara2018_cmp051,38661.9076737,area_de_pico
lazazzara2018_exp1_so4_6dpi_r05,lazazzara2018_cmp051,63326.5720024,area_de_pico
lazazzara2018_exp2_so4_6dpi_r01,lazazzara2018_cmp051,9906.88880772,area_de_pico
lazazzara2018_exp2_so4_6dpi_r02,lazazzara2018_cmp051,7914.5395212,area_de_pico
lazazzara2018_exp2_so4_6dpi_r03,lazazzara2018_cmp051,7655.86686187,area_de_pico
lazazzara2018_exp2_so4_6dpi_r04,lazazzara2018_cmp051,7736.760754976,area_de_pico
lazazzara2018_exp2_so4_6dpi_r05,lazazzara2018_cmp051,7094.87489624,area_de_pico
lazazzara2018_exp1_solaris_0dpi_r01,lazazzara2018_cmp051,50005.50666315,area_de_pico
lazazzara2018_exp1_solaris_0dpi_r02,lazazzara2018_cmp051,64788.330731826,area_de_pico
lazazzara2018_exp1_solaris_0dpi_r03,lazazzara2018_cmp051,21671.990738234,area_de_pico
lazazzara2018_exp1_solaris_0dpi_r04,lazazzara2018_cmp051,35777.70547165,area_de_pico
lazazzara2018_exp1_solaris_0dpi_r05,lazazzara2018_cmp051,63235.706648125,area_de_pico
lazazzara2018_exp2_solaris_0dpi_r01,lazazzara2018_cmp051,7754.5055086,area_de_pico
lazazzara2018_exp2_solaris_0dpi_r02,lazazzara2018_cmp051,72050.44252158,area_de_pico
lazazzara2018_exp2_solaris_0dpi_r03,lazazzara2018_cmp051,69032.4456241836,area_de_pico
lazazzara2018_exp2_solaris_0dpi_r04,lazazzara2018_cmp051,7719.9759882,area_de_pico
lazazzara2018_exp2_solaris_0dpi_r05,lazazzara2018_cmp051,110706.88141157,area_de_pico
lazazzara2018_exp1_solaris_6dpi_r01,lazazzara2018_cmp051,42034.39680251,area_de_pico
lazazzara2018_exp1_solaris_6dpi_r02,lazazzara2018_cmp051,43560.623990561,area_de_pico
lazazzara2018_exp1_solaris_6dpi_r03,lazazzara2018_cmp051,53085.305792314,area_de_pico
lazazzara2018_exp1_solaris_6dpi_r04,lazazzara2018_cmp051,36158.7261386899,area_de_pico
lazazzara2018_exp1_solaris_6dpi_r05,lazazzara2018_cmp051,67878.4243527,area_de_pico
lazazzara2018_exp2_solaris_6dpi_r01,lazazzara2018_cmp051,7975.52414975,area_de_pico
lazazzara2018_exp2_solaris_6dpi_r02,lazazzara2018_cmp051,1775.98528488,area_de_pico
lazazzara2018_exp2_solaris_6dpi_r03,lazazzara2018_cmp051,9214.22207161,area_de_pico
lazazzara2018_exp2_solaris_6dpi_r04,lazazzara2018_cmp051,9993.07758469,area_de_pico
lazazzara2018_exp2_solaris_6dpi_r05,lazazzara2018_cmp051,9417.762195257,area_de_pico
lazazzara2018_exp1_pinotnoir_0dpi_r01,lazazzara2018_cmp052,0.0,area_de_pico
lazazzara2018_exp1_pinotnoir_0dpi_r02,lazazzara2018_cmp052,35997.9739,area_de_pico
lazazzara2018_exp1_pinotnoir_0dpi_r03,lazazzara2018_cmp052,48920.38211524,area_de_pico
lazazzara2018_exp1_pinotnoir_0dpi_r04,lazazzara2018_cmp052,86781.13368262,area_de_pico
lazazzara2018_exp1_pinotnoir_0dpi_r05,lazazzara2018_cmp052,27784.78700704,area_de_pico
lazazzara2018_exp2_pinotnoir_0dpi_r01,lazazzara2018_cmp052,149.39497612,area_de_pico
lazazzara2018_exp2_pinotnoir_0dpi_r02,lazazzara2018_cmp052,2768.46781824,area_de_pico
lazazzara2018_exp2_pinotnoir_0dpi_r03,lazazzara2018_cmp052,1336.55632785,area_de_pico
lazazzara2018_exp2_pinotnoir_0dpi_r04,lazazzara2018_cmp052,8330.08066362,area_de_pico
lazazzara2018_exp2_pinotnoir_0dpi_r05,lazazzara2018_cmp052,1353.2153072,area_de_pico
lazazzara2018_exp1_pinotnoir_6dpi_r01,lazazzara2018_cmp052,76718.083915186,area_de_pico
lazazzara2018_exp1_pinotnoir_6dpi_r02,lazazzara2018_cmp052,17793.65092672,area_de_pico
lazazzara2018_exp1_pinotnoir_6dpi_r03,lazazzara2018_cmp052,43868.435399312,area_de_pico
lazazzara2018_exp1_pinotnoir_6dpi_r04,lazazzara2018_cmp052,26218.830777475,area_de_pico
lazazzara2018_exp1_pinotnoir_6dpi_r05,lazazzara2018_cmp052,3906.780411474,area_de_pico
lazazzara2018_exp2_pinotnoir_6dpi_r01,lazazzara2018_cmp052,0.0,area_de_pico
lazazzara2018_exp2_pinotnoir_6dpi_r02,lazazzara2018_cmp052,0.0,area_de_pico
lazazzara2018_exp2_pinotnoir_6dpi_r03,lazazzara2018_cmp052,9214.70295096,area_de_pico
lazazzara2018_exp2_pinotnoir_6dpi_r04,lazazzara2018_cmp052,0.0,area_de_pico
lazazzara2018_exp2_pinotnoir_6dpi_r05,lazazzara2018_cmp052,0.0,area_de_pico
lazazzara2018_exp1_bc4_0dpi_r01,lazazzara2018_cmp052,147482.891489166,area_de_pico
lazazzara2018_exp1_bc4_0dpi_r02,lazazzara2018_cmp052,51529.912790928,area_de_pico
lazazzara2018_exp1_bc4_0dpi_r03,lazazzara2018_cmp052,27467.235366851,area_de_pico
lazazzara2018_exp1_bc4_0dpi_r04,lazazzara2018_cmp052,3659.767017388,area_de_pico
lazazzara2018_exp1_bc4_0dpi_r05,lazazzara2018_cmp052,49397.795248399,area_de_pico
lazazzara2018_exp2_bc4_0dpi_r01,lazazzara2018_cmp052,0.0,area_de_pico
lazazzara2018_exp2_bc4_0dpi_r02,lazazzara2018_cmp052,21354.10353225,area_de_pico
lazazzara2018_exp2_bc4_0dpi_r03,lazazzara2018_cmp052,0.0,area_de_pico
lazazzara2018_exp2_bc4_0dpi_r04,lazazzara2018_cmp052,422.73659484,area_de_pico
lazazzara2018_exp2_bc4_0dpi_r05,lazazzara2018_cmp052,1326.227030392,area_de_pico
lazazzara2018_exp1_bc4_6dpi_r01,lazazzara2018_cmp052,287661.973231126,area_de_pico
lazazzara2018_exp1_bc4_6dpi_r02,lazazzara2018_cmp052,495133.45652652,area_de_pico
lazazzara2018_exp1_bc4_6dpi_r03,lazazzara2018_cmp052,288434.155271928,area_de_pico
lazazzara2018_exp1_bc4_6dpi_r04,lazazzara2018_cmp052,1353540.48082739,area_de_pico
lazazzara2018_exp1_bc4_6dpi_r05,lazazzara2018_cmp052,175574.156658767,area_de_pico
lazazzara2018_exp2_bc4_6dpi_r01,lazazzara2018_cmp052,0.0,area_de_pico
lazazzara2018_exp2_bc4_6dpi_r02,lazazzara2018_cmp052,0.0,area_de_pico
lazazzara2018_exp2_bc4_6dpi_r03,lazazzara2018_cmp052,124953.18574392,area_de_pico
lazazzara2018_exp2_bc4_6dpi_r04,lazazzara2018_cmp052,0.0,area_de_pico
lazazzara2018_exp2_bc4_6dpi_r05,lazazzara2018_cmp052,131038.08308092,area_de_pico
lazazzara2018_exp1_k5bb_0dpi_r01,lazazzara2018_cmp052,104163.950352246,area_de_pico
lazazzara2018_exp1_k5bb_0dpi_r02,lazazzara2018_cmp052,45020.93855066,area_de_pico
lazazzara2018_exp1_k5bb_0dpi_r03,lazazzara2018_cmp052,23998.2933086,area_de_pico
lazazzara2018_exp1_k5bb_0dpi_r04,lazazzara2018_cmp052,80983.82277982,area_de_pico
lazazzara2018_exp1_k5bb_0dpi_r05,lazazzara2018_cmp052,44708.216418204,area_de_pico
lazazzara2018_exp2_k5bb_0dpi_r01,lazazzara2018_cmp052,27336.21796675,area_de_pico
lazazzara2018_exp2_k5bb_0dpi_r02,lazazzara2018_cmp052,7662.12314738,area_de_pico
lazazzara2018_exp2_k5bb_0dpi_r03,lazazzara2018_cmp052,727.322933931,area_de_pico
lazazzara2018_exp2_k5bb_0dpi_r04,lazazzara2018_cmp052,0.0,area_de_pico
lazazzara2018_exp2_k5bb_0dpi_r05,lazazzara2018_cmp052,2038.46550724,area_de_pico
lazazzara2018_exp1_k5bb_6dpi_r01,lazazzara2018_cmp052,68884.940639972,area_de_pico
lazazzara2018_exp1_k5bb_6dpi_r02,lazazzara2018_cmp052,54420.564349071,area_de_pico
lazazzara2018_exp1_k5bb_6dpi_r04,lazazzara2018_cmp052,144426.174709218,area_de_pico
lazazzara2018_exp2_k5bb_6dpi_r01,lazazzara2018_cmp052,121465.230549421,area_de_pico
lazazzara2018_exp2_k5bb_6dpi_r02,lazazzara2018_cmp052,134995.576738056,area_de_pico
lazazzara2018_exp2_k5bb_6dpi_r03,lazazzara2018_cmp052,0.0,area_de_pico
lazazzara2018_exp2_k5bb_6dpi_r04,lazazzara2018_cmp052,0.0,area_de_pico
lazazzara2018_exp2_k5bb_6dpi_r05,lazazzara2018_cmp052,0.0,area_de_pico
lazazzara2018_exp1_so4_0dpi_r01,lazazzara2018_cmp052,44962.719004657,area_de_pico
lazazzara2018_exp1_so4_0dpi_r02,lazazzara2018_cmp052,187718.872751592,area_de_pico
lazazzara2018_exp1_so4_0dpi_r03,lazazzara2018_cmp052,45455.76325101,area_de_pico
lazazzara2018_exp1_so4_0dpi_r04,lazazzara2018_cmp052,130029.40064926,area_de_pico
lazazzara2018_exp1_so4_0dpi_r05,lazazzara2018_cmp052,3990.62723085,area_de_pico
lazazzara2018_exp2_so4_0dpi_r01,lazazzara2018_cmp052,6059.28054036,area_de_pico
lazazzara2018_exp2_so4_0dpi_r02,lazazzara2018_cmp052,12009.65756507,area_de_pico
lazazzara2018_exp2_so4_0dpi_r03,lazazzara2018_cmp052,6331.26399944,area_de_pico
lazazzara2018_exp2_so4_0dpi_r04,lazazzara2018_cmp052,14045.93477941,area_de_pico
lazazzara2018_exp2_so4_0dpi_r05,lazazzara2018_cmp052,840.16322384,area_de_pico
lazazzara2018_exp1_so4_6dpi_r01,lazazzara2018_cmp052,170318.81694409,area_de_pico
lazazzara2018_exp1_so4_6dpi_r02,lazazzara2018_cmp052,118303.426924041,area_de_pico
lazazzara2018_exp1_so4_6dpi_r03,lazazzara2018_cmp052,75052.978023402,area_de_pico
lazazzara2018_exp1_so4_6dpi_r04,lazazzara2018_cmp052,217684.951697388,area_de_pico
lazazzara2018_exp1_so4_6dpi_r05,lazazzara2018_cmp052,120570.645347916,area_de_pico
lazazzara2018_exp2_so4_6dpi_r01,lazazzara2018_cmp052,14301.99613585,area_de_pico
lazazzara2018_exp2_so4_6dpi_r02,lazazzara2018_cmp052,0.0,area_de_pico
lazazzara2018_exp2_so4_6dpi_r03,lazazzara2018_cmp052,250.73441513,area_de_pico
lazazzara2018_exp2_so4_6dpi_r04,lazazzara2018_cmp052,5400.079295214,area_de_pico
lazazzara2018_exp2_so4_6dpi_r05,lazazzara2018_cmp052,9922.82744308,area_de_pico
lazazzara2018_exp1_solaris_0dpi_r01,lazazzara2018_cmp052,66859.32779984,area_de_pico
lazazzara2018_exp1_solaris_0dpi_r02,lazazzara2018_cmp052,284887.2642054,area_de_pico
lazazzara2018_exp1_solaris_0dpi_r03,lazazzara2018_cmp052,8029.1490822,area_de_pico
lazazzara2018_exp1_solaris_0dpi_r04,lazazzara2018_cmp052,114287.71013886,area_de_pico
lazazzara2018_exp1_solaris_0dpi_r05,lazazzara2018_cmp052,9022.8321887,area_de_pico
lazazzara2018_exp2_solaris_0dpi_r01,lazazzara2018_cmp052,0.0,area_de_pico
lazazzara2018_exp2_solaris_0dpi_r02,lazazzara2018_cmp052,9371.60789755,area_de_pico
lazazzara2018_exp2_solaris_0dpi_r03,lazazzara2018_cmp052,0.0,area_de_pico
lazazzara2018_exp2_solaris_0dpi_r04,lazazzara2018_cmp052,0.0,area_de_pico
lazazzara2018_exp2_solaris_0dpi_r05,lazazzara2018_cmp052,7637.07822557,area_de_pico
lazazzara2018_exp1_solaris_6dpi_r01,lazazzara2018_cmp052,390645.404275395,area_de_pico
lazazzara2018_exp1_solaris_6dpi_r02,lazazzara2018_cmp052,259338.017363156,area_de_pico
lazazzara2018_exp1_solaris_6dpi_r03,lazazzara2018_cmp052,707885.21692486,area_de_pico
lazazzara2018_exp1_solaris_6dpi_r04,lazazzara2018_cmp052,344718.44617108,area_de_pico
lazazzara2018_exp1_solaris_6dpi_r05,lazazzara2018_cmp052,933365.14377508,area_de_pico
lazazzara2018_exp2_solaris_6dpi_r01,lazazzara2018_cmp052,36053.487655893,area_de_pico
lazazzara2018_exp2_solaris_6dpi_r02,lazazzara2018_cmp052,30869.376344,area_de_pico
lazazzara2018_exp2_solaris_6dpi_r03,lazazzara2018_cmp052,173.97157968,area_de_pico
lazazzara2018_exp2_solaris_6dpi_r04,lazazzara2018_cmp052,16062.460493277,area_de_pico
lazazzara2018_exp2_solaris_6dpi_r05,lazazzara2018_cmp052,0.0,area_de_pico
